:0200000400A258
:108300006F004000930200007390023A9302000055
:108310007390123A930200007390223A9302000085
:108320007390323A930200007390927D97D2FDFFD2
:108330009382C27D13030500032E030023A0C20114
:10834000979200009382C22F938212007390523052
:10835000735000307350403097C100009381C14E7C
:1083600017D1FDFF1301019A97B2FDFF938282D9C5
:1083700017D3FDFF13030319638C6200B7B3BEEF7D
:108380009383E3DD23A0720093824200E3CC62FE7C
:108390009300000013020000130400009304000087
:1083A000130500009305000013060000930600006B
:1083B0001307000093070000130800009308000053
:1083C0001309000093090000130A0000930A00003B
:1083D000130B0000930B0000130C0000930C000023
:1083E000130D0000930D0000130E0000930E00000B
:1083F000130F0000930F000097D2FDFF93828210AD
:1084000017D3FDFF13038370638A62009303000098
:1084100023A0720093824200E3CC62FE6F00D0255D
:108420004015A3007CD3A2007CD3A2007CD3A20081
:108430007CD3A2007CD3A2007CD3A2007CD3A20078
:108440007CD3A2007CD3A2007CD3A2007CD3A20068
:1084500090D3A2007CD3A2007CD3A2007CD3A20044
:108460007CD3A2007CD3A2007CD3A2007CD3A20048
:108470007CD3A2007CD3A2007CD3A2007CD3A20038
:108480007CD3A2007CD3A20058CFA20058CFA20078
:1084900058CFA20058CFA20058CFA20058CFA200B8
:1084A00058CFA20058CFA20058CFA20058CFA200A8
:1084B00058CFA20058CFA20058CFA20058CFA20098
:1084C00058CFA20058CFA20058CFA20058CFA20088
:1084D00058CFA20058CFA20058CFA20058CFA20078
:1084E00058CFA20058CFA20058CFA20058CFA20068
:1084F00058CFA20058CFA20058CFA20058CFA20058
:1085000058CFA20058CFA20058CFA20058CFA20047
:1085100058CFA20058CFA20058CFA20058CFA20037
:1085200058CFA20058CFA20058CFA20058CFA20027
:1085300058CFA20058CFA20058CFA20058CFA20017
:0885400058CFA20058CFA200A1
:108550008280110422C0ED3FD24273901234825DBA
:10856000125DA25C325CC25B525BE25A725A86496F
:108570001649A6443644C64F564FE64E764E8658A8
:108580001658A6573657C6565656E65576558A4358
:108590001A43AA42BA40496173002030014739A00A
:1085A0001881380021202245B2451481B6883288CE
:1085B000AA872E8EDDEE63F1C512C166636AD61CF2
:1085C000B70600016365D63A13538601E14897C6A2
:1085D000000083A6A6A69A96942213030002B698DA
:1085E00033031341630C0300B3956500B3581501C1
:1085F0003318660033EEB800B3176500935E0801C8
:10860000335FDE0313160801418293D60701B37569
:10861000DE03B30FE6039BA6B62063FAF601C2960B
:108620009305FFFF63E4060163E5F6372E8FB385FC
:10863000F64133D5D50393960701C182B3F5D5032F
:108640003306A6029BA7B62063FAC700C29793061B
:10865000F5FF63E4070163EBC7323685918F1B2575
:10866000E521814511C7B3D767001CC3232207004A
:10867000828063F9D500630F071208C34CC301451C
:1086800081458280C16763EDF60EB707000163EA9A
:10869000F62C93D88601614897C7000083A7079AF4
:1086A000C69703C30700930E00024293B38E6E4039
:1086B00063950E1863E4B6006363C52E3306C540A8
:1086C0003335C500958D338EA540054581454DD385
:1086D00010C32322C701828001E6854633D8C60233
:1086E000C1666360D80CB70600016368D8261356CC
:1086F0008801E14897C6000083A64694B29690226E
:108700001303000246963303C3406318030A931E03
:108710000801B3860541135F080193DE0E0185450C
:1087200093D8070133DEE603B3F6E6033306DE0330
:108730009BA6D82063FAC600C2961305FEFF63E429
:10874000060163EBC6242A8E3386C6403355E60302
:1087500093960701C1823376E603B308D5039BA73E
:10876000C62063FA1701C2979306F5FF63E4070179
:1087700063EB17213685B38717411B25C521DDB56E
:108780009307F00F63F3D71E93D88600214829B7CB
:1087900032839306F00FE3FCC6E213538600A14830
:1087A0003DB542869306F00FE3F606F513568800B2
:1087B000A14889B781450145828033186800B3D844
:1087C000C500135F0801B3DFE803931E0801B395EA
:1087D00065003356C50093DE0E014D8E135E060113
:1087E000B3176500B3F8E803B385FE031B251E210C
:1087F000637BB50042959386FFFF6364051963723E
:10880000B518F91F42950D8DB358E503219E3375B8
:10881000E503B3861E039B25A62063FBD500C29506
:108820001386F8FF63EB051563F9D514F918C295A3
:10883000B386D5409BA5F821E5B533586600B396BD
:10884000D601B366D800B3D7650013DE0601B3DFE7
:10885000C7039398060193D8080133586500331F66
:10886000D501B395D501B365B80013D8050133160A
:10887000D601B3F7C7033385F8039B27F82063FBC2
:10888000A700B6971388FFFF63EBD70E63F9A70E17
:10889000F91FB697898F33D5C703A19DB3F7C703D7
:1088A000B388A8029BA5F52063FB1501B695930735
:1088B000F5FF63E2D50C63F0150D7915B695C1632C
:1088C0001B25F5219387F3FF3378F500135E05012F
:1088D000F18F935F0601B302FE02B3881541B30521
:1088E000F8033308F80296959B850561330EFE0365
:1088F00063F355001E9EC167FD17B3FFF500B37704
:10890000F8001B08BE609B87F72163ED08036389AD
:1089100008038145E30E07D4B307FF40333FFF0050
:10892000B3880841B388E84133936800B3D7D701CF
:10893000B367F300B3D8D8011CC323221701828088
:10894000E379FFFC3386C740B3B7C7003308D8408C
:108950003308F8407D15B2876DBF13560801C14832
:1089600051BB93D80601414805BB014835B31353A9
:108970000601C148A9B93E8599B7B28855BDC28FD5
:1089800011BFB68F49B57915C297F5B37915C2975E
:10899000F1B1791FC29661B9791EC29675B32A8664
:1089A00001452DB359CA93F7F50F1CA13307C50034
:1089B000A30FF7FEBB6126031CB13CA1230FF7FEFA
:1089C000A30EF7FEBB6D16073CB1230EF7FEA146C2
:1089D00063F5C606B307A0408D8B3307F5001D8EE7
:1089E00093F5F50F9F0701010101B385F502719A17
:1089F000B307C7000CC323AEB7FE63F0C6044CC375
:108A00000CC723AAB7FE23ACB7FE3B6C06194CC7B4
:108A10000CCB4CCB0CCF23A2B7FE23A4B7FE23A6CE
:108A2000B7FE23A8B7FE93774700E107BA97FD4644
:108A300032973306F74063E3C60082808CC3CCC311
:108A40008CC7CCC78CCBCCCB8CCFCCCF9387070239
:108A5000CDB7AA8713F7350019C36319061613F8A3
:108A600037003D47630E0818BB6A162094219841D1
:108A7000BB0778028D486305182394A394317516BB
:108A80008D0594B383C6F5FF8D07414EA38FD7FEA6
:108A900003A3150083A855004116131883001B2754
:108AA000E87003A8950098C3939688001317880070
:108AB0001B27177198C703A7D5009BA66670D4C360
:108AC000931687009BA60671D4C7C105C107E36151
:108AD000CEFC1377060151C39821C107C105238835
:108AE000E7FE03C715FFA388E7FE03C725FF238919
:108AF000E7FE03C735FFA389E7FE03C745FF238AC7
:108B0000E7FE03C755FFA38AE7FE03C765FF238B74
:108B1000E7FE03C775FFA38BE7FE03C785FF238C22
:108B2000E7FE03C795FFA38CE7FE03C7A5FF238DD0
:108B3000E7FE03C7B5FFA38DE7FE03C7C5FF238E7E
:108B4000E7FE03C7D5FFA38EE7FE03C7E5FF238F2C
:108B5000E7FE03C7F5FFA38FE7FE1377860031C357
:108B60009821A107A105238CE7FE03C795FFA38CDD
:108B7000E7FE03C7A5FF238DE7FE03C7B5FFA38D5F
:108B8000E7FE03C7C5FF238EE7FE03C7D5FFA38E0D
:108B9000E7FE03C7E5FF238FE7FE03C7F5FFA38FBB
:108BA000E7FE1377460059C3982191079105238E5C
:108BB000E7FE03C7D5FFA38EE7FE03C7E5FF238FBC
:108BC000E7FE03C7F5FFA38FE7FE8DA0850503C76A
:108BD000F5FF85077D16A38FE7FEADBD9441C10764
:108BE000C10523A8D7FE83A645FF411623AAD7FEB9
:108BF00083A685FF23ACD7FE83A6C5FF23AED7FE91
:108C0000E36EC7FC1377860011CB9841A107A1053D
:108C100023ACE7FE03A7C5FF23AEE7FE13774600AC
:108C200011C798419107910523AEE7FE13772600FF
:108C300011CB982189078905238FE7FE03C7F5FF2C
:108C4000A38FE7FE058A19C2982198A3828094A376
:108C500094317916890594B3454E890703A32500FD
:108C600083A865004116131803011B27E86003A8B9
:108C7000A50098C393960801131708011B271761D5
:108C800098C703A7E5009BA66660D4C393160701A7
:108C90009BA60661D4C7C105C107E361CEFC15BD23
:108CA00094A385057D168507494E03A3350083A847
:108CB00075004116131883011B27E85003A8B5005F
:108CC00098C393968801131788011B27175198C7DB
:108CD00003A7F5009BA66650D4C3931687019BA6F5
:108CE0000651D4C7C105C107E361CEFCDDB32A96A6
:108CF000630CC5001C2198216385E7003385E7409C
:108D0000828005058505EDB701458280AA8713F7A6
:108D100037001DE39F05FFFEFEFE1F06808080805A
:108D200094433387B60093C6F6FF758F718F01CFDA
:108D3000982309C78507EDBF982301E73385A7402E
:108D400082808507E9B79107E1BF2A882E87B2871D
:108D5000630FB502F956B306D602B388A540B388AF
:108D6000C84063E31601F5B1B3C6A5008D8A6378E8
:108D7000B504A1C6AA86B697638AF600050703461E
:108D8000F7FF8506A38FC6FEC5BF81E742873A85F8
:108D9000828005070346F7FF8506FD17A38FC6FEF1
:108DA00013F636007DF20D46E377F6FC0C43F1171F
:108DB000910623AEB6FE1107C5BFAA86D5B781EED0
:108DC0002A96B386F50093753600B387E64089EDA1
:108DD0008D4663E3F602DDDBFD17B306F700902254
:108DE000B306F80090A2C5BF7D16E301D7FA83C78A
:108DF000F6FFFD161CA2C1BFF1173306F7000C42A7
:108E00003306F8000CC2F1B71880EF309073B72723
:108E1000004011472398E71001A001A018802A867E
:108E2000D146D1451F050055A000EF70504A01C53D
:108E30003705008011051480188002951080F1BF5D
:108E4000370700401C473D89C19BC98F1CC78280E2
:108E5000B707E0FF3E956F30D026B2872E86BE85DD
:108E60006F305016B2872E86BE856F3070081F0592
:108E7000801EA3006F30207D588B02D602D802DA04
:108E8000373600408327862393D6370013D7270031
:108E9000858A058B638AE60013F7470011E7F99B83
:108EA00093E72700232CF62237370040832787409B
:108EB00093E787032324F740EF3050401D45EF1020
:108EC00050150145EF10101A9F0700C201003EDC4B
:108ED000930780103EDE9F0702010400BEC0EF1022
:108EE000804131462C180808AD3681450808EF301E
:108EF000505CEF30104A1F058C1EA300EF307055F8
:108F0000EF405059EF30A022EF30F0341F05A81E7B
:108F1000A300EF3010549F076E8EA200BEC29F07C1
:108F2000648EA200BEC49F075A8EA200BEC6C800AF
:108F30009F07508EA200BEC882CACD350D3F2AC6FB
:108F400063020520EF30B045B2451F05C41EA300E3
:108F5000EF305051EF30F043EF30903AEF30103DAA
:108F6000EF30404F01CD2AC6EF307043B2451F05A8
:108F7000F01EA300EF30104FEF30B041B737004084
:108F800083A7872393F6270013F787006382061CC5
:108F9000858B9305300391C3E1451306300311C35C
:108FA00061461F05041FA300EF30904DEF301029DC
:108FB000EF105019EF40006B2C181305100202D46B
:108FC000EF40305509E583478103638D071893050A
:108FD00050101F05381FA300EF30D0486C10130548
:108FE0000002EF40105319C9EF30703B1F05EC1F12
:108FF000A300EF301046EF30D03939354254B7076F
:10900000200093890710A29982C282C482C682C8B6
:10901000525903A78904B304F400938707303E94A0
:109020009F07E196783C2699631CF71C1F050820D2
:10903000A300EF3010429F058080A20026861945CC
:109040002123AA85630C05261F059020A300EF307D
:109050007041EF30D0341F05E421A300EF30703FA2
:10906000EF303033B707004088473D898D47637143
:10907000F5260505F133493B0145EF30504B0145DD
:10908000C13371468145C800313AC800EF40F01B3A
:1090900039C9A647A9CB94431F0733F37C4B63948C
:1090A000E604944713070010639FE602664705EF46
:1090B000F6461F072FBA458F6397E60283A647122D
:1090C0004647938606306310D70293D6C400BA94FD
:1090D000378700442320D780B180B1832320978233
:1090E000958F2320F784B7070040D85323A20702A7
:1090F0009F075A5A5A5A6312F704EF30502AEF105A
:10910000B0011F055421A300EF30B0342C180945DD
:1091100002DC02DE82C082C282C482C6EF40703F9F
:10912000AA84CC000545EF40D03E458D6303052061
:109130001F057021A300EF30D031EF10E07D2285B4
:10914000E539548B1F05DC1EA300EF30903029B5A4
:109150009305300311C3E1451F05201FA300EF3025
:109160007030A9B52810EF40203522559305C00670
:10917000D000EF40003EAA8509C51F05581FA30077
:10918000A1BD16479F07AA55AA55631AF7003A577B
:109190009F0755AA55AA6314F700AA5799E71F0518
:1091A000701FA300EF30F02A15BDEF30501F1F05D0
:1091B000881FA300EF30F029EF50102CB737008044
:1091C000938677043727A3006304D50293870704A7
:1091D0006300F50211CD130587F9EF3090271F05C5
:1091E000B41FA300EF30F026EF30B01A3139FDB3D1
:1091F000130587F9EF30F0251F05D01FA300DDB759
:10920000B367240193F7F70F89CFEF3050194A86DF
:10921000A6851F052020A300EF309026EF307017A1
:10922000E5361F053C20A300EF30B0229387C90428
:10923000BEC4F147BEC641468547CC000808230896
:10924000F104EFF01F810808EF00101F09CD2AC6B6
:10925000EF30F014B2451F055420A300EF309020EA
:10926000EF303013553641479386C9064A86A285AA
:109270000145EF00B02209CD2AC6EF305012B245A9
:109280001F056820A300EF30F01DEF309010AD3EB9
:1092900085463706A000CA850545EF009024E30CFB
:1092A00005D82AC6EF30B00FB2451F057C20A300B9
:1092B000EF30501BEF30F00D813EB5BBA285268507
:1092C0009521AA85E30A05DA1F05B020A30041B362
:1092D0009947E372F5DA0505A536C80082C2EF406A
:1092E000B046AA8519E1164519E51F05D020A3004F
:1092F000EF30501749B3EF500039AA8509C51F0553
:10930000EC20A300F5B7EF502045AA8509C51F053D
:109310000421A300F1BFEF50804BAA8509C51F05AA
:109320002421A300F1B71F054021A300EF307012E4
:1093300099B3B6452645EF30C058AA8511C51F051B
:109340009421A300EF301012F25706462645B705C8
:109350002000BE95EF300047AA8511C51F05B42136
:10936000A300EF3030101F05D421A300EF30700EA2
:10937000EF303002D9B3B726A3001387C62981473F
:109380009386C6293948834807006394A802834816
:1093900017006390B802DB97F60CDC43014563804D
:1093A000C70218801F051C22A300EF30900A7D55CC
:1093B000148085073107E39807FD8147C5B7828090
:1093C0001881FD5705469305F1001D45A307F100DF
:1093D000EF30E06501C91F056022A300EF30700780
:1093E0007D5514818347F1000145E5FF3705008075
:1093F0000905C5BF38812A84AE8411466C00194521
:1094000002C6EF30C06201C91F052C22A300EF3055
:1094100050047D553481B24701453D8C658C7DD823
:109420001F054C22A300E5B7488413090102AA8452
:1094300036842E8593060002B2854A8602C402C68F
:1094400002C802C002C202CA02CC02CEEF00F06122
:1094500009C91F054423A300EF30A07FFD573E85B7
:1094600044849307000226C422CA9384040213048E
:10947000040250088A8528003EC83EC03ECE26C65B
:109480004AC222CCEF00F05D814771D91F057423D9
:10949000A300D9B73881AA8441468A85054502C010
:1094A00002C202C402C6EF30805809C91F05E82174
:1094B000A300EF30007A7D54228534812A8441460E
:1094C000A6850A85EFF0BF8265D91F050822A30093
:1094D000CDB738813727A300B2849306C7292E84DD
:1094E00002C681471307C72939468C226394A50217
:1094F000DB17F70C88276C001146EF304053AA8722
:10950000B375940015C11F052C22A300EF306074C1
:109510007D5534818507B106E399C7FC0145E1BF5C
:109520001387F5FFF98D8507E5FD3246658E01EA63
:109530000145E3F0B7FE1F058422A300C1BF130756
:10954000F6FF798E8505E5B748806309061C930709
:1095500000F06305F61C32842E89AA849535B7077E
:10956000008089076315F5021F052C24A300EF3046
:10957000406EB935B70700808907631EF50E1F05D9
:109580009C25A300EF30E06C0144228544803B1809
:1095900005FF1F055C24A300EF30A06B1F04C0155E
:1095A00000801F058025A300EF30A06AF9BF91C499
:1095B0009387E4FF819FBBF807029F071455A00023
:1095C0009C43BB8507051F058824A300EF30606816
:1095D0001F04C1150080F1B7104081452685613B0D
:1095E00011C91F05B824A300EF30A0661F04C215DF
:1095F000008045BF9306040C1306000CA2854A8523
:10960000253511C91F05E024A300EF3080641F0435
:10961000C315008079B799CC10544C502685553D20
:1096200011C91F050C25A300EF30A0621F04C4154B
:10963000008085BF0C584854753B11C91F0538255B
:10964000A300EF3000611F04C515008099BF585872
:109650009F0712C8132AE31EF7F0130584031D3D6C
:10966000E30905F01F055C25A300EF30805E1F04B1
:10967000C61500803DB73B1705FF1F05CC25A3008D
:10968000EF30205D1F04C01500801F059C26A3003D
:1096900021BF032604108545268513090410E139EE
:1096A00011C91F05F825A300EF30A05A1F04C215E9
:1096B0000080E1BF9306042813060018CA8513052D
:1096C00004089D3311C91F052026A300EF30605800
:1096D0001F04C315008055BF8DC003264901832593
:1096E00009012685FD3311C91F054C26A300EF3063
:1096F00040561F04C415008049BF8325C9010325B6
:109700008901CD392A84E30205E81F057826A300E4
:10971000EF3020541F04C515008085BF1F04CA15F3
:109720000080A5B54882930700F06307F506ADC534
:10973000AE842A84130600028145130905100A85A8
:10974000EFF04FA683254412930600020A86268571
:10975000EF00B03105C11F05B023A300EF30604F0B
:109760001F04C71500801F050C24A300EF30604EB6
:109770002285448293058412130600020A85EFF0C5
:109780000FD7014475D51F05E023A300EF30604CCF
:109790001F04C8150080C1BF1F04CA150080C9BFBF
:1097A0003880F3240030F37704303754A000930757
:1097B00044529E2313044452A19F89EB9F071C55DA
:1097C000A0009C4381C78685014582979F07185555
:1097D000A0009C4389C786851220014582971E20E0
:1097E000A19F89EB8D8093C4140085889F07205525
:1097F000A00084C31E208507A19F1EA01E20A19F3C
:1098000081EB930530061305100330806F4000375D
:109810000F00F00F0F00F00F348038803754A00095
:10982000930744529E23A19F81EB9305F0061305F5
:10983000100330806F408034130444521E2086840D
:10984000FD17A19F1EA09F071855A0009C4389C724
:1098500086851220054582971E20A19F85E79F07D8
:109860001C55A0009C4381C7A685054582979F078C
:109870002055A0009C4399E3F36704300F00F00FDC
:109880000F00F00F348018802A86B146B1451F05BD
:109890002855A000EF70A0230145148038802E8445
:1098A000E1460146E145AA84EF70202A930784FF30
:1098B0001F073455A0001385B401F19B71991CCB8F
:1098C000E117898F48C7A19F5EA11CC79D67938739
:1098D00047077EA1232005003480C9B7B756A000F2
:1098E00093874653DC479386465399E3014582802C
:1098F00075DDF2231D67130847076306060113078A
:10990000C7C6E315E6FE0D0571991D67219D8148C7
:1099100013064707130885001303C7C603DE670055
:10992000DA236312CE046375E802098F3E9861174B
:109930002312E8002313C8001D671307C7C68CC392
:10994000FAA39842CAA33A9588C2138587008280F9
:10995000636BA7001D661306C6C68CC3F2A39042B4
:10996000329798C2DDB72107BA97984A63EFE700AC
:10997000E39E08F6D8465E2303AE0601A107B308AE
:10998000F70063EAC801DC468548FA23E30867F874
:10999000E306C7F8A1BF035E6700631BCE0003DECA
:1099A00068006317CE0083D84800C6975EA3BA88C4
:1099B0004687D1B71880868510800DB70DC503572F
:1099C000E5FF9F076C6C0000631FF7009D6793879E
:1099D0004707231FF5FE1F073455A0008356C5FF18
:1099E0005C43B6975CC301458280C9BF18804D3B7C
:1099F000014514801DB568812A84AE84EF2070096A
:109A0000EF106024AA890149054A631699000F00E6
:109A1000F00F014564815840543403280400832822
:109A200084005C246C246834135627006387460145
:109A30007D171B0717431356270013F7770083473B
:109A4000D1008D8A2306A10093F7070ED98F9BA71B
:109A5000D70693F7F7079BA7B70E42C232C4A306F7
:109A6000F10083A7090048004104829745F50509E4
:109A700069BF788E2A89AE8AB284814513060004B4
:109A800008103AC6368A3E84EFE0DFF1130600087C
:109A900081458810EFE01FF102CE324763940A003F
:109AA0007D55748EE30E0AFEB7070001E3FAF4FE5B
:109AB0003B1CF7209F07009116026309F90C1F0653
:109AC000BC26A300CA852285EF00A07779F913F997
:109AD000F403B3892441639F090A930600080146F1
:109AE000930500088810EF704006CA8633863A0155
:109AF000930500088810EF60907D5DF19C11CA9776
:109B0000130700F82380E7F8930900043B62093843
:109B100093090008139734001396B4019F0700FFC0
:109B200000009BC7E7501B26E6705D8EB707FF005D
:109B30009BC49716458E1385C9FF9C1032CE914663
:109B4000700891453E95EF60907839F995464E86BC
:109B50008C102285EF00606F29F581452285EF008A
:109B6000406F21F1130600040C102285EF00E06E17
:109B70000DF9930600021010930500025285EF6064
:109B800010753335A0003305A04021BF1F06DC2629
:109B9000A3000DBF95464E86D68522857D25E3120E
:109BA00005F0814522857525E31D05EE01468145B9
:109BB00022856525E30305F2EDB548823284AA8447
:109BC00039462E89130521018145EFE0BFDD93075A
:109BD00000022308F10081458547480022C6A308FA
:109BE000F1002309F100230BF100230CF100F9240B
:109BF0002A840DED2800912E2A841DE91246224563
:109C000081454D2E2A840DE122456C00A1212A8434
:109C100001E92245CA8555212A8419E192479CC051
:109C2000124622458145C52E2245992E2285448221
:109C30008840C524E5BFF1AC388239468145AA8405
:109C400013052101EFE01FD69F070D0000033EC65C
:109C5000930700022308F10028008547A308F100BC
:109C6000230BF100230CF100CD242A8415E52245B5
:109C70000146894581262A8411ED22456C00D92EA2
:109C80002A8409E52245A6850D292A842245014614
:109C9000894551262245ED242285348248832E842D
:109CA0003289AA8461468145280836C63AC4EFE065
:109CB0007FCF8947B2463ED49307101022C84ACAC4
:109CC00022CE2316F1027D5581CE22473B15071087
:109CD0004146B6850145712901E50C0826855521C7
:109CE000448325A3688103480103BB184610370746
:109CF000620163040800370762111375F51F1377BB
:109D000007E0498FB744104446893E8A2E8423A831
:109D1000E4100F00F00F23A204100F00F00F9F09B2
:109D2000AC55A00003A709001F054C55A00016075D
:109D30003306E5000C4241072322160193E5350066
:109D400093F5F5DF0CC214C623260600C146228611
:109D5000C1453A95EF60B05703A709009F068C559F
:109D6000A0009B86E6080507058B23A0E90023A237
:109D7000260123A4460123A60600B7D610449C5A08
:109D800013871700058B93F707F0D98F9CDA0F0024
:109D9000F00F83A7041313871700058B93F707F0C1
:109DA000D98F23A8F4120F00F00F9F041027000092
:109DB00037C91044C1798327090013F72700B3F787
:109DC0003701D98F0DCF2320F9000F00F00FB7977F
:109DD000104403A70708C1460A863AC003A74708EC
:109DE000C14522853AC203A787083AC483A7C7089A
:109DF0003EC6EF60D04D01CD1305000409A805450E
:109E0000FD146D23CDF81305400B11A07D55648121
:109E1000B7071044414798D30F00F00FB7471044DD
:109E20001F074C55A00023A2E7120F00F00F894630
:109E300023A6D7120F00F00F37D710441F068C55FA
:109E4000A00050D30F00F00F14D70F00F00F1F0722
:109E500000AA008023A0E7100F00F00F01458280C8
:109E6000B707104423A007020F00F00F01458280BE
:109E7000188105431AC0BD3514819F07B055A00055
:109E800003A3C701630303000283054582800545E0
:109E90008280FD5705C199CE81476394B700FD5775
:109EA00011A82A872105032885FF6317C8005C4392
:109EB0009CC281473E8582808507C5B75881FD5782
:109EC0003EC619E17D5554813B93050223200500D0
:109ED0000145D5BF95C1BB9BF50189492E842A89CF
:109EE0008144A2852685EF10A0132AC6B24799C7E0
:109EF0008504E39899FEF9B7A149CDB7E3F434FDA1
:109F0000B70500559BA58520CD8C232099003245AF
:109F10005DBF15C593578501BB970755935705013D
:109F200093F7F70F05476368F70093160501C182A1
:109F300089E73BE306087D558280E36ED7FE9355A3
:109F40000501819D219D6F10601719E17D5582806B
:109F500038802A843755A0009304455D930640025B
:109F60000146930540021305455DEF60103E8547AD
:109F70002380F4029F075A4B3C2D1CC001453480BE
:109F800028809F075A4B3C2D7D546313F5023755AB
:109F9000A0009307455D83C70702014491CB930658
:109FA00040020146930540021305455DEF60F0391C
:109FB000228524804881FD573EC69F075A4B3C2D81
:109FC0006319F5043754A0009307445D83C7070263
:109FD0001304445D7D5585C3AE8432899375F60FB5
:109FE0003B860402B2852685EF1020382AC6B24788
:109FF0008D4599C3324544812685EF10602E2AC6CF
:10A00000B247EDFB8547232E240144A0A300F402B0
:10A01000D5B77D55CDB79F075A4B3C2D631AF50236
:10A020009F07D455A00003C707027D551DC3D82341
:10A030006311B702D84F631EC70003C7170201455B
:10A0400009CBA380070223AE07002382070082808A
:10A050007D5582803881FD573EC699E17D5534811A
:10A060009F075A4B3C2DE31BF5FE9F04D455A000DF
:10A0700083C70402E5D72E862E84D146D1451385A9
:10A080008400EF60D0242AC6B247E9FB50204C3050
:10A090006820EF10401E2AC6B24799C33245C1B7A7
:10A0A00013057400EF1040272AC6B247E5FB1C4099
:10A0B0009CC085472381F402D5B73882FD573EC442
:10A0C00002C602C802CA02CC02CE99E17D5595A80B
:10A0D000DC41EDDF9C212E84AA843B8E07019F0783
:10A0E0005A4B3C2DE394F4FEB754A0009387445D93
:10A0F00003C707029384445D71DB83C72702F9D746
:10A100003C20BB82070191CB3B91F702A308F100F1
:10A1100039A00545AD3B61F555BFA30801009C4042
:10A120003EC61C202308F1005C403ECA1C443ECCC5
:10A130005C24230EF100EF10A00A2AC4A24799C3A1
:10A1400022453482EF00504D2AC4A24785E36800BF
:10A15000EF00B0552AC4A24781EBD0203245A2853A
:10A16000EF10C0232AC4A247EF00304FEF10E00CDD
:10A17000C1BF1881FD573EC6EF1060372AC6324571
:10A1800014814881FD573EC693B71500B307F040D0
:10A190003EC6B24799C332454481844DD0412E8496
:10A1A0008C412A89EF10E02B2AC6B247EDF75048C0
:10A1B0000C484A85EF10002D2AC6B247E9FFBB9430
:10A1C00004030C444A85EF10202C2AC6B247E1F75D
:10A1D000A6854A85EF10802B2AC6B247CDFF4C2CAE
:10A1E0004A85EF10402E2AC6B247D5F74C444A851F
:10A1F000EF1060342AC6B247D9FF5C3CC9DF4A85FC
:10A20000EF10A02C2AC6B24779B72882FD5736C670
:10A210003ECE2A84EF10E0242ACEF247B24699C3FC
:10A2200072452482F5DE2285EF10202A2ACEF247DD
:10A23000C5BF1F03D42F100002831F038A2D1000F7
:10A2400002831F03AA2D100002831F03B42E1000E7
:10A2500002831F03282F100002831F03FC3010000D
:10A2600002831F032A261000028328812A840545C1
:10A270002EC632C436C2753F2246B2451247B28658
:10A2800085472E861F0500911601A285EFF06FFE0F
:10A290002A8405455D37228524814880EFF00FF53B
:10A2A0009F07F855A0009C2381EBEFF0AFF4014429
:10A2B00081442285A68544802A89EF1010772A845C
:10A2C0004A85AE84EFF00FF3EDB72881F9372A8481
:10A2D0002EC6EF109076B2459F0740420F003337ED
:10A2E000F4022A868146B385F5023305F402BA9555
:10A2F000EFE0CFAA24814880EFF04FEF1F09F95516
:10A30000A0008347090091C7EFF0CFEE01442285FA
:10A310004480AA84EF10E0232A8409C52685EFF043
:10A320006FEDF5B785472300F900CDBF4880EFF00A
:10A33000EFEB9F07F955A0009C2381EBEFF08FEB2B
:10A34000014481442285A68544802A89EF10202378
:10A350002A844A85AE84EFF0EFE9EDB79F07F955FF
:10A36000A0009C23B1C348802A84EF10306E93076D
:10A37000803EB305F4023334F402B384A5023304FF
:10A38000A402B3B5A5022E9455373389A400B33483
:10A390009900A295AE94593FE3EF95FE6394B40003
:10A3A000E36B25FF014544807D5582809F07F95569
:10A3B000A0009C238DCB48802A84EF103069B30421
:10A3C000A4023334A4029D373389A400B334990026
:10A3D0002E942694A13FE3EF85FE6314B400E36B53
:10A3E00025FF014544807D55828038803757A00085
:10A3F00093070760DB97A71894432E862A84CE2BF9
:10A400009304076099C2C84782965B948418231A04
:10A41000040034803B76050391C909CA9F07FC55A7
:10A42000A0003E951C2199C7014582803705008018
:10A43000050582801F054010008082809F074856D6
:10A44000A0005B95A74C1C4103A387006306030093
:10A45000D043CC478843028382809307C004B3076C
:10A46000F502B756A0001387866493868664B30509
:10A47000F7009041B107BA97410613870704637B41
:10A48000E60090C15B95A64C1E2523150500FD171F
:10A490001EA582809CC1FDB738801F044856A000CD
:10A4A0005B14A44C04403E2405468C40BE95EF103E
:10A4B000A0182A240505219D2AA4DC443335F50083
:10A4C00013451500348048812A841306F100A54500
:10A4D0009F040056A00023070100A30701005B9919
:10A4E0008418EF10A0178347F10099CBDB948418F0
:10A4F000DE2891C79C4081C785452285FD35448172
:10A5000005469305E1002285EF102014835649018A
:10A510008327C9000347E100B69798A383574901F1
:10A52000035709018507A19F231AF90063E5E70096
:10A53000854522855D3D1306F100A5452285EF1076
:10A54000E01155B75881FD1593F7F50FBBF367057B
:10A55000B725A3009385C56F9B85F5049C412A848C
:10A5600082879F044856A000A3070100DB94A44CF7
:10A570009E2481EB014689452285EF10200E01457E
:10A5800054811306F1009D452285EF10200D83476D
:10A59000F100F5F7228509376DD5228545352285ED
:10A5A0006D3DF9B71306F100A5459F040056A000C4
:10A5B00023070100A30701008149EF10200A5B99DE
:10A5C00084188347F10081CFDB978418DA2B45DBB1
:10A5D000F82B098B4DD7BE2BE3E3F9FA71A00546A2
:10A5E0009305E1002285EF104006832709008509C5
:10A5F000C20993D9090181EB1306F100A545228513
:10A60000EF10C0057DBF835649018327C90003476A
:10A61000E100B69798A383574901035709018507BD
:10A62000A19F231AF900E3E9E7FC81452285753BE8
:10A63000E1B71306F100A5459F040056A0002307CB
:10A640000100A30701008149EF1040015B998418C4
:10A650008347F10091CFDB978418DA2BE30107F2EF
:10A66000F82B93761700B5D681452285BD3B01BFF7
:10A6700005469305E1002285EF00307D8327090020
:10A680008509C20993D9090181EB1306F100A5459B
:10A690002285EF00B07C6DBF835649018327C90036
:10A6A0000347E100B69798A383574901035709016F
:10A6B0008507A19F231AF900E3E9E7FC814522857C
:10A6C0002D33E1B79F070056A000DB97A718DC43A6
:10A6D00081C78145014582972285F5334DB59F0796
:10A6E0000056A000DB97A7189C47DDB75881894723
:10A6F00063EDA70ADDC983C8150013082007636648
:10A70000180B83C805006362180B45C20348460056
:10A71000BB7628040348660063E907095C323BF313
:10A7200027023759A0009307C95FAA979C23AA84E0
:10A730001309C95F0144A5EBBA8936C632842EC419
:10A74000EF10D0296387090683A60900BDC203A7BD
:10A75000490025C31305C0043385A4021F07005612
:10A76000A0005B17971854C783A64900B24722463A
:10A7700016AB1F074856A000A2869305C500BA95E0
:10A780002A970CC34CC3268511479F0544A5A200F8
:10A79000EF00B0662A8401E92699854726852300C3
:10A7A000F900EF10B024228554813704008005049D
:10A7B000DDBF1F0444100080FDB77881AA842E8A73
:10A7C000B289A3070100EFF0FFC42A8919ED26859D
:10A7D000EF101025AA8AD299528433094441639814
:10A7E0008900D6852685EF10F0234A8574811306EB
:10A7F000F1009D452685EF0070668347F100E5F383
:10A80000A2851309140005462685EF00F0624A84EC
:10A81000E9B75880AA89EF10B024EF107025EFF047
:10A82000EF9CAA84EF1060281C411F092C57A00040
:10A830002320A900829719C52A842685EFF08F9BD3
:10A8400022855480832709004E859C4782972A845D
:10A850002685EFF02F9A6DF49F073157A00005472A
:10A8600098A3F9BF9F073157A0009C239DCB488038
:10A870008544FD5763E5A4022A84EFF02F979F07D4
:10A880002C57A0009C432A8922859C4B82974A859D
:10A89000EFF04F969F073057A00084A381473E8575
:10A8A0004480FD573E8582809F073157A0009C233E
:10A8B00099E37D5582801881EFF04F939F072C57C5
:10A8C000A0009C432AC6DC4B82973245EFF08F9262
:10A8D0009F073057A0002380070001451481B75718
:10A8E000A00003C717731DC72880138417739F0721
:10A8F0003057A0009C2391C3453F9F072C57A000D1
:10A900009C4399C3DC438297EF1050160145230006
:10A9100004002480014582809F073057A0009C23BB
:10A9200099E37D5582801881EFF04F8C9F072C575B
:10A93000A0009C432AC69C4F82973245EFF08F8B34
:10A94000014514811880EF20200DC1280323050044
:10A95000108002836881A30701007D549307F00FE4
:10A9600063EEB70205CDBB7D06082E843289AA842A
:10A970006D202A8AEFF08F8783270A01AA89930521
:10A98000F100228582972A8401ED8347F1004E85EC
:10A9900033D62741058A90A0EFF0CF8522856481C8
:10A9A0004E85EFF02F857D54D5BF88807D5431C210
:10A9B0009307F00F63EFB702B387C50013070010CA
:10A9C0006369F7021DC53289AE892A8AB9202A8BAC
:10A9D000EFF0CF81AA8A814483270B01B3059A0047
:10A9E0003385990082972A8419C55685EFF08F80A8
:10A9F0007D54228584808504E3E024FF5685EFE0C2
:10AA00007FFFC5BF19C59F073457A00088C3014504
:10AA1000828037050080050582809F073457A0009B
:10AA2000884382809F073857A000238007008280D8
:10AA30003880AA84EF10107F2A842685EF10F07EDC
:10AA40009F07C83FA3009B8787049C430581219DE6
:10AA50001B85A7043480188001455522B757A000F4
:10AA600003A707749F065C3EA30094225C43014544
:10AA700093F707F0D58F5CC39F073857A0000547B1
:10AA800098A314809F073857A0009C23A1C7488033
:10AA90002A849307F00F63E3A704A9C1AE84493F5A
:10AAA0002A892285EF1010789F074057A0001B8548
:10AAB000A7041841C17605881C43F58F9F065A5A92
:10AAC0000000D58F1CC38327090011C0A1839CA05F
:10AAD000014544801F059113008082803705008066
:10AAE0000505C5BF9F073857A0009C2399EF1F0598
:10AAF000911300808280B30589002285613719E9AE
:10AB00000504E36A94FE0145448048802A89AE84A6
:10AB10000144C5BF7D55CDBF9F073857A0009C237A
:10AB2000C1C358802A849307F00F63EFA706B75478
:10AB3000A0002E8993890474EF10D06E1B85A904A0
:10AB40001841C17622851C4393840474F58F9F06B7
:10AB5000A5A50000D58F1CC3EF10D06C1B85A904E0
:10AB60001841130540065C4793E717005CC7EFF0F8
:10AB7000FF832285753D9377140091C3220923201A
:10AB800025012285EF10106A9B84A40498401305C8
:10AB900040065C47F99B5CC7EFF05F81014554803C
:10ABA0001F05911300808280370500800505C5BF11
:10ABB0009F073857A0009C2395C75880B2892E84E0
:10ABC000AE843309B540B387844063E4370101455F
:10ABD00054808C203305990001463D3F850465D59E
:10ABE0007D55FDB71F059113008082809F075C3E55
:10ABF000A30088C382801F05603EA3008280634754
:10AC0000A0020A051F07C03FA3009F074057A000EE
:10AC1000AA973A951841014598C3B747A30003A7DF
:10AC200047FC9F073C57A00098C382807D558280D7
:10AC300019C59F074457A00088C301458280370586
:10AC40000080050582809F074457A00088438280CA
:10AC5000488003290500BB7F09104C410025AA84C8
:10AC60004A858920A2854A85E92880444A85218031
:10AC70001D88A285392A9C444A8513D78700618B99
:10AC8000A18393F50708598CC18D21220F00F00F85
:10AC900001454480370500800505E5BF1F058C3E52
:10ACA000A300828001E57390053B8280BB12050101
:10ACB0007390153B8280BB1205027390253B828006
:10ACC000BB1205037390353B8280BB120504739061
:10ACD000453B8280BB1205057390553B8280BB12B9
:10ACE00005067390653B8280BB1205077390753B28
:10ACF0008280BB1205087390853B8280BB120509D8
:10AD00007390953B8280BB12050A7390A53B8280AD
:10AD1000BB12050B7390B53B8280BB12050C739080
:10AD2000C53B8280BB12050D7390D53B8280BB1260
:10AD3000050E7390E53B82803B12050F7390F53B47
:10AD400082801377F50FBB790508F327807D0A070A
:10AD5000019FBD46B396E60093C6F6FFFD8E33977E
:10AD6000E500558FBA827390827D82807326907D34
:10AD7000930787FF8A07819FBD46B396F60093C667
:10AD8000F6FFF18EB397F500D58FBE827390927D5A
:10AD900082809357250041113B8A070199C7BB8EDA
:10ADA0000702BB83170341018280F327003A3EC6A6
:10ADB0001C083E95230EB5FEB2477390073AE5B7DF
:10ADC000F327103A3EC60D891C083E95230EB5FEAA
:10ADD000B2477390173AC1BFF327203A3EC60D8998
:10ADE0001C083E95230EB5FEB2477390273A65BF07
:10ADF000F327303A3EC60D891C083E95230EB5FE5A
:10AE0000B2477390373A45B71880EFE03FBEEF2066
:10AE1000D05AEF10F04701A04880EFF00F8609C527
:10AE2000BB0C05017D55448089441F0440420F003E
:10AE300037291144232099000F00F00F83270900C0
:10AE40009D8B638A970005457D14EFF02FD67DF02A
:10AE5000D1BF8544D9BF0145F9B7B727114423A015
:10AE600007000F00F00F014582803881FD573EC674
:10AE70001F0440420F00B7241144DC40858B91EF42
:10AE800085479CC80F00F00F02C6B72711449C47A6
:10AE900099C3FD573EC63245348105457D14EFF018
:10AEA000EFD061FCFD573EC6CDB73882FD573EC698
:10AEB00002C802CA02CC02CE6308050E044585C44E
:10AEC00058453B19071C5821BB77070210412A84BB
:10AED00014088D451F05B83EA300EFE09FFB2AC66E
:10AEE000B24781C7B2473E853482104074088D4511
:10AEF0001F05D03EA300EFE0DFF92AC6B247FDF3FD
:10AF00005020540889451F05903EA300EFE07FF8CC
:10AF10002AC6B247E1FB503034088D451F05A03EDC
:10AF2000A300EFE01FF72AC6B247CDFF3727114431
:10AF30001C28724683260736B397C700D58F232077
:10AF4000F7360F00F00F0147A6871F06D0480411FF
:10AF5000544489826360D704372611445C426247B7
:10AF6000D176FD160D8BF58F9BA7E71C5247C59B2D
:10AF70001D8B9BA7E702424793F7F7E07D8B9BA7CA
:10AF8000E70893E717005CC20F00F00FF93D2AC6EF
:10AF9000B24789BF8C43B306C7008A068CC20F0034
:10AFA000F00F050791076DB7FD5735BF37471144BF
:10AFB000832707B3E176FD168589F58F9BA7B71E1A
:10AFC0001375F53F93F707C0C98F2328F7B20F0019
:10AFD000F00F032547B31D8911C208C23335A00005
:10AFE000828028802A84EFE05FE911C93B170501C0
:10AFF000B747114483A747B11CC001452480B74718
:10B00000114483A707B1CDBF0545CDBF18816800A6
:10B0100002C6C13F854719E1B247858B3E85148141
:10B020004882FD572EC6AA843ECCEFE01FE5B2450C
:10B0300002CE2A8991C53B8605010144FD5719A01E
:10B04000014481473ECCE24789C7624544820544BA
:10B05000CDBF0146A2852685913F19C17D55FDB71B
:10B0600075376DFD6317090409491F07001B0000B0
:10B07000B72711443E971C43E176FD16F58F9BA739
:10B08000871E93F6F43F93F707C0D58FB7061000DD
:10B09000D58F1CC30F00F00F7008A28526853937A5
:10B0A00055DD7245330525413335A0003305A040F9
:10B0B00071BF05491F07041B00005DBF4882FD5793
:10B0C0002EC62A843ECCEFE05FDBB2452A8991C5CB
:10B0D000BB8605018144FD5719A0814481473ECCC0
:10B0E000E24791C7E2473E8544828544C5BF393F68
:10B0F000FD5775F90146A68522854D3D814765D5E9
:10B1000063030906BB1719019F07041B00003727BB
:10B110001144BA97884361777D17798D1B25951E59
:10B120001374F43F137505C0418D1F07FFFFEFFF38
:10B13000798D88C30F00F00F1F0440420F00F935CE
:10B140001DC505457D14EFF06FA675F8FD573ECC83
:10B15000E247C9FB680802CE693501E5F247898BF1
:10B16000D9D3FD5749B79F07001B00004DB7814752
:10B17000F9BFB7371144984B9377E7FF19C193672D
:10B180001700373711441CCB0F00F00F8280388135
:10B19000FD573EC21F0440420F00B734114483A73D
:10B1A0004408858B85EBFC4093E717003EC4FCC048
:10B1B0000F00F00F02C237371144832787081C5F46
:10B1C000585FD98FB337F000B307F0403EC29247C3
:10B1D0001245348105457D14EFF04F9D69F0E1BFC4
:10B1E0005881FD573EC61F04102700000549B7349B
:10B1F00011449149EFE07FC8FD576314250323AA4A
:10B2000024070F00F00FF85CFD57318B630B3701FB
:10B2100083A70408819F938767F5B337F000B307CE
:10B22000F0403EC6B24781CB05457D14EFF00F9844
:10B2300071F07D5554810145F5BF1880EFE0FFC3E3
:10B24000BB1C050137371144832607081306A00AE3
:10B250008147819E639DC60028DF0F00F00F7C5F51
:10B2600093F70703C11793B71700B307F0403E8564
:10B270001480FD57EDBF9307000A6305F60263E9EA
:10B28000C70093060005BB1506209306000229A8F7
:10B290009307100A6303F6049306200A6306D60098
:10B2A0007D5582809306000A37361144584A8177CB
:10B2B000FD17F98F85899BA5B722C177FD170589F1
:10B2C000ED8F9BA7A7207D753D05E98F9BA7D7082C
:10B2D0005CCA0F00F00F014582809306100AE9B79F
:10B2E0003B630502BB0B05027D5582800547B737DE
:10B2F0001144DC4BE19BD98F3B1305021F07FFFF75
:10B30000F3FFF98F373711445CCB0F00F00F014585
:10B3100082801D47E9DDC9BF39C5B73611449C4E4F
:10B32000183193F7F7FD058B9BA7E70A3821BD9BE2
:10B33000058B9BA7E7083831DD9B058B9BA7E706AC
:10B340005821ED9B058B9BA7E7045831F59B058B96
:10B350009BA7E7021821F99B058BD98F9CCE0F0084
:10B36000F00F014582807D55828005E13737114419
:10B370001C4B860593F5E53F93F707C0DD8D0CCB9D
:10B380000F00F00F81473E858280FD57BB1EF501FF
:10B39000373711441C4B93F5F53FF9BF4881FD57F2
:10B3A0003EC202C402C6C5CDD84119CF3289AE848F
:10B3B0002A8674008D451F05003FA300EFE07FAD96
:10B3C0002AC2924781C792473E854481B02034000B
:10B3D0008D451F05E83EA300EFE0BFAB2AC29247B0
:10B3E000FDF3BC20014591E3883063140900EFF0C0
:10B3F0005FD82244B2470D881A04FD8B13641400F1
:10B400001B24F410B737114423A287080F00F00F54
:10B41000EFF0FFD72AC29247DDF7BC20CDD76315E6
:10B4200009000545EFF0FFD4A2471374F4F31F079A
:10B43000FFE0FFFF8D8B1B24F40CB247798CFD8B52
:10B440001B24F41013641400B737114423A2870897
:10B450000F00F00FEFF0BFD32AC29247ADB7FD57F0
:10B46000A5B7BB7705049F07000400123E950A05A7
:10B470000CC10F00F00F30C10F00F00F01458280AA
:10B480007D55828001458280014582803B730504A1
:10B4900091C50947BB8205027D5582800147B716D9
:10B4A000004803A6061806058D47B397A70093C763
:10B4B000F7FFF18F3317A700D98F23A0F6180F00DD
:10B4C000F00F01458280014582803B7805043717E3
:10B4D00000488326072285473395A700558D2320F2
:10B4E000A7220F00F00F014582807D55828031E157
:10B4F0007D55A9C13B1016109841B717004823A0ED
:10B50000E7620F00F00FD84123A2E7620F00F00FAF
:10B51000984523A4E7620F00F00FD84523A6E76201
:10B520000F00F00F054723A0E7600F00F00F014563
:10B5300082807D5582803B7605049F07900500122E
:10B540003E950A050CC10F00F00F014582807D5524
:10B5500082801880A92805E13757A00083268774C8
:10B560009C4293E747009CC2032787741C4393E7E0
:10B5700027001CC314801F0580110080E5BFB7574A
:10B58000A00083A68774054698421367170098C2E7
:10B59000FD563E87832787749C439183858B638701
:10B5A000C700FD16E5FA0145814582800DA018808F
:10B5B000EF00504909C9EF00F0489F074857A00025
:10B5C00088C3014514801F0580110080E5BF9F07D7
:10B5D0004857A0009C438C47C8438280BB75050335
:10B5E00089C99F074C57A0001B85A7040CC10145C2
:10B5F0008280370500800505828028822A842ECE2D
:10B6000032CC36CA3AC83EC6EF00F03A1F054C5756
:10B61000A0001B058504084101CDD24691CA032331
:10B620000500B24742476246F245228520820283E6
:10B630001F054710008024829F074C57A0009B875E
:10B64000A7049C4303A3C70002839F074C57A00095
:10B650009B87A7049C4303A3070102839F074C57C2
:10B66000A0009B87A7049C4381C703A38700028394
:10B670001F0547100080828009C6FD571CC2014586
:10B68000828037050080050582809F077457A000DF
:10B690003E9514211307E003BBF306039F074827D9
:10B6A000A300B697982318C2014582809F07585778
:10B6B000A0001B85A70423200500014582809F0769
:10B6C0006857A0001B85A704184185891C47F99B72
:10B6D000CD8F1CC782809F076857A0001B85A704D9
:10B6E0001C410145FC43858B1CA282809F07685743
:10B6F000A0001B85A7041C410145FC438583858B65
:10B700001CA282809F076857A0001B85A7041C41CC
:10B710000145FC43819F858393C71700858B1CA23D
:10B7200082809F076857A0001B85A7041C41014524
:10B73000FC438D83858B1CA282809F076857A000E5
:10B740001B85A70419E20145828018417C43858B43
:10B75000F5FB850583C7F5FF7D16219E5CC3DDB72C
:10B760001F076857A00081471B05A70463C4C700D3
:10B770003E8582801441F842218B7DFBD442338781
:10B78000F500850714A3DDB79F074C27A3009B870F
:10B79000B70403A307006303030002831F054710D8
:10B7A000008082809F076857A0009B87A70498436A
:10B7B00093F635005C53CD9B9BA7D704F19B937602
:10B7C0003600D58F93E707015CD39F077457A0001D
:10B7D000AA978CA39F077857A0003E9510A182805E
:10B7E0003B630604370500800505828018809F07AB
:10B7F0007457A000AA978C23019E6D3701451480D1
:10B800003B630604370500800505828018809F078A
:10B810007857A000AA97B2859023819D6137014592
:10B820001480B1C1488092053374B6022A89B3549A
:10B83000B6021A043354B4028545EFF05FE89F075F
:10B840006857A0009B8727059C4313F7F40FA19C22
:10B8500098CBA180C4C781454A851374F403C0CB3B
:10B8600040806FF0DFE582809F076857A0001B854E
:10B87000A70418418D891C47CD9B9BA7B7041CC703
:10B8800082809F076857A0001B85A70418418589FF
:10B890001C4793F7F7F79BA7B70E1CC782809F073B
:10B8A0006857A0001B85A704184185895C57E99B50
:10B8B000CD8F9BA5B7044CD782809F076857A00007
:10B8C0001B85A70414419C4E3BF7050E3727A300A8
:10B8D000130707719B05B70498410287058ADD9B12
:10B8E0009BA7C7069CCE8280058AED9B9BA7C704B9
:10B8F000D5BF058AF99BD18FF5B7058AF59B9BA724
:10B90000C702CDB718803336C000B5457D37014535
:10B91000148018803336C000B14545370145148086
:10B9200018803336C0009145493F01451480188086
:10B930003336C00089455137014514809F07685749
:10B94000A0001B85A704184185891C4793F7F7FDC4
:10B950009BA7B70A1CC782809F076857A0001B855A
:10B96000A704184185891C47BD9B9BA7B7081CC726
:10B97000828028802A843B87050181C5BB8205021D
:10B980002480208065BF8545553F854522852080E0
:10B99000E1B76D378145DDBF38814C22B2842A84FE
:10B9A000EFF09FECCC302285E93DEC202285D137A9
:10B9B0008C4022852EC6EF00D001B2452A86228512
:10B9C000EFF03FE6014534819F076857A0001B85D3
:10B9D000A704184185893C4BF99BCD8F3CCB8280D5
:10B9E0006881B684131925009F06A027A3002E8A1C
:10B9F000B38526018C419442BA891F076857A0007D
:10BA0000330627010CC214C3CC201F076457A000C3
:10BA10002A973EC6230007002A84EFF0FFE4CC30CB
:10BA20002285EFF01FE6EC202285A1378145228593
:10BA3000613F8C4022852EC4EF00A079A2452A8662
:10BA40002285EFF01FDE2945EFE05F96B2478DC7F4
:10BA50009033AC332285EFF0FFD49F075857A000F6
:10BA6000CA9723A047018545BB81090381452285EB
:10BA7000EFF0FFE20145648105468545E1BF1F0502
:10BA8000183FA300828019C59F077C57A00088C378
:10BA90000145828037050080050582809F077C571D
:10BAA000A00023A00700014582809F077C57A000CB
:10BAB00088438280B747A30083A707FB99C71F0766
:10BAC0008057A0001CC3014582801F050012008022
:10BAD00082809F078057A00023A007008280B7576D
:10BAE000A00083A707781F075A5A5A5A98C782801E
:10BAF0009F078857A000884382809F078457A00033
:10BB000088C38280F9B77DB73880B757A00083A675
:10BB100007789304107D3E8498561367170098D6D3
:10BB2000032704781C578583858B99CF404BEF0002
:10BB3000A0759307803E2A86B335F402814633050B
:10BB4000F402EFC0BFA53480FD1489C40545EFE0C1
:10BB5000FF85F9B70145C5BFB757A00003A7077810
:10BB60005C4793E717005CC782801880F537B757AA
:10BB7000A00003A707781C4BF99B1CCB14804880BE
:10BB8000AA84EF00607089E43705008005054480D1
:10BB90003304950233599402EF00006FE316A9FEB7
:10BBA0003B6AF4FF9F078857A0003759A00084C361
:10BBB000832709789F045A5A5A5A137404F084C38D
:10BBC0006D3783270978984B1367470098CB984BBC
:10BBD0001377F7FB98CB984B1367870398CBC84331
:10BBE0001375F50F498CC0C384C701454DB7288133
:10BBF0002AC6A53F32453754A0000DE1032704783B
:10BC00001C4B93F7F7F71CCB813F032704781C4BA1
:10BC100093E717001CCB20816FF07FEC3B1BF501F5
:10BC2000032704781C4B93E70708F1BF1F05303F3B
:10BC3000A3008280588069259F099C57A00023A0FB
:10BC4000A9001F099057A00041252320A9009F04A7
:10BC50008C57A000B52D88C01F049857A000AD2DAB
:10BC600008C0BD2D9F079457A00088C383A7090073
:10BC700099CB8327090081CB9C4091C71C4081C789
:10BC800019C1014554801F0543130080E5BFB75714
:10BC9000A00083A687791F07FFFFFF3F798DDC4651
:10BCA000370700C0F98FC98FDCC682805881912583
:10BCB000AA841D2D92471F07FFC7FFFF2A8993F70C
:10BCC000778093E78702F98F3EC285473EC402C65C
:10BCD0000144B759A0004800BD26014685450545E9
:10BCE000792EE92683A749799C43858B91CF4A8594
:10BCF000EFE0CFEB93071400636694001F05441335
:10BD0000008054813E84C1BF0145E5BF48819C212C
:10BD10002A842E898E0793E717003EC29307F5FF0A
:10BD20003EC402C6EFF09FF8AA840DE54800212E1C
:10BD3000854702C063E28702B757A00083A747790F
:10BD4000024793352400014698C393C51500014569
:10BD50003D26A92E26854481B306F9009422330797
:10BD6000F1008507A30FD7FEF1B71881EFF01FF49C
:10BD700099476C0005452306F100EFF03FF919E102
:10BD8000EFF0DFF21481488636C62A89AE84328409
:10BD9000E93FAA87B24639E936CA4808B98236CEA1
:10BDA00022CC55244A85EFF09FEEA2862686930585
:10BDB00000040810EF40B051FD570DE91376340030
:10BDC0003336C0001B068644219E1C100147B75520
:10BDD000A00093160701C18263ECC60005468545A5
:10BDE0000145712CE124EFF07FECAA873E85448663
:10BDF00083A64579884391079B86E60488C2050798
:10BE0000C9BF28812A84EFF0FFE2EFF03FEA1DE985
:10BE100031469F05DC14A3004800EFC09FC34800D3
:10BE20001D24014685450545992C4924B757A00096
:10BE300083A747791F07FFFFFF009C43F98F1CC0B2
:10BE4000EFF0DFE62481C167636CF60C988140490E
:10BE5000B284AE892A89054AB75AA00025E0B757AF
:10BE6000A00083A6077993D9090113D6F4009C4E4C
:10BE7000014793950701C1819BA535218CCE93770E
:10BE80001600C1CF9C4A1F06FFF0FFFF3D8BF18FCC
:10BE90009BA7E7109CCA032549000D240325C90070
:10BEA0009377857F91C3892CB757A00083A7C77963
:10BEB000054798CBEFF09FDF01450DA01C20638064
:10BEC000470399C7BB86E7021F054513008039A0C9
:10BED000083093052400EFF07FE315CD94813820DE
:10BEE000834B3400034B44000E07136717003AC21C
:10BEF00052C402C6EFF09FDB4800B12201468545DF
:10BF00000545B52A652283A74A799C43B3D77701B3
:10BF1000858BE39B67FB190491B70582050785B7FD
:10BF200037050080050582808885AA892E8AB2841B
:10BF30001304000493DAE6003689375BA00099E029
:10BF40000145A1A8EFF09FD629E963F38400268478
:10BF500048004AC222C456C6FD204E85EFF03FD3AA
:10BF6000054605458545212A912293773400B3374C
:10BF7000F00003254B799B8787441408A19F014754
:10BF8000368693150701C18163EAF500A286A28572
:10BF90005285EF40D03319C97D5584859B05E50452
:10BFA0008C410507910623AEB6FEE1BFA299229A05
:10BFB000818C71B788809377F503130400041D8C7E
:10BFC000AA892E89B284B68A637386003284D686A3
:10BFD0002286CA854E85EFF01FDB2A8A05E9818C0F
:10BFE00095C42299130B00044E94A68963749B0098
:10BFF00093090004D6864E86CA852285EFF0BFD805
:10C0000001E9B38434414E994E94E5F05285848021
:10C010002A8AEDBF38822EC6AA843284EFF0FFD47C
:10C02000B2450DE148082ECA02CC02CE2928268549
:10C03000EFF0FFC513461400814501458920BD205E
:10C04000EFF0DFC63482B757A00003A687791C4102
:10C050000C45184693D63700819E137707F0558F0D
:10C060005441AD839D8B9D89C607FD1693F6F6035B
:10C070009BA7B7089BA7D71218C61CC28280B757C8
:10C08000A00003A78779058985891C43058A93F752
:10C09000F7EF9BA7A71093F7F7F79BA7B70EDD9BCA
:10C0A0009BA7C70693E737001CC38280B757A00041
:10C0B00003A787791C43858BF5FF8280B757A000C3
:10C0C00003A60779370700809F06FF00FFFF1C4289
:10C0D000D98F13573500019FF58F9BA7E710935613
:10C0E000B5009D8A2D8193F707FC1377850333E50F
:10C0F000D700598D08C28280B757A00083A6077960
:10C10000135735001F06FFFF3FC09C42019F2D8142
:10C11000F18F9BA7E72C1F07FFFFF8FFF98F1D8901
:10C120009BA7A72037070040D98F9CC282804881F7
:10C130004C001305000202C202C402C6EF10703D9B
:10C1400022473744A300370920004A97930444F557
:10C150004C0013051002D8D0EF10B03BA247954514
:10C16000130544F5CA97DCD8EFD0FF8844812880B6
:10C170003754A0002E87AA861306F00793050008FF
:10C180001305447AEF5080309307447A2A86BB1314
:10C1900005FF98231306F00711E32480B29723804C
:10C1A00007009F07A057A000882381469305447A83
:10C1B00020806FE08FE028802A84EFF05F8CAA85D2
:10C1C000228520806FF08FC19F07A43FA3008CC3FE
:10C1D00082809F07A43FA30088438280BB1305028F
:10C1E000B7D70044054798DBD8DB82808280828005
:10C1F000397106CE22CC2ED232D436D63AD83EDA97
:10C2000042DC46DE11C92A84EFC05FB011C54C1074
:10C2100022852EC6EFF0BFF5F24062442161828094
:10C220006FD0CFFC2E856FD0EFFCB7570040D84FB2
:10C23000984FC84F8C4FA19D82809F07A83FA300B5
:10C24000884382801F05C004004482809F07AC3F62
:10C25000A300884382809F07AC3FA30088C38280ED
:10C260001880EFF0BF9C10806FF0FF816FF01F838C
:10C27000828028802A84EFD06FF79F07B43FA30005
:10C2800080C320806FD00FF79F07B43FA30088437F
:10C2900082801880EFE09FA010806FE07F991F05DB
:10C2A0002028A3008280054582801F053C28A3002A
:10C2B00082803705200082801F05FFFF9F0082805B
:10C2C0001F050001004882801F050002004882808F
:10C2D0001F054002004882801F050003004882803D
:10C2E0001F050004004882809F07B83FA3008843D1
:10C2F00082809F07BC3FA3008843828082800145E3
:10C30000828082805881EFF0DFFEAA84EFF0DFFDAB
:10C31000930780023EC285472A8902C63EC4014473
:10C32000B759A0004800EFF01FD2014685450545EA
:10C33000EFF0FFD4EFF09FD783A749799C43858B1B
:10C3400091CF4A85EFE08F869307140063669400CF
:10C350001F054413008054813E84E9B70145E5BFC1
:10C3600048812A892E84B284EFF0DFF99247194779
:10C37000E19B93E717003EC2630409001307000521
:10C380009247480002C493F777809BA7E70693F78C
:10C39000F77F3EC202C6EFF01FCB01468145014543
:10C3A000EFF0FFCDEFF09FD085473EC4B757A00018
:10C3B00083A747790E041364140022C202C684C303
:10C3C0004800EFF05FC8014685450145EFF03FCBDF
:10C3D000EFF0DFCD44811881019D85470E053EC4F5
:10C3E00002C62AC2EFF01FF24800EFF0DFC5014697
:10C3F00085450545EFF0BFC8EFF05FCBB757A0000C
:10C4000083A7477988431481B70702006365F50263
:10C41000B707400063E1B702188013068002854524
:10C420000545EFF0FFF30946930510030545EFF0CE
:10C430003FF301451480014582801880714685458F
:10C440000545EFF0FFF109469305100305451080FF
:10C450006FF01FF11881680002C6EFF09F9A01E9A2
:10C4600032479F07C84016006314F70079201481F3
:10C47000370500800905E5BF78802A898D449549F4
:10C48000130A5003B73AA3004A85EFF0DFF41374A0
:10C49000F50F631F39031374C40911141334140006
:10C4A0008545F14619E41376F50F13850A88EFF0F8
:10C4B0003FD4EFD0BFE7130640068146EFC04F8E52
:10C4C0000505EFD0BFEE05C8FD14DDFC0145748005
:10C4D000631A490113743404791413341400894520
:10C4E0008946C9B7137414060114133414008D451A
:10C4F0009306000245BF7D55D9BF688081448D49B0
:10C500001545EFF07FF72A8A13055003EFF0DFF6A9
:10C510002A895545EFF05FF62A8463170A046308F9
:10C5200009020946930510030145EFF07FE319C4A2
:10C5300013060002C5450145EFF09FE21305C00355
:10C540008504EFD0BFE1E39D34FB7D5401A86DF17C
:10C5500081E81F055828A300EF00A06F22856480A2
:10C560001F057028A300CDBF714685450145EFF03A
:10C570003FDFE30E09FA75B75C459B85B70494412C
:10C580001C491B86C70493F776001842BB9B070122
:10C590001D8B6314F7029F072458A000D4C31442D4
:10C5A000D4C7544994CB544194C31445637BD700FA
:10C5B000184D94C70145D8CB82801F0546130080D3
:10C5C00082801F054913008082809F073C58A0008D
:10C5D0009C2399CF1F072458A0001843B307B50028
:10C5E000636CF700637AF50063E8B7000145828069
:10C5F0001F0540130080828037050080050582807A
:10C600007880832A45003769A000AA8903244982DB
:10C61000032A8500EFF0FFC963F6AA001F05421345
:10C62000008074801309498263738A00528483A452
:10C630004900FD14A294EFF03FC8E36195FE23206A
:10C6400089000145F9BFB767A00003C7C78359EF49
:10C6500058822A841389C783EFF05FCA6808EFF015
:10C660004FFA51E10C201030F2492EC632C4EFF0DF
:10C670001FC3AA84EFF03FC32246B245AA86A6870D
:10C6800001476399E604EFF05FC205468145EFF08C
:10C69000BFEE31E99F073D58A000054798A32285CA
:10C6A000EFF01FF629E13765A000032645824C40D4
:10C6B00013054582EFF02FF91DE585472300F900AA
:10C6C0009F073D58A0009C23014591CF1F054113B2
:10C6D000008011A83E85F10703A847FE6396090173
:10C6E000EFF09FE94DDD5482050761BF014582806F
:10C6F00088812E8AB2852A89B284EFF01FED3DE150
:10C70000EFF0FFBF137B3900AA8A63020B06914743
:10C71000B38767413309694193F9F40F63E7F40084
:10C720009149B389694193F9F90F9F072458A000F3
:10C73000D44311466C004A8502C6EFF0EFFE2A840E
:10C7400011ED7C00CE8633866701CE855285EF40A1
:10C75000003811C937050080130445005685EFF0F5
:10C760005FBA2285848111094E9AB384344193F9CA
:10C77000C4FF638109029F072458A000D4434E865A
:10C78000D2854A85EFF04FFA2A8469F94E9A4E997C
:10C79000B38434410144F9D09F072458A000D44306
:10C7A00011466C004A8502C6EFF00FF82A84A6866F
:10C7B0007000A6855285EF4080314DD1370400804E
:10C7C000110469BF98812E8AB285AA843289EFF05C
:10C7D000DFDF2A8471E5B38524012685EFF0DFC20F
:10C7E00093FA34002A8B63880A069147B38757412E
:10C7F000B38454419379F90F6367F9009149B38980
:10C80000594193F9F90F9F0B2458A00083A64B00C0
:10C8100011466C002685EFF02FF12A8409ED7C008B
:10C82000CE865286CE8533855701EF40402A01C916
:10C830003704008011045A85EFF03FC095A083A60D
:10C84000CB00268511466C00EFF0CFF62A849104C8
:10C850004E9A330939419379C9FF71FC638009020B
:10C860009F072458A000D447D28526854E86EFF036
:10C870006FF44E9ACE943309394131E1E30D09FA50
:10C880001F042458A000544011466C002685EFF088
:10C89000AFE909C95A8537040080EFF01FBA1104C7
:10C8A00022859481CA86528691456800EF402022F5
:10C8B00075F1544411466C002685EFF0AFEF2A84E1
:10C8C0009DBFA8802A892E84EFF03FD021E9B305CF
:10C8D0008900FD7713974501B374F90041CFED8FBF
:10C8E000056737050080BA970505631999026397B4
:10C8F000F5022685338A9540116BEFF0FFB02A8C44
:10C9000001498149814A9F0B2458A0007D1B631D6A
:10C910000A0401446285EFF05FB22285A48003A778
:10C920000B011B07F704032907009359E900CE8A7E
:10C9300063663A011387F9FF658F01CB850703A76B
:10C940008B00E3EEE7FC6383E702337969011B297F
:10C95000391D0146CA852685EFF0CFEB2A845DF9A3
:10C96000330A5A41D69465B78547D1BF1F04471390
:10C9700000804DB7E30F99F637050080050579BFB4
:10C9800088819F07A828A3005B95A7062621138A04
:10C990007400135A3A00636F460703590500B286C4
:10C9A000AE890146B6854E85EF40201AB3679900DF
:10C9B0009D8B4A8491CB416ACA94A14A7D1A054B4A
:10C9C000634B9400014539A05286935539004E853A
:10C9D000EFD0BFFD848113767400935534001305A6
:10C9E000F100EFD03FF77DF58347F1008DC3B3072A
:10C9F000244133C75703B3E75703337747014E97B3
:10CA00001423B3F74701B317FB00D58F1CA305040C
:10CA1000219C7DB77D557DBF1880EFE0CF9D1080B4
:10CA20006FD05FFE2181019D8280019D828089C53A
:10CA30003B7205136FF0DFF47D55828018809528D6
:10CA4000BB1305011305900210806FE02F9A654516
:10CA5000E5BF6FC03FF618819F07DA98A2003EC27B
:10CA60009F07EA99A2003EC648009F0752CAA2004B
:10CA70003EC4EFC05FE13765A0009F0700000100E2
:10CA8000930585B0BE95130585B0EFC01FE51481F1
:10CA90001880EFD0DFE41F05B80B0000EFD01F9126
:10CAA000372700408327071193E747002328F71013
:10CAB0001480B7070040C84B058982802880EFF0BA
:10CAC0005FFFBB18050137346E0193050460014513
:10CAD000EFF08FEF6145EFF00FF813050460208051
:10CAE0006FF02FF937646202930504A00145EFF05F
:10CAF000AFED13058002EFF00FF6130504A0C5B7E4
:10CB000028803734004085472322F44A0545EFD07A
:10CB1000FF898D472322F44A3717004483274713A0
:10CB2000B7060400D58F232AF7122480B7E7004404
:10CB300003A787861377F7F81367070323A4E7860D
:10CB400003A7C7861377F7F81367070223A6E786BC
:10CB500003A707871377F7F81367070223A8E78669
:10CB600003A747871377F7F81367070223AAE78617
:10CB700003A787871377F7F81367070223ACE786C5
:10CB800003A7C7871377F7F81367070223AEE78673
:10CB900082809F073F58A000054798A382809F0787
:10CBA0003F58A00023800700828018819F073F58CC
:10CBB000A0009C23A307A10081EB894605469305AD
:10CBC000F1000145EFD07FBF14819F073F58A000BF
:10CBD0009C2389EF18812AC6EFC04F93B2452A865D
:10CBE0009306007D014510816FD03FBD82809F0775
:10CBF0003F58A0009C23A9EF9880AA841F052029F4
:10CC0000A3002E8A0144EFF05FFC0149A54A1D4BA9
:10CC1000930B0003A14913D7C4019377F70F138532
:10CC2000070363F4EA0013857703920463050A009F
:10CC3000EFF0BFF711A8E31D09FEE30B64FF6305E6
:10CC40007501EFF09FF605490504E31634FD948065
:10CC500082801880EFF07FF71F058032A3001080DC
:10CC60006FF0BFF628802E84EFF03FF622858145D5
:10CC7000EFF0FFF71F058032A30020806FF0FFF474
:10CC800028812E8432C6EFF05FF481452285EFF0D3
:10CC90001FF61F051C29A300EFF03FF33246814524
:10CCA0003285EFF0DFF41F058032A30020816FF0A2
:10CCB000DFF128829F07CC3FA30023800700930762
:10CCC00090022306F10093073007A307F100230722
:10CCD000F1001C411307A002A306E1003EC85C213D
:10CCE000782123040100ED17230AF1009307F7FFD1
:10CCF000819FBBFD0702230BE1005C31054438082E
:10CD0000FD17A30AF10081463C0010086C000145A4
:10CD10003ECC22CEEFD09F9D0145EFF04FCD9F0737
:10CD20003E58A00080A32482230B0100F9B73707E7
:10CD300000401C473D8993F7F7F09BA7A7081CC745
:10CD400082803880B707004080471F052429A30050
:10CD500011803D8893041400A685EFF0BFF0130501
:10CD60004006EFD0AFDF3B03040F268530806FF025
:10CD70001FFCEFD07FB37300501001A02880B707CD
:10CD80000004F3B747303764A000130704841C4342
:10CD90001304048485071CC3C92238559F077CD31C
:10CDA000A2006305F700552A3C558297B707000497
:10CDB000F3A747301C40FD171CC024802880B7070C
:10CDC0000008F3B747303764A000130704841C43FE
:10CDD0001304048485071CC3492278559F077CD31C
:10CDE000A2006305F700952A7C558297B7070008D3
:10CDF000F3A747301C40FD171CC024802880B707CC
:10CE00000010F3B747303764A000130704841C43B5
:10CE10001304048485071CC3892238599F077CD3D7
:10CE2000A2006305F700152A3C598297B707001046
:10CE3000F3A747301C40FD171CC024802880B7078B
:10CE40000020F3B747303764A000130704841C4365
:10CE50001304048485071CC3092278599F077CD3D7
:10CE6000A2006305F700D5287C598297B7070020F8
:10CE7000F3A747301C40FD171CC024802880B7074B
:10CE80000040F3B747303764A000130704841C4305
:10CE90001304048485071CC3C920385D9F077CD315
:10CEA000A2006305F70055283C5D8297B707004054
:10CEB000F3A747301C40FD171CC024802880B7070B
:10CEC0000080F3B747303764A000130704841C4385
:10CED0001304048485071CC34920785D9F077CD315
:10CEE000A2006305F70095287C5D8297B707008054
:10CEF000F3A747301C40FD171CC024803880EF404A
:10CF0000B065B764A000138704841C4385071CC365
:10CF1000EF4010667324203489208567FD177D8CCF
:10CF20000A04229518419F0758CFA20093840484D5
:10CF30006306F7001D2022951C418297EF40D061C7
:10CF40009C40FD179CC030806F4090627325203458
:10CF50008567FD177D8D828001A01F052084A200BA
:10CF600082803DC14880032945002A841F057C2911
:10CF7000A300CA85EFF0CFA7B7070080B1076312FF
:10CF8000F9041F059029A3008964EFF06FA6A1049E
:10CF90002685EF0090345C4C2285C1075CCCEF0005
:10CFA000704A9F075858A0009C4381C7A2854A85B4
:10CFB0008297A6850945EF00D032014540806FD0A9
:10CFC0007F8A89649104E9B7828028802A841F05BA
:10CFD000EC2BA300EFF0CFA12E201F05242CA300E3
:10CFE000EFF00FA11C481F053C2CA300CC4BEFF029
:10CFF0002FA01C481F05542CA3008C4BEFF04F9F13
:10D000001C481F056C2CA3008C47EFF06F9E1C483A
:10D010001F05842CA300CC43EFF08F9D1C481F05F7
:10D020009C2CA3008C43EFF0AF9C1C481F05B42C34
:10D03000A30083A5C708EFF0AF9B1C481F05CC2CAD
:10D04000A300CC4FEFF0CF9A1C481F05E42CA3009F
:10D05000CC47EFF0EF991C481F05FC2CA3008C4F28
:10D06000EFF00F991C481F05142DA30083A5870816
:10D07000EFF00F981C481F052C2DA30083A547082F
:10D08000EFF00F971C481F05442DA30083A5070848
:10D09000EFF00F961C481F055C2DA300EC47EFF046
:10D0A0002F951C481F05742DA300AC47EFF04F943B
:10D0B0001C481F058C2DA300EC5FEFF06F931C48FC
:10D0C0001F05A42DA300AC5FEFF08F921C481F0535
:10D0D000BC2DA300EC5BEFF0AF911C481F05D42DD5
:10D0E000A300AC5BEFF0CF901C481F05EC2DA30014
:10D0F000EC57EFF0EF8F1C481F05042EA300AC5730
:10D10000EFF00F8F1C481F051C2EA300EC53EFF00F
:10D110002F8E1C481F05342EA300AC53EFF04F8D0B
:10D120001C481F054C2EA300EC43EFF06F8C1C48ED
:10D130001F05642EA300AC43EFF08F8B1C481F0526
:10D140007C2EA300CC5FEFF0AF8A1C481F05942E05
:10D15000A3008C5FEFF0CF891C481F05AC2EA30005
:10D16000CC5BEFF0EF881C481F05C42EA3008C5B3E
:10D17000EFF00F881C481F05DC2EA300CC57EFF002
:10D180002F871C481F05F42EA3008C57EFF04F8605
:10D190001C481F050C2FA300CC53EFF06F851C48D3
:10D1A0001F05242FA3008C53EFF08F841C481F050C
:10D1B0003C2FA300EC4FEFF0AF831C481F05542F0A
:10D1C000A300AC4FEFF0CF821C481F056C2FA300CB
:10D1D000EC4BEFF0EF811C481F05842FA300AC4BF4
:10D1E000EFF00F811F059C2FA30020806FF04F8070
:10D1F0005441B767A0001387478408CB1385478441
:10D2000036A36FF09FDC28802A841F05CC2BA30057
:10D21000EFE01FFE228520806FF09FFD28802A848A
:10D220001F05FC2AA300EFE0BFFC228520806FF0E1
:10D230003FFC28802A841F05B02AA300EFE05FFB93
:10D24000228520806FF0DFFA28802A841F05D82AE3
:10D25000A300EFE0FFF9228520806FF07FF928809E
:10D260002A841F05482BA300EFE09FF82285208029
:10D270006FF01FF828802A841F05282BA300EFE0F9
:10D280003FF7228520806FF0BFF628802A841F0593
:10D290009C2BA300EFE0DFF5228520806FF05FF587
:10D2A00028802A841F05702BA300EFE07FF42285DD
:10D2B00020806FF0FFF328802A841F05842AA300B2
:10D2C000EFE01FF3228520806FF09FF228802A84F0
:10D2D0001F05582AA300EFE0BFF1228520806FF0E0
:10D2E0003FF128802A841F052C2AA300EFE05FF07D
:10D2F000228520806FF0DFEF28802A841F05182AFE
:10D30000A300EFE0FFEE228520806FF07FEE288003
:10D310002A841F05A029A300EFE09FED228520802D
:10D320006FF01FED28802A841F05C029A300EFE0BD
:10D330003FEC228520806FF0BFEB28802A841F05F8
:10D34000F829A300EFE0DFEA228520806FF05FEA92
:10D3500028802A841F056429A300EFE07FE9228545
:10D3600020806FF0FFE828802A841F05E029A300B1
:10D37000EFE01FE8228520806FF09FE71880EFF034
:10D38000FFBCAA851F053829A300EFE07FE601A0B6
:10D390001880EFF0BFBBAA851F05D82FA300EFE0D0
:10D3A0003FE501A01F058003200082809F075C5895
:10D3B000A0001CC10145828028812A841F055C30A1
:10D3C000A300EFF09F80BB1304641F057430A3001B
:10D3D000EFF0AFFFA9473357F402680023070100BD
:10D3E0003377F702B377F402130707032306E1004C
:10D3F00093870703A306F100EFF02FFD1F05783098
:10D40000A300EFF08FFCBB1304641F051031A300D1
:10D41000EFF0AFFB248138812A84AE841146930556
:10D42000800F680002C6EFD04FD819C5AA851F0526
:10D430000030A300EFE0DFDBB2473D8C658C11C408
:10D440001F052030A300EFE0BFDA014534816FF003
:10D45000CFF53880AA84EF4030102A842685EFC0AB
:10D46000CFD8228530806F40B01038802A84EF40BA
:10D47000B00EAA842285EFC0EFD32A842685EF4020
:10D48000300F228534809F07D03FA3001CC10D457B
:10D4900082809F07F83FA300D44389CE98438147F9
:10D4A00011070326C7FF6307A6008507E39AF6FE68
:10D4B000014582800545828028812A844C0013051D
:10D4C0001002EF00100519E53247A247BA977D77A1
:10D4D000BA971CC024813881AA842E8413051002B7
:10D4E0004C00EF00100309E93247A247BA9775775D
:10D4F000BA979CC08D671CC034813881AA842E8461
:10D50000130510024C00EF00D00009E5A2479CC0B3
:10D51000B2471CC0348118801305401FEFC01FE4C0
:10D5200010806FD07F8E18801F05B8D3A200EF1037
:10D53000103419C51F053430A30010806FE05FCB95
:10D5400014806FD06FBD37052000828037058000C2
:10D550008280B2872E86BE856FF08F999880330ABD
:10D56000B50093174A01AA84D28991C7FD79B3798E
:10D570003A018567BE990565EF00B001AA8A09C91D
:10D580000565EF0010012A8B01E95685EF001002B6
:10D5900037040080150481A87D7933F92401B38410
:10D5A00024418DE4B38B494163910B04B385294138
:10D5B0004A85EFF00FB12A840DE1A1E0638F0B00E3
:10D5C0005E86DA855285EFF0EF9F35A82686D685F0
:10D5D0004A85EFF0EF912A8471D55685EF00007DE2
:10D5E0005A85EF00A07C228594805E86DA8552857C
:10D5F000EFF00F902A8475F155BF2686D6854A85AF
:10D60000EFF04F9C45DD2A84C9BF48802A84AE8450
:10D61000328999E62686CA85228540806FF08F9AE6
:10D62000EFF0DFF365D9448018814C000D45EF0021
:10D63000406E814719E52247B7072000BA979387C4
:10D6400007043E85148128802A840C594855EFF040
:10D650009FDC01E98325C4110325841120806FF02C
:10D660009FDB248028819F076AD4A2003EC29F07C7
:10D6700052D4A2003EC448009F074ED4A2003EC62A
:10D68000EF00D0492A8401C91F057C30A300EFE0D8
:10D690003FB622852481EFF01FE91F059430A300D7
:10D6A000EFF02FDBFDB7188148414C00EF00A07967
:10D6B00009E5B2452245EFF07FEA14814881F14740
:10D6C00078511309C5063EC485472306F10023009F
:10D6D0000100A3000100230101004AC29F07E19657
:10D6E000783C0144631DF7029F045C58A000B70713
:10D6F00000031387D7002A84CD07F1464A86F145F7
:10D700001385C403D8D89CC0EF30603C19C91F05ED
:10D71000A430A30037040080EFE09FAD1104228500
:10D720004481F1464A86F14513858400EF30203A62
:10D7300009C51F05DC30A300F1BF1304C408C146AE
:10D740002286C14513858405EF30603809C51F0561
:10D750001431A300C1B7C1462286C14513854402D6
:10D76000EF30E03609C51F054831A30065B7EFC0AB
:10D770002FEA2A8401C9AA851F057C31A300EFE0A6
:10D780003FA771BFD0588A8513858403EFC0EFC2CD
:10D790002A8411C9AA851F05B031A300EFE05FA557
:10D7A000EFC00FECADBF90408A8513854400EFC0F9
:10D7B000CFC02A842DD5AA851F05F431A300EFE040
:10D7C0003FA3885CEFC02FC7E1BF78519F07E19668
:10D7D000783C6304F7000145828038809F045C58E0
:10D7E000A000885CEFC02FC52A84C840EFC0AFC43A
:10D7F000498CEFC0EFE6418D34809C2189E72320DE
:10D80000050001458280930700301CC1238005007C
:10D81000CDBF288078529F07E196783C0144631879
:10D82000F702AA871F055C58A000AE889305450241
:10D8300048410148BE8601474146EFC06FE32A8454
:10D8400019C5AA851F053832A300EFE07F9A22850B
:10D850002480288078529F07E196783C0144631821
:10D86000F702AA871F055C58A000AE8893058505BE
:10D87000085D0148BE8601474146EFC06FDF2A843C
:10D8800019C5AA851F058432A300EFE07F96228583
:10D89000248038802A84EF40204CAA842285EFC05F
:10D8A0006F912A842685EF40A04C228534803880F1
:10D8B000AA84EF40604A2A842685EFC00F93228510
:10D8C00030806F40E04A3881AA842E84B146B14549
:10D8D00001464800EF3060274C001305100215295F
:10D8E00005E53245A247B7064000AA977975AA9781
:10D8F0007D5563EBF6003387870063E7E6002286F9
:10D90000A6853E85EFE0DFDE3481C880AA8BAE8A33
:10D91000B28999EA4E85EFF0DFF7AA8455E937041A
:10D92000008015042285C480338AC50093174A01FC
:10D93000528991C77D7933792A0185673E990565BA
:10D94000EFF03FF52A8B61DD0565EFF09FF42A8C3F
:10D9500009E55A85EFF0BFF5D9B7FD74B3F49A0025
:10D96000338D9A4063170D02B30C494163920C0446
:10D97000B30599402685EFE0DFF42A8415E16311B1
:10D980000D04638F0C0081466686D2856285B53FA3
:10D9900035A86A86DA852685EFE09FD52A8469D581
:10D9A0005A85EFF0DFF06285EFF07FF025D49DBF60
:10D9B0006686E2855285EFE0BFD32A8475F14DBFBC
:10D9C00081466A86A6855A85893745DD2A84C9BF7E
:10D9D0004E86DE855685EFE0FFDE2A840DE13706B0
:10D9E0002000CE865696CE852685EF30400E2A84BE
:10D9F00019E54E86DE852685EFB06FAF2A84268531
:10DA0000EFF0FFEA05B73881AA842E84B146B1450C
:10DA100001464800EF3060134C0013051002D52C6E
:10DA200005E5B247A245370740007D55BE95F97719
:10DA3000BE95636BB700B38785006367F7008546C3
:10DA400022862685EFF07FEC3481288302C402C64B
:10DA500002C82DC92A842C00130510025D2C3DE15B
:10DA6000F1452285EFF03FE631ED3247144CB70720
:10DA700020001F062FBA458FBA976387C6048C43D0
:10DA80009F0633F37C4B6391D5048C4793060010BB
:10DA9000639CD50283A6471285453ECC938606300B
:10DAA0003ECE2ECA36D036D202D432D6B707400088
:10DAB00063EAE700369763E7E700F1454808EFF0CF
:10DAC0009FF419C1014509A8F1452285EFF0BFDF98
:10DAD00075F908403B7CF502248318803D221080B4
:10DAE000E9A8188101452EC6152AB2452E85EFF00A
:10DAF000DFFE10816FD04FB15884B2862A89AE8480
:10DB000032842E86AA851F05D032A300EFE04FEEA7
:10DB1000EFB0DFED9F07C458A0009823AA8921E346
:10DB2000054798A32300210326D2EFC00FFA2AD479
:10DB3000081022D6D528130600028145081002C815
:10DB400002CA02CC02CEEFA0FFE522DAF32710349E
:10DB50003EDC8A8768003EC62122081015229F07F6
:10DB6000C858A0009C4391C3829789658D050945DB
:10DB7000EFF03FF74E85EFB0FFE754849F0700407A
:10DB8000A30003A30700630503001386B0FF02830D
:10DB900018818547A307F1008347F100819FEDFFBE
:10DBA00014819306C00F1F064440A3009305C00FC5
:10DBB0001F05CC58A0006F2090713747A300930732
:10DBC000470483D7870D8966138606041307470425
:10DBD0006389C702636CF6008DC785066383D7022D
:10DBE0009F07AFBEADDE2324F70E8280A1668506B7
:10DBF0006389D7009F06F0F000006384D700916628
:10DC0000E9BF9F07ADDEADDEF9BF9F074440A3002B
:10DC1000238D070C239CA70C6FF0BFF89F0744408F
:10DC2000A300238DA70C828018802A861F054440FC
:10DC3000A300C146C1451305450AEF205069108075
:10DC40006FF03FF618802A869306000993050009B5
:10DC50001F054440A300EF20906710806FF07FF411
:10DC600019CD18802A861F054440A300D146D1450E
:10DC700013050509EF20B06510806FF09FF28280D8
:10DC800058499F074440A30023A6E708184DD8CB66
:10DC90006FF03FF14880EFF0EFF018419F074BA580
:10DCA000874B6315F7062A84EFF0CFEF2A894624C5
:10DCB000EFF04FEF14403767A0009307879C94C3A1
:10DCC00054401303879CD4C3144494C77424D4C70A
:10DCD0003BEF06101307879C8147CA9441481B8677
:10DCE000F406144293851700AA9714CB9B06B30839
:10DCF00083284600902641071B26161190C6FC3744
:10DD00009CA6AE87E39D05FD014544803735008024
:10DD1000EDBFBDC13767A0009307879CD0471307AD
:10DD2000879C814763E8C7023881AA8468002E84F3
:10DD300002C6EFF0AFE719C9B24789CB0147BE86EB
:10DD40009042A1076391C402DC4295E31F050330B2
:10DD50000080348185079B06F70803C886006301AD
:10DD6000A802819FC1B70507E31BE5FCC5B70547BE
:10DD700018A05CC00145F1BF1F0502300080828001
:10DD8000238005009C420145DCC19C46A1839CC5C3
:10DD9000828028802A848D2B1C4199C7B5230323B8
:10DDA0000500228520800283014524801DC538801E
:10DDB0002A84EFF04FF9AA84EFF04FF963659400DD
:10DDC000AA94636B940089235C4199C7352B032384
:10DDD0004500228530800283348082801F05D85A16
:10DDE000A00082803881AA84680002C6EFF0CFECE0
:10DDF00009C92A841F05F832A300EFE06FBF22850E
:10DE000034811305C006EFF0DFF888C02A8611E9D7
:10DE10001F052C33A30037040080EFE06FBD15040D
:10DE2000F9BF32459305C006EFF0AFF22A8461D9FD
:10DE30001F056433A300EFE0AFBB8840EFF01FF78E
:10DE400023A004006DBF9DCD28822A8468082EC6B9
:10DE500002CEEFF04FE3B24509E51F050230008026
:10DE60002482F247FDDB0147BE86A10703A687FF98
:10DE70006316C400C822EFF0DFE9DDB70507E3153C
:10DE8000E5FEE1BF1F0502300080828058812A84B0
:10DE9000AE8928006C00328902C402C6EFF0EFE5BB
:10DEA0001DE5B2476376F4028324090095C03387E9
:10DEB000840063F4E700B384874022454E86A6853C
:10DEC00022952AC4EFF0EFE819E12320990054814C
:10DED0001F0542300080E5BF28819F07D85AA00067
:10DEE0009C23014499CB6C00280002C402C6EFF0C9
:10DEF000CFE001E5B24775743E94228524813881D4
:10DF000002C202C402C69F072DA5874BAE8432848D
:10DF10006311F502B70720003EC4930700783EC6A0
:10DF20008347410081EFA2479CC0B2471CC0014516
:10DF300029A04C00EFF03FF165D5348123A0040007
:10DF4000EFF09FF908C0E5B73881AA846C0028007B
:10DF500002C402C6EFF06FDA2A8411E5EFF0AFDEFB
:10DF6000A2473E9588C0228534814881032405124A
:10DF70002E8919E0130400206C00280002C402C698
:10DF8000EFF0AFD7AA8411E9A247A2973EC4EFF001
:10DF90008FDBA2473E952320A90026854481488136
:10DFA0002A89AE8428006C0002C402C6EFF0EFD4C8
:10DFB0002A8419E9A24703274900BA973EC4EFF023
:10DFC0008FD8A2473E9588C02285448178814445F8
:10DFD000AA8A2E8428006C00B289368A02C402C63E
:10DFE000EFF0AFD12A8921E19387F400C19B637ED2
:10DFF000F402630C0A02638A090283A4090095C42F
:10E000003387840063F4E700B3848740A24703A505
:10E010008A003E952A942AC4EFF0EFD2229523205D
:10E02000AA0023A099004A8574811F09423000800C
:10E03000DDBF5C45BD07C19B63FBF5028DCA05CA08
:10E04000032806006305080228812E87C29563F421
:10E05000B7003388E74008453284B68570003A95AA
:10E0600042C6EFF0BFE219E1B2471CC024811F0590
:10E0700042300080828068819F073C069ECB63917E
:10E08000F5021305C5041C21B5EF1C311309150059
:10E09000E1EB3C2113092500F1E70144228564816D
:10E0A0005B55B5024105C5B74104DB559402338485
:10E0B000B900A5A8BB140A0183470900BB97F70F55
:10E0C00023000900B5A83B15FA028D44B3843441FE
:10E0D000A6860146A6854A85EF2030279DA03B9F56
:10E0E000E90283470900D5FB1F051834A300EFE0C0
:10E0F0002F909F07D85AA0003547D8B31F04673028
:10E10000008069BF2A8981496800328AAE8402C6CC
:10E11000EFF08FBA2A8459F19F073C069ECB324418
:10E12000E394F4F81304C4044E94E3150AF8034787
:10E1300009009307F00FE312F7F6BD472300F9003B
:10E140008544228581464A86A685EFF00FCC2A8435
:10E1500059D5AA851F05E033A300EFE06F893DBFC5
:10E1600085495DB789494DB728819F07781DA30070
:10E170009A23BC2323140100230501002307F10087
:10E180002316E1009F073C069ECB1304C5046305DC
:10E19000F6005B54B50241040D462C002285EFA029
:10E1A0001FB58D470DCD0D466C002285EFA03FB405
:10E1B000814715C51C20014581EB1C30054589E7C9
:10E1C00028201335150009052A94182085473B049B
:10E1D000070F9306F00F89476303D70091473E85E9
:10E1E0002481014582809F07D85AA000C8B382804D
:10E1F00018812AC6280002C4EFF00FAC09E92245B5
:10E2000081467000914513050505EFF00FC014819C
:10E2100058812A84AE8923160100230701001309BF
:10E22000050181445C4463EAF4000545638F3701CE
:10E230008347C4043B95070F09A84A850D466C0027
:10E24000EFA0FFAA0D0919C1014554818504D9BF6A
:10E250004888AA8468002E84328902C6EFF0CFA5D0
:10E2600009ED324550089305C006EFF08FAE19C591
:10E270001F059C33A300EFD0BFF74488630C09004F
:10E28000E65789CB9F07D85AA000C833EFF05FF656
:10E29000814521A8A6854808EFF09FF71DE81DE9F4
:10E2A000E657C165FD15638DB7042EC89F075A5AFE
:10E2B0005A5A3244E383F5FC1F05C033A300EFD064
:10E2C0003FF381461008914513054406EFF0EFB384
:10E2D0006DB711C9E65781CB9F07D85AA00055F4F6
:10E2E000A38207005DB79F07D85AA000DC339F05C3
:10E2F0005A5A5A5ABB9DE70DE657C5DB354579B7E3
:10E300009F055A5A5A5A55B71F05D85AA0002105D9
:10E3100082809F07D85AA000882382803881376482
:10E32000A000834784ADC9E7130484AD19C51C411F
:10E330001CC45C415CC41C451CC8B9475CB0680087
:10E340008547232A04001CA0A303010002C402C6BF
:10E35000EFF05FA98D4431E9B2471F07AA55AA55CE
:10E3600094436390E604B4571F0755AA55AA639ACD
:10E37000E602F85389441DE703C7F7041DC32800CC
:10E38000A44BEFF06F9311ED224581461306710007
:10E390001305F50485452AC4EFF02FA7B334900088
:10E3A00011C18D443245EFF07FA044A00145348176
:10E3B0001F0541300080E5BF288008419306000218
:10E3C000EFB0BFEA2A8419C5AA851F053834A30017
:10E3D000EFD01FE2228524801880EFA05F9101C951
:10E3E0001F055C37A300EFD0BFE07D5514800145C9
:10E3F000F5BF48852A89AE84328481451306000220
:10E40000081836C6EFA00FDA85471018A685281021
:10E410004AD42306F102EFF03FFAB24609C9AA85B1
:10E420001F05C836A300EFD0BFDC7D554485368676
:10E430000C182285EFF05FFA75D91F055C37A30031
:10E44000EFD01FDBDDB74887FD573EC649C1BDC5CC
:10E4500035C684082ACC32D21305050213060602FB
:10E460002E84130900022ACE32D49306000213062A
:10E47000A0059305000226854AD04AD6EF20E06C1D
:10E480005C400C402686BEC4A800854726CA4AC800
:10E490002306F104EFF05FF22A841DC1AA851F054F
:10E4A0007834A300EFD0DFD422C6B24799C7B24573
:10E4B0001F059C34A300EFD0BFD3B2473E854487ED
:10E4C00050100C082808EFB0DFD92A84F1BFFD579F
:10E4D000F5B738825C452A841306050CBB980720E3
:10E4E0001F050437A30032C6EFD09FD032469306F3
:10E4F00000029305000C2285EFF0BFEF34821F0568
:10E500003037A300AE8432C6EFD09FCE3246930799
:10E51000000C2C08268522CE3ECCEFF0DFF2F9BFAE
:10E520003882AA84EFF0FFDE69C1EFF0EF8F71C18E
:10E530009C401F074E158DCB6392E70403A7041080
:10E54000631EF702DC441386040CBB9017201F05E2
:10E550008835A30032C6EFD0BFC932469306000209
:10E560009305000C2685EFF0DFE82A8405C9AA850B
:10E570001F05B835A300EFD0BFC739A01F0564350C
:10E58000A300EFD0FFC67D54228534829307000C90
:10E590002C0826CE3ECCEFF01FEBC1BF93850408BC
:10E5A00013850410EFF0FFF22A8411C5AA851F0518
:10E5B000E835A300C9B72685EFF0EF882A8411C596
:10E5C000AA851F051836A3007DB79F07FC5AA00037
:10E5D0009C43DDDB1F07005BA00010439305000791
:10E5E0001385041582972A8445B71F0440300080A4
:10E5F00061BF1F046330008041BF48811C411F0779
:10E6000051544F46638EE700BE851F055436A30064
:10E61000EFD01FBE0D45EFF01FBD7D542285448114
:10E62000B2862E869305000AAA84EFF09FDC2A8426
:10E6300009C50D45EFF03FBBD5B7DC443400700091
:10E64000BD07C19B8145268502C43EC6EFF01F98D9
:10E650002A8405E9224501E9CC401F059436A30030
:10E66000EFD01FB965BFB2459306000213860401BF
:10E67000EFF03FD82A896DD10D45EFF0DFB64A841F
:10E6800071BF2A89D5BF58812A8902C4EFF07FC89B
:10E6900061C14A85EFF0DFE82A8411C50545EFF036
:10E6A0009FB4228554811F05CC34A300EFD05FB402
:10E6B0002C004A85EFF07F8B2A8419E1224519E569
:10E6C0001F05E834A300EFD0BFB2E1BF8325491294
:10E6D0009306000213068912EFF0BFD12A8401C904
:10E6E0000945EFF05FB02245EFF04FEC5DBF1F052D
:10E6F0001435A300EFD0DFAFA24402C68149B104B4
:10E700008327891463E4F900014439A86C00138558
:10E7100044FFEFF0DF882A8419E1324511E91F0533
:10E720003C35A300EFD0DFAC3245EFF02FE865BFFA
:10E73000A685854613060002EFF03FEC2A849384F9
:10E74000C4027DF132458509EFF04FE602C64DBFA8
:10E750001F0440300080B1B7188202C6EFF07FBBC3
:10E760003DC10C086800EFE01FD729ED2800EFE05D
:10E77000BFD429E9224550089145210502CAEFE09E
:10E780005FDD29E1C2453245EFE05FDD05ED224561
:10E79000814630089145110502CCEFE01FE71DE1ED
:10E7A00022459F07AA55AA558146700891453ECE3D
:10E7B000EFE0BFE501E9224581465008914521057A
:10E7C000EFE0BFE414821F0540300080E5BF4881C0
:10E7D0002A8902C0EFF0FFB36303050E0A85EFF04C
:10E7E000AFF62A8419E1024501E91F058837A30025
:10E7F000EFD01FA022854481EFF0FFE82A84024574
:10E8000011C8EFF0AFDAA2851F05AC37A300EFD037
:10E810003F9ECDB702C683248514BBE604151F04B2
:10E82000433000800245EFF06FD8A2851F05DC372A
:10E83000A300F1BF6C00EFF04FF32A8411ED3245D5
:10E8400001CDAA87DB14952C1F073C069ECB639154
:10E850009706EFF0AFD539A01F05E834A300EFD03D
:10E860003F9969F00245EFF06FD4280022C202C43C
:10E87000EFE09FC42A8421E922458146500091455A
:10E880003105EFE09FD82A841DED22459F0755AA48
:10E8900055AA814670009145130585063EC6EFE0F6
:10E8A000DFD62A840DE1E30709F4EFE0DFC699B76C
:10E8B00094436383E60005049387C70249BF1F049E
:10E8C0004030008005BFA2851F051838A30081B71E
:10E8D0005881F45102C402C61F07E196783C639543
:10E8E000E6082E892A84B2852800EFE01FF1AA8469
:10E8F00005E95C4C93F9F700C19B3EC6A1C32247D2
:10E90000084C4A86B385E7403A95EFE09FF42A89A0
:10E9100011C9AA851F058432A300EFD07F8DCA8458
:10E920002685548114400C4C084401477000EF00C8
:10E9300000790DED1C443247BA971CC46384090268
:10E94000084C3246CE8691652A96EF20C01B01C93D
:10E950001F054838A300EFD0BF89FD54D1B7232E3F
:10E9600034017DBF232E040081445DBF85444DBF2B
:10E9700028812E852EC6EFF0CFC12A84B24511E53D
:10E980001F057838A300EFD0BF862285248181C57A
:10E990002E856FF0AFC1828028812A842320050252
:10E9A000232E050085652800EFF09FFC48C811CD97
:10E9B00091652800EFF0DFFB08CC814711E94C4856
:10E9C0002800EFF0DFFC232A0400B707008095073A
:10E9D0003E85248168819F0770E9A2003EC49F079D
:10E9E0008EE9A20023280500232405003EC6BBF3C0
:10E9F00006051F044230008022856481B289368476
:10EA00002E8A34001546CE85AA84EF20C00339C96A
:10EA10002A84DDB73387F90058331396370085070A
:10EA20003317C7003A99E3E7D7FEC0406373890004
:10EA30004A8461D0A2852800EFF09FF388C819CDE1
:10EA4000C0C823282A015285EFF01FF52A8405C18A
:10EA50008C482800EFF0BFF323A80400370400809F
:10EA6000150459BF814701499306B4FF6DBF268540
:10EA7000EF10103551B738812E840C499F0770E98B
:10EA8000A200AA843EC428009F078EE9A2003EC6C9
:10EA9000EFF0FFEF2C00268523A80400EF10F06FA5
:10EAA0004C482800EFF0BFEE0C4C232A040028004D
:10EAB000EFF0FFED232C040034812880F8519F07EC
:10EAC000E196783C6302F7022A8414411306C501DB
:10EAD0000C4D08450147E5231DE11C44584C232EED
:10EAE0000400BA971CC42480EFF09FDE6DDDAA8578
:10EAF0001F056039A300EFD0AFEF7D55EDB7054599
:10EB0000DDB7A88183A90502AA8AAE84328BB68BB1
:10EB1000A30301000149116A056C636439010145D1
:10EB200041A09848B38729413EC452C681476374C7
:10EB300047013AC68547884CD448CC4C130871002D
:10EB40003800AA95CA9670005685EF10D05B2A84CB
:10EB500009C9AA851F050C39A300EFD06FE92285EA
:10EB600081A0A24732453E999C48898F9CC8DC4CC5
:10EB7000AA97DCCC2123DC4CB307FA4063E687017B
:10EB80009C4899C3639F29015E86DA852685EFF04C
:10EB9000DFF201C91F053C39A300EFD06FE57D55B9
:10EBA000A48122479C4819E3324719C3CDDBB5B78E
:10EBB000DDD7034471007D14333480004DB7688184
:10EBC0008547AA89AE843289A305F100056AC0444D
:10EBD00015C063738A000564CC48C840700022C623
:10EBE000EFF0CFAA11C90544A2851F05A838A300DC
:10EBF000EFD00FE022856481B245C8484A86EFE035
:10EC00005FC11DE53247DC409306B10098D0BA974A
:10EC1000DCC0DC444A86A685998FDCC44E85EFF0C3
:10EC20005FEE2A8401C9AA851F05DC38A300C9B795
:10EC30007D545DBFEFE0FF9059BF48819F077C1D69
:10EC4000A3009A23BC232A892316E1002307F1009D
:10EC50009304050101448327C9006364F40005455A
:10EC6000448126850D466C00EFA06F888D0419E164
:10EC70000504D5B70145EDB7D88202C602C8EFF04A
:10EC80004FE96300053EAA846800EFF0AF952A893A
:10EC90000145631B0902B24785CB94431F07AA5560
:10ECA000AA55639AE600B4571F0755AA55AA63945C
:10ECB000E600FC5395E71F059039A300EFD04FD332
:10ECC00001451F09473000802686CA85EFF04FD8DE
:10ECD0003245EFF0AF8D4245EFF04F8D4A85D4823B
:10ECE0000808EFF06FA62A8919E1C24781EB1F05DA
:10ECF0008837A300EFD0CFCF0145F9B73245EFF009
:10ED0000DFF32A8405EDEFF06F8DC24902CC232E8C
:10ED10000500232005022A842C084E85324BEFF093
:10ED2000CFA42A891DC11F05E834A300EFD04FCC22
:10ED3000630509040545EFF00FCB7DBF4245EFF0B9
:10ED40009F942A8969D1A28445BFE247E9DF83AA5B
:10ED50008914014A8149930BC0021F0C3C069ECBCB
:10ED60008D4C624563485A07EFF04F8410504C4C6D
:10ED70001F05B039A300EFD0AFC7C24432441F050E
:10ED8000E439A30083AA841402CAD685EFD04FC603
:10ED90004C441F05083AA300EFD08FC55C4463863E
:10EDA000FA001387FAFF639AE72A554763F7E72AC1
:10EDB0004C082685EFF06F9B2A8919E1D244A5EC17
:10EDC0001F05E834A300EFD0AFC2C247814403A5BA
:10EDD0008714DDBD330D7A036A951C416396870164
:10EDE000FD19050A8509B5BF6C0802CEEFF02F9B0F
:10EDF0002A8919E1F24791EB1F053C35A300EFD0BA
:10EE00002FBF6245EFE09FFA25B7FC4B584CCE85EB
:10EE10005A853E9758CCE247EA979043EFF0CFB43B
:10EE20006317950172471C50784BBA971CD07245F6
:10EE3000EFE0DFF77DB702CC8149014B1F0A3C06AA
:10EE40009ECBB73B0080374DA300B74DA30063595D
:10EE50005B05884063134501FD19EFE08FE319CD91
:10EE60009040CE852285EFF02FB02A8CBB1605038B
:10EE70008C401F05303AA300EFD08FB7050B8509F2
:10EE80009384C402E9B72C082685EFF04F912A89B4
:10EE900019E1E24795E71F05603AA300EFD04FB5AF
:10EEA000624519C1EFE09FF063080900CA851F059C
:10EEB000183CA300EFD0CFB35245EFE03FEF31B79E
:10EEC000DC43638147130146CE852285EFF0AF9A7C
:10EED0002A8909C51F05883AA300C9B7E247130567
:10EEE0004DABCC43EFD0CFB0624963190C04EFF0C7
:10EEF0004FAFAA8C21C51F05E03AA300EFD04FAF5A
:10EF0000054CE28513854DB7EFD08FAE6286CE8576
:10EF10002285EFF04F962A8963830C006689CA85A3
:10EF20001F05943BA300EFD0AFACE31B09F662458D
:10EF3000EFE0DFE702CCEFE0CFE089B793361C00CB
:10EF4000130600029385C4004A85EFF00FEBAA8CEC
:10EF5000054C45F98326490037179ECB1306678277
:10EF6000938C6B04E38FC6F813072783E38BE6F8D3
:10EF7000832509061F05103BA300EFD06FA7832749
:10EF800009061F07E196783C6393E7021F05343BAF
:10EF9000A300EFD0EFA54A85EFE0EFF0AA8C35F1A2
:10EFA0004A85DD2A133C1500AA8C050C99BF1F0762
:10EFB00046464944639AE7001F054C3BA300EFD047
:10EFC0002FA34A853D2CF9BF1F05603BA300EFD05E
:10EFD0002FA24A85EFE02FEDAA8CE31405F24A85B3
:10EFE0002D24C9B7B747A300138547BCD285EFD0FE
:10EFF0002FA0E247B746A30003A9C698D8436316DB
:10F0000047059447D840680874C8DC47BD07C19BD2
:10F010003CCC930707017CCC930700023CD002CE86
:10F02000EFE08FC92A8915E1724581461306440530
:10F03000C14513054505EFE04FDD2A8919E5014675
:10F04000D2852285EFF02F832A89B747A300CA858E
:10F050001385C7BEEFD0CF99D9BD1F0943300080BB
:10F06000ADB3854401451F0940300080B1B9288007
:10F070002A84EFE0BFD600CD0145248038802A8461
:10F08000EFE0DFD5AA84EFE07FD51C4D85CB88501B
:10F090002295C04C88D019C4930740063305F50269
:10F0A000335485029F04045BA0009C406388870062
:10F0B000EFE0DFD21C4D2285829780C034804882E9
:10F0C00002CA02CC02CE9F072DA5874B2A842E8927
:10F0D000B2846393F602B70720003ECC9307007812
:10F0E0003ECE834741018DE362458C40BA864A8615
:10F0F0002295EFE08FD101A836854C083AC6EFE0A3
:10F100009FD4324779DD44821F0504300080E5BF7B
:10F11000588A2E84B289814513064002AA842808A1
:10F1200036893AC6EF901F882286CE862C0868184A
:10F13000EFF05F8A2A8415E9D044DC403247330679
:10F14000364132D222563ECC3ACE02D06371C90249
:10F15000CA851F05503CA300EFD08F892C08681882
:10F16000EFF07F911F04513000802285548A26865B
:10F170002C086818EFF0BFA42A8411C9AA851F05BE
:10F18000983CA300EFD0CF861F04623000802C088B
:10F190006818EFF05F8ED1BF5882C1471408500045
:10F1A0008145AA840329850002C802CA02CC02CE86
:10F1B0003EC202C402C6EFE0DFE72A8429E12685C9
:10F1C000EFE0CFCF2A8405ED924526860808EFE0D0
:10F1D0004FE42A8415E1C84070002C009249EFE00A
:10F1E0001FD22A8411E9B2463387290141460C080F
:10F1F0002685EFF0FFF12A842685EFE00FDD2285DA
:10F2000054821F054630008082808881832A8500D1
:10F210002A8A484130004C0002C202C4EFE03FCECF
:10F220002A8421E90327CA00A24763E9E7060565A6
:10F2300002C6EFE01FB6AA8425C50149056B8327E6
:10F24000CA006366F9002685EFE05FB61DA0B387AC
:10F2500027416373FB0085677000A685330559015C
:10F260003EC6EFE0BFC2AA8919C52685EFE01FB4EC
:10F270004E842285848183264A0001477000A6853A
:10F280004A85EFF0DFE3AA896DF1B247F9DF3E99D5
:10F29000EFE02FAB3245EFF07FDE55B77D54D1BFA5
:10F2A000370400801504F1B73821832F85027D5E75
:10F2B000331EEE00832E0504134EFEFF0323C5000C
:10F2C000337EFE01120E03280502338FCE011B0F81
:10F2D000E303AA865C51130F0FE037050001832872
:10F2E000060003570F00637AA800014563F9154132
:10F2F0008821220885059B27F5101355B800330790
:10F30000E50263F9E712C8561303032819E163887D
:10F310000F0403C816007D5583C20600331505018E
:10F3200003A886011345F5FF3375F5013315550024
:10F3300003AF0601130EF8FF6315080003AE460184
:10F340007D1E7A9E03480E00214E330E5E403358D8
:10F35000C801429513080060330505032A933BF664
:10F360001E078546370E00011308F00F8606330589
:10F37000D300835E05006379C70163F115398821E5
:10F38000220785059B27F5101355B7003305D503D4
:10F3900063E1A702098F898F8506E379D8FC0545CB
:10F3A000B70700016375F70063FA153585050CC2D0
:10F3B00082802A87DDB783AE860103AE0603884AC2
:10F3C0000148338FCE4163F4CE0103A84601B30652
:10F3D000E501C29603CE0600130800108546B70F5C
:10F3E0000001130FF00F060EB37EC8013305D800DD
:10F3F00076951B05A302835205006379F70163FF2D
:10F40000152F8821220785059B27F5101355B70076
:10F4100033055502860663FAA7001347FEFF3378CB
:10F42000E8002A87E371DFFC9DBF098F898F85067D
:10F430007688CDBFC10E3308E8409B0ED303B706D4
:10F440000001998F03D70E00637AD800014563F855
:10F45000152B9421220885059BA7F6109356B8001A
:10F46000B386E60263F0D714130803A00945814F61
:10F47000B70E00010357080063FAD60163F015299F
:10F4800083CE0500A20685059BA7FE1093DEB6007D
:10F490003387EE0263FEE71C1B08C8038146214F39
:10F4A000054EB7020001060EB30EC80183D30E004D
:10F4B000637A570063F4152583CE0500220785057E
:10F4C0009BA7FE10935EB700B38E7E0263E6D71F44
:10F4D0003307D741B387D741050EE366EEFDBBF096
:10F4E000BF04B386E641F296130E0020BBF206037A
:10F4F0008506139E76008546370F0001930EF003B4
:10F5000086063308D3007298835F0800637AE701A8
:10F5100063F6151F03C80500220785059B27F81011
:10F520001358B7003308F80363EA07193307074194
:10F53000B38707418506E3F5DEFC938606FCBBE84E
:10F54000960413D81600BBFE560E858A7D1893E6E6
:10F550002600370E0080B3960601134E0E98F296E1
:10F560001B03D302854E054EB70F00019B06C30354
:10F5700003DF06006379F70163F21519942122076E
:10F5800085059BA7F6109356B700B386E603139F35
:10F590001E0063FFD714769E36877D18FA8EE31718
:10F5A00008FCFDBB3307D840958FB706000103D890
:10F5B0008E01637AD700014563F315159421220764
:10F5C00085059BA7F6109356B700B386060363F133
:10F5D000D7047D773A9F3705000103570F6063FA20
:10F5E000A600014563FD15118821A20685059B270C
:10F5F000F51013D5B6003307E50263EFE70E998ED9
:10F60000998F1F0800F6FFFF1A980D45B14F8DB571
:10F61000158F958FB706000103D80E03637AD700C4
:10F62000014563FE150D9421220785059BA7F61061
:10F630009356B700B3860603E3E5D7FC158F958F85
:10F64000B706000103D88E04637AD700014563F83A
:10F65000150B9421220785059BA7F6109356B7003A
:10F66000B3860603E3EFD7F8958FB306D74051BFB3
:10F67000998EB70E0001998F0357080163FAD601DE
:10F6800063FE150783CE0500A20685059BA7FE1025
:10F6900093DEB6003387EE0263F7E700210E1B0806
:10F6A000C803A146EDBB998F130808203387E640B5
:10F6B000130F0010C146EDB3768705B54287A5BD8F
:10F6C0006D18370E00016379C70163F915039421A2
:10F6D000220785059BA7F6100583B386E740FD82C8
:10F6E000FD16F98E7D18958FE31F08FC11489DBD0E
:10F6F000158F958F7A9E55B50D455DB10145828078
:10F700001D71930201030B96E27F832DC50232CE59
:10F710002A8E83238502832E8501639B0D005C4125
:10F720003387D541B387774063F4E700B385D701CA
:10F7300083470E0003471E0003462E003EC6B24616
:10F74000930700103397E700B3D7D700FD56B39661
:10F75000C60093C6F6FF36CCB7060080832FCE00D6
:10F7600093C606F036D0FD7693860660832C4E0154
:10F77000B307F74036C8FE963ECA36D2032F0E04B2
:10F7800093860FA083220E0303244E0383298E0346
:10F79000032DCE03032A0E010327CE0103290E02F7
:10F7A00083274E0236D49386FCFF8148370600013A
:10F7B0001F080008000036D6E24633F57600825670
:10F7C0001205B304E501B6948604B38A9F0003D3FF
:10F7D0000A006377C9001423220905079BA7F610C6
:10F7E0009356B900B386660263FBD754330568406D
:10F7F0001B03A34A23906A0013850F286394030018
:10F8000063850D02939483001383FEFF63930E00C0
:10F8100032535293034303002693D244337393002D
:10F82000B244331393005B15650685031D43637172
:10F830006F248D447A8363F3E4010D43330F6F40EB
:10F840000353250063F7C6000423A20605079BA700
:10F85000F41093D4B600B384640263FF9716B30622
:10F8600068401B03D34A2311650089468606B30A04
:10F87000D50003D90A0063F8C40003430700A204BB
:10F8800005079B27F31013D3B4003303230363FE50
:10F890006714B30428411B09994A23902A0186065C
:10F8A000B30AD50003D90A006377C30004232203F7
:10F8B00005079BA7F4109354B300B384240363F0AB
:10F8C0009714330328411B09694A23902A018606AD
:10F8D000B30AD50003D90A0063F8C4000343070044
:10F8E000A20405079B27F31013D3B40033032303AB
:10F8F00063F06712B30428411B09994A23902A0137
:10F900008606B30AD50003D90A006377C30004232F
:10F91000220305079BA7F4109354B300B384240378
:10F9200063F29710330328411B09694A23902A0187
:10F930008606B30AD50003D90A0063F8C40003435E
:10F940000700A20405079B27F31013D3B400330369
:10F95000230363F2670EB30428411B09994A2390DD
:10F960002A018606B30AD50003D90A006377C300CB
:10F970000423220305079BA7F4109354B300B38418
:10F98000240363F4970C330328411B09694A23902D
:10F990002A0186063695835A050063F8C40003439E
:10F9A0000700A20405079B27F31013D9B4003309FD
:10F9B000590363F5270B330358419B8A6A4A231086
:10F9C00055013305DA0114A1850EE3F9BE30F24684
:10F9D000E364D7DE6F0090301B13634A858F2311D9
:10F9E0006500B38496408D4651B51B19294BB387EA
:10F9F000674023902A018506338364404DB51B1967
:10FA0000294B858F23902A018506B3049340C1B505
:10FA10001B19294BB387674023902A01850633833E
:10FA20006440F9BD1B19294B858F23902A01850657
:10FA3000B3049340F5BD1B19294BB387674023904E
:10FA40002A0185063383644029BF1B19294B858F02
:10FA500023902A018506B304934025BF9B9A5A4BF5
:10FA6000B38727412310550185063389244191BF6F
:10FA700033835E40814463F35E00E68452932693B1
:10FA8000034303009944BB710F0A8D440603937B23
:10FA90000310938A1B109B0A5503330F9F4003D911
:10FAA0000A0063F7C6000423A20605079BA7F4100B
:10FAB00093D4B600B384240363FA971EB306284197
:10FAC0001B09D94A934BF3FF23902A0193FB0B1098
:10FAD00089460603337C7301B38ADB00E29A9B0AF2
:10FAE000550303DB0A0063F8C40003490700A204BE
:10FAF00005079B27F91013D9B4003309690386065B
:10FB000063FF271BB30468411B0B9B4A134CF3FF95
:10FB100023906A01337C7C010603B37B8301B30A23
:10FB2000DC00DE9A9B0A550303DB0A006377C900F9
:10FB30000423220905079BA7F4109354B900B3844A
:10FB40006403860663F79718330968411B0B2B4B38
:10FB5000934BF3FF23906A01B3FB8B010603337CC5
:10FB60007301B38ADB00E29A9B0A550303DB0A00A8
:10FB700063F8C40003490700A20405079B27F91096
:10FB800013D9B40033096903860663FD2715B3044E
:10FB900068411B0B9B4A134CF3FF23906A01337C93
:10FBA0007C010603B37B8301B30ADC00DE9A9B0A67
:10FBB000550303DB0A006377C90004232209050704
:10FBC0009BA7F4109354B900B3846403860663F5CD
:10FBD0009712330968411B0B2B4B934BF3FF239078
:10FBE0006A01B3FB8B010603337C7301B38ADB002C
:10FBF000E29A9B0A550303DB0A0063F8C400034939
:10FC00000700A20405079B27F91013D9B400330994
:10FC10006903860663FB270FB30468411B0B9B4AED
:10FC2000134CF3FF23906A01337C7C010603B37A03
:10FC30008301330BDC00569B1B0B6503835B0B00BE
:10FC40006377C9000423220905079BA7F410935486
:10FC5000B900B3847403860663F3970C33097841C3
:10FC60009B8B2B4B934AF3FF23107B01B3FA8A0142
:10FC70001BC36A02B69A56931B056502035305001F
:10FC800063F8C40003490700A20405079B27F91085
:10FC900013D9B40033096902860663FB2709B3044C
:10FCA00068401B03934A2310650021BB1B19294B95
:10FCB000858F23902A01B38496408D4619BD1B1B66
:10FCC0006B4BB387274123906A0185063389244112
:10FCD000A1B51B1B6B4B858F23906A018506B3046E
:10FCE0009940ADBD1B1B6B4BB387274123906A0125
:10FCF00085063389244175B51B1B6B4B858F23907B
:10FD00006A018506B3049940F9BD1B1B6B4BB38791
:10FD1000274123906A0185063389244101BF9B9BBB
:10FD20007B4B858F23107B018506B304994089B7EF
:10FD30001B13634AB38727412310650035B31B1398
:10FD4000634A23906A0013030F010603338B6F008D
:10FD50003309D940958F835A0B006377C900142368
:10FD6000220905079BA7F6109356B900B3865603E0
:10FD700063F3D712B308584122539B8A1A4B2310BE
:10FD80005B01310F8354030063F8C600834807000A
:10FD9000A20605079BA7F81093D8B600B38898026F
:10FDA00063F41729B30698409B84D44A2310930028
:10FDB0001B05A302362163F8C80003430700A2080D
:10FDC00005079B27F31093D4B800B384D40263F2E1
:10FDD0009722B308D8409B86164B36A189468606E3
:10FDE0003309D5000353090063F8C40083480700B2
:10FDF000A20405079BA7F81093D8B400B388680243
:10FE000063F11721B30468401B03934A2310690070
:10FE100086063695062163F8C80003430700A2084A
:10FE200005079B27F31013D9B8003309990263F42F
:10FE3000271FB30898409B84144B06A12D45938837
:10FE400086FF636AE535B386D5418908638806680D
:10FE5000468563F31601368533835E40814663F33E
:10FE60005E00E6869A963383DC40AA93B388A84066
:10FE7000B384AE006362A3723303DA01B386D64162
:10FE80001A95A68EB304D30084200503A30F93FE16
:10FE9000E31A65FE1DBE9B9A5A4B23105B01130BA0
:10FEA00083017E9B3309D940958F835A0B0063777A
:10FEB000C9001423220905079BA7F6109356B90021
:10FEC000B386560363F7D708330358419B8A6A4ABF
:10FED000424323105B019A94FE9403D3040063F819
:10FEE000C60003490700A20605079B27F91013D98E
:10FEF000B6003309690263FB2703B30668401B039E
:10FF0000D34A23906400B3865E40014563F35E00EC
:10FF10006685D296AA968822B306DA01850388A25E
:10FF2000850E9D46637BDF68254F45B4A2881B1371
:10FF3000634A1684B3862641B38727412390640021
:10FF4000C6823B7B2F07214F96881253A28246849C
:10FF500015BD9B9A5A4B9304030323105B01FE9437
:10FF60003309D940958F83D804006377C9001423DF
:10FF7000220905079BA7F6109356B900B38616030E
:10FF800063F9D700330318419B88684A2390140112
:10FF90004DBF9B98184B13038304239014017E9349
:10FFA0003309D940958F835803006377C900142320
:10FFB000220905079BA7F6109356B900B3861603CE
:10FFC00063FCD700B30418419B88984A231013019F
:10FFD000A2884E84C689B5B79B98184B958F23107D
:10FFE0001301B306D940A2886A844E8DE5B72D4F20
:10FFF000A1BF9B96D64A858F36A1B38498408D4683
:0200000400A357
:10000000F9BB1B13634AB3871741231069008506A8
:10001000B3881441F5BB9B94944AB387274106A14A
:1000200085063389284119BD9B94944A2310930077
:1000300033891641B3871741835403016377C9009D
:100040001423220905079BA7F6109358B900B3881B
:10005000980263F2170FB30698409B84D44A210597
:10006000231893001B03A3028356230063F7C800E1
:100070000823A20805079B27F51093D4B800B38482
:10008000D40263FE97063305D8409B86A64A231107
:10009000D30089488608330913010355090063F723
:1000A000C4001423A20405079BA7F61093D6B4003E
:1000B000B386A60263FED704B304A8401B05954A85
:1000C0002310A900860846938354030063F7C600F3
:1000D0000823A20605079B27F51013D9B60033099C
:1000E000990263F02705B30698409B84D44A2310F5
:1000F0009300AD46E3F9E6D5130300206DA09B966F
:10010000D64A858F2311D300B38498408D4859B7C0
:100110001B15A54A958F2310A9008508B386D440E6
:1001200055B79B94944AB3872741231093008508C1
:10013000338926417DBF9B94944A33091941B38783
:100140001741231893008548930AF00F860893847B
:1001500008209A9496206377C9000823220905078E
:100160009B27F5101355B9003305D50263FDA70091
:100170003309D8409B86264B96A02A89E3F81AFDBE
:10018000938808F1BDB79B96D64A3309A940898F59
:1001900096A08508E5B70D4513030020636515019A
:1001A000E516139376007E93835623006377C90088
:1001B0000823220905079B27F5109354B900B3843F
:1001C000D40263FC97183305D8409B86A64A2311B6
:1001D000D30089468606B30AD30003D90A0063F721
:1001E000C4000823A20405079B27F51013D5B4000B
:1001F0003305250363FCA716B30428411B09994A5C
:1002000023902A018606B30AD30003D90A00637734
:10021000C5000423220505079BA7F4109354B500DD
:10022000B384240363FD9714330528411B09A94AAD
:1002300023902A018606B30AD30003D90A0063F784
:10024000C4000823A20405079B27F51013D5B400AA
:100250003305250363FEA712B30428411B09994AFD
:1002600023902A018606B30AD30003D90A006377D4
:10027000C5000423220505079BA7F4109354B5007D
:10028000B384240363FF9710330528411B09A94A4F
:1002900023902A01860636930355030063F8C400B1
:1002A00003490700A20405079B27F91013D9B400DE
:1002B0003309A90263F02711B304A8401B05954A2E
:1002C0002310A300938606FC0D456375D50613F530
:1002D0001600B54413D316001365250063E0D4104F
:1002E0007D13331565000505854BFD769386063035
:1002F0001B8BA6027E9B83540B006377C9001423DB
:10030000220905079BA7F610935AB900B38A9A02EF
:1003100093961B0063FA570B330998409B84244B38
:1003200023109B005E9556897D13B68BE31F03FA5D
:10033000B306D540C9441385160063E8E4251D4F74
:100340001E8363830D006E8363E366244E8D938862
:100350002820A2891684AA8251A29B96D64A858F0C
:100360002311D300B30499408D46ADB51B19294B19
:10037000898F23902A0185063385A44061B51B1916
:10038000294B858F23902A018506B30495405DB5DE
:100390001B19294B898F23902A0185063385A44098
:1003A000D1B51B19294B858F23902A018506B304EB
:1003B0009540CDB51B15A54AB38727412310A3004F
:1003C000850633892441FDBD9B94944A33095941E4
:1003D000B387574123109B003695B9B76D136377E8
:1003E000C9001423220905079BA7F6101359190009
:1003F000B387274193D4F7411B85A4027D13B374BF
:1004000099000505A697E31C03FC120583D62F006F
:100410006378C90003430700220905079B27F310EF
:100420009354B900B384D40263FC97103303D840CB
:100430009B86664A2391DF0089469B8ADF0203D9A7
:100440000A0063F8C40003430700A20405079B27C2
:10045000F31013D3B4003303230363FC670EB30418
:1004600028411B09994A23902A0189069B8ADF02A9
:1004700003D90A006377C3000423220305079BA75F
:10048000F4109354B300B384240363FE970C330336
:1004900028411B09694A23902A0191069B8ADF02A1
:1004A00003D30A0063F8C40003490700A204050748
:1004B0009B27F91013D9B4003309690263FE270B97
:1004C000B30468401B03934A23906A00E116C98E67
:1004D0007D55E391A6E6511F93082011B706000150
:1004E0006377D9001423220905079BA7F61023225E
:1004F000FE028327CE0213B50820232EEE00232010
:100500002E0323221E05232CDE0123247E02232812
:100510005E02232A8E02232C3E03232EAE032320C9
:10052000EE051345150099E783274E0063E4F300B9
:100530002326FE02930201030B86E27F256182805F
:100540009B96D64A858F2391DF00B30499408D4650
:10055000EDB51B19294BB387674023902A019106FB
:100560003383644021B71B19294B858F23902A01BF
:10057000A106B30493401DB71B13634AB3872741F9
:1005800023906A003389244199B7294F55BB4E8D7A
:10059000A2891684AA8245B83305DA000343050010
:1005A000850E3305DA01A30F65FE85066393DC0033
:1005B0008146E3939EFE6FF04FC12D4F6FF0EFC069
:1005C00093074011232C050023260504232405024C
:1005D000232605027CC18280D88283A9060023A03D
:1005E000060023800700BE8D7C41BA8B13072011C3
:1005F0002A842E8BB2843689637AF7081307401158
:100600006366F70A11477C446389090C6377F70A2C
:10061000034704054DE3BBE1370583472405034742
:100620001405C2079BA7E73003474405D98F03474A
:1006300034059BA7E71058545CD001EB185411E720
:100640001F07FFFBFFBF6368F7067840FD571CD00C
:10065000232604049307301163F8E7021C201830A6
:100660001444130600403E9793070030B397E70009
:100670009387077C01476365F70685475CDC1CDCD4
:100680005CD81CD823200404232204044D4C7D5D37
:10069000930A0405744093072011639BF6045C5091
:1006A00099EB85472380FD000145D4821307F01F95
:1006B0002D45E38CE7FE0545CDBF9386170074C436
:1006C000850483C6F4FFA297FD192388D7048327E6
:1006D000090085072320F9003DB79DFB8D47D9B759
:1006E00092A20507890641BFB3899940B6845DB7D8
:1006F00099C61C4C3307FB40637DD70001EF1C4CAF
:1007000063E167077C40639A071A5C50B9E7914739
:1007100051BF36874C54105499E54C403385C54041
:100720006363A7004CD43A9610D40C5810480328A1
:100730004401998E74C03E973385B740814663F378
:10074000B700C286B296AA968822B306F60085073D
:1007500088A2E393E7FE1CCC5DB763980B0489473E
:1007600091B7814C7844631F071063743C01638127
:100770000C0A338A34017008A685228552CEEFE038
:10078000BFB215E5BBF02914832709001304040543
:10079000CE972320F900232E34FFE3019AF49C2006
:1007A00005048504A30FF4FECDBF854C65BF724AD6
:1007B000330A9A40BB741A15638A0C023B0C05027B
:1007C0008327090013040405D2972320F900232E60
:1007D00044FF269A6396440189472380FD00E1BDCA
:1007E0009C2005048504A30FF4FEEDB7268644CCB7
:1007F000DA852285EFE0DFF0544CB3849640631E27
:10080000AA0163FE99009307F01F7CC02D4571BDBE
:100810001386C9FE26967D5AD9BFE39644FF8327E7
:100820000900A6972320F900E30005EC93070020B8
:100830007CC051B5050AB306EA40A69603C6F6FF8A
:10084000B3064401A387C604B306EA40636A4C07B3
:10085000E3E236FF33874A017008D685228536C623
:100860003ACEEFE07FA4B24605E13B77EA142326B7
:10087000440583270900B6972320F9008D4723807C
:10088000FD0025B53A8AC9B7724A7444330A5A4101
:10089000E36BDAF663890C0209476306E5028327F6
:1008A0000900D297958F2320F90023264405238041
:1008B000ED0011B5638A4703B9B7E3820BEA29BF9C
:1008C000E39A0CF87D5A232E54015686DA85228548
:1008D000EFE01FE35C4C7844B3875741E35C0AFCCC
:1008E000BBF9C715E3E1E7F2998F03270900B38647
:1008F000F400B389F940BA972320F90023260404B1
:10090000E30605DE25B7C88203290600032B07008E
:10091000232006002A84AE8BB289368C3A8A3E8D1B
:10092000232007004C481C4C5ACE6394B700232C5C
:100930000400832A84010147B387554163E52701F9
:10094000B30559016A87C28762867408228542C648
:10095000EFF09FC8724783270A00AA8C5E85BA977A
:100960002320FA00044C0C483A9CB3845441268658
:10097000D695330BEB40EF80CF8D83A70900A69B64
:1009800033099940A69723A0F90063960C0081C40F
:100990003248E31909F86685C48228802A84DC413C
:1009A0002E850C44829723240400248048801C4513
:1009B0002E9693040030B394C4002A849384047C5C
:1009C00089C73C4501456388F402B685228536898E
:1009D000EFF0BFFC83270900939514004A858297A6
:1009E000AA8708C4094581CB1F05000D0000AA97FE
:1009F0005CC424C4014544803B72060511458280D5
:100A0000B8219C319BA7E710B8319BA7E720D821DC
:100A10009BA7E730056763F3E70085675CC19C210E
:100A20003BF7F7E1A54633F7D70218A11307D00229
:100A300033D7E702B3D7D70238A11547B3F7E70298
:100A40001CB10145828028822A84280836C6EFF02E
:100A5000BFFAB24609ED0346910183458101228523
:100A6000EFF0DFF409E5E2471CC0F2475CC02482E6
:100A7000635BB004AA87594829C9188032872E863B
:100A800001EB8145EF701FF2130860094285148065
:100A900063F8D5008145EF70FFF01308200AFDB719
:100AA0006376A700B305D7006368B5000148E3FF8C
:100AB000E7FCBE96E37CD7FC81453E85EF709FEE58
:100AC0001308600BE1B7130820024285828063E3BC
:100AD000D5020DC105C263CF050089CE6376A6009D
:100AE000B307D600637AF5006376C500B307D50077
:100AF0006374F6006FF0DFF71880B2853686EF700A
:100B00005FF501451480288013042002635CB00067
:100B1000594409C9B2872E8681EB8145EF709FE861
:100B2000130460092285248063F8D5008145EF70A5
:100B30007FE71304200AFDB70144E305F5FEFDD26B
:100B40003686BE85EF806FA0F1BFAE8763C3050216
:100B500028802A8411C9B285368663E0D702EF70F7
:100B60007FE401473A85248013072002E5DD5947D9
:100B7000D5BF130720023A85828013072002FDD3D8
:100B80003E86EF703FE21307200AE9BF32876346D3
:100B9000E0009C423E9690C282801C41FD171CC121
:100BA00063D50700FD579CC282805C417D178CA3F2
:100BB0005C4185075CC1E1BFD89FB74AA30093871A
:100BC0004ACF1D713ECC374BA300A947AA8C328473
:100BD00002CE02D002D23ED402D602D802DA02DC21
:100BE00002DE82C082C22314010402CA0147938A32
:100BF0004ACF9F0B083DA300130B0BCC1F0C0440E6
:100C0000A3001F09E03CA3009C2181C7D24663D901
:100C1000060019C33B163707524513010125D4803E
:100C2000B386FB009422138A1500DBD6DB08BA9644
:100C300083C906103BFE29089B063B059442828629
:100C400003A70C007D1723A0EC006340070203A755
:100C50004C001CA383A74C00850723A2FC00D247AD
:100C600085073ECAD2854E8745B7FD57DDBFFD5784
:100C700082C202D002D602D83EDA02D202DC02DE02
:100C8000D5B71307B0026389E702636AF7003B88B0
:100C90000720BB94F723B25793E7070821A8BB8826
:100CA000072DBB90F730B25793E7870021A0B257CA
:100CB00093E727003ED67DB7B25793E71700DDBF15
:100CC000B25793E74700FDB7BB93072A14401104BE
:100CD00036D8854636DCE25695E6BB01070302D8D6
:100CE000C2561F0714AE47016354D7007D5535B770
:100CF00013972600938707FD3697819F9B87E7020E
:100D00003ED88DB7C25763D907003257B307F040BA
:100D10003ED8136747003AD642579F07C8CCCC0C41
:100D2000E3D2E7F4E1B702DA35BFBB93072A1840F4
:100D300011043ADA05473ADEF256525785E29F0629
:100D400014AE4701E3C4E6FA93162700938707FD24
:100D50003697819F9B87E7023EDA29B763540700E5
:100D6000FD573EDA525755BF1307A0066387E708C1
:100D70006360F7041307C0046386E704636EF7003B
:100D80003B99B7499C31BB9F1736BC213B9D27340B
:100D9000138A3500216791A0BB8F075A3B92B76831
:100DA000943132576397F60A138A2500896781A028
:100DB000130740076386E704636BF7003B89076C02
:100DC0003B99A771B2571F070014000001A8BB820E
:100DD0002777BB94A77A37070200B257D98FD9BDBE
:100DE000943132576397F600138A250085675D8F2B
:100DF00019A0136707013AD6B5B537070400F1BF4C
:100E00004167E1BF3B960733BC21BB9D0732B25718
:100E100061777D17138A3500F98F69BD1387C7F98C
:100E20009376F70F3BF506121F0721080200335790
:100E3000D700058BE31807E293F7F70D3B8A875835
:100E400083A70C00FD1723A0FC0063DC0700FD57FF
:100E50002DA01367070245B7B2571F07000800000F
:100E6000B5BF83A74C001307900498A383A74C0039
:100E7000850723A2FC00D24785073ECA8149DDB31E
:100E80003BF2476813075006E3F2E7E61307300525
:100E90006389E71A636FF70813073004638FE71459
:100EA00063E6E7009387B7FB3BE19703825742561F
:100EB0001D8E96471D8EB257B2C0B18B89EB635819
:100EC000C0005408930500026685EFF03FCC9646BB
:100ED000635ED0003C083386F60003A70C007D1744
:100EE00023A0EC00635E074AFD573ECAB257B18BA0
:100EF000BB95070806466358C000540893050003D5
:100F00006685EFF0BFC89257638C074AFD573ECA0B
:100F1000D247E3C907D4B257918BE38507D406467D
:100F2000E352C0D45408930500026685EFF01FC653
:100F300015BB13073006638CE70C6361F706BB9B98
:100F4000D75841473AD44ACC3257BB8557583B957E
:100F500057709F07904000005D8F8947BEC2E177C0
:100F600093C7078302DA3AD62314F104B2572567F0
:100F70007D8F630A07161D04937784FF138487000F
:100F8000844303AD470045A213070007E38BE7FA4C
:100F90006363F7023B8207693B95C76F9306900630
:100FA00032576386D70063EDF610BB90F764136782
:100FB00007043AD611AABB89F7753B82E778BB9B39
:100FC000B773B25714409304440013F777FF3AD62F
:100FD0001F0710080000F98F36CE5257D9EB89E66B
:100FE0009F070C40A3003ECE7245BB1B17FFEF705E
:100FF000FFD1635B0506014585A8B25705679306D7
:101000000783FD8E89E613070780D98F3ED6B25736
:10101000054632D093F577FF2ED69F0510080000C5
:10102000ED8F13074400144099C7FC00B6C63ECEAE
:1010300032D23A84A5BDFC002306D1043ECE02D2B2
:10104000CDBFB257056793060783FD8EBDFA130720
:101050000780D98F3ED6B5B72A97AA876384E70061
:10106000942391E63385A7402AD0268481B585074D
:10107000F5B785473ED289E69F071440A3003ECED0
:10108000F24681476384E700904201EA3707002077
:1010900063E3E70081473ED0C9BF85079106DDB70E
:1010A00056CC13770708E30B07EE1307000323045E
:1010B000E1046247182BA304E1040947BAC2F9BD51
:1010C0003B84076F3B9AA775A9473ED44ACC79BDAC
:1010D000A1473ED44ACC93770708E38907E8136712
:1010E00007203AD661B593F6070113F7070489C6BE
:1010F000044011044DCB65A09396270163D90608DF
:101100001440014D110493F4F60F11CFE206E1866D
:1011100063DB060093C4F4FF819C850493E707100A
:1011200013DDF4413ED6B257A68D6A8793F60704C5
:1011300089CE635C0D00B30D9040B336B001330728
:10114000A04193E70710158F3ED6B256B79704001B
:10115000F58F91E301471308C12442CEB3E7ED00B8
:10116000C1E382C202D052578546634F0700B2578F
:101170009396170163C40600DD9B3ED693070020BB
:1011800063D3E7003EDAD2561306000369AA93F64A
:10119000070281CE0440110411C7C204C18413DDCB
:1011A000F44151B7A19C014DBDBF9396F70063D7A1
:1011B00006000440110413DDF441B5B79396E7002F
:1011C00063DB060004409307440013DDF44111E3A0
:1011D000014D3E8489BF9396D700E3DB06F061BBE7
:1011E000A25749EFBB91170AA946254672479307B4
:1011F000F7FF3ECEB3F7DD02CA979C23A30FF7FE9D
:1012000093D72D009B87B7439B87F7489B87F75061
:101210009B87F7608D83139527003E951B95AD0244
:10122000637CA6048507BE8DD1B7BB8907103B90B0
:10123000170872479307F7FF3ECE93F77D00CA97D2
:101240009C2393DD3D00A30FF7FEE3940DFE05A064
:10125000724793F6FD0093DD4D009307F7FF3ECEF6
:10126000E247B6979C23A30FF7FEE3930DFEF247E8
:101270003308F84042D0C5BDDDF7D5BFBB8C070AA7
:101280003B8B1710BB9AF708F2469387F6FF3ECECA
:1012900093F77D00CA979C2393DD3D009BADED3A0B
:1012A0000D83A38FF6FEB3E7ED00F9FFC9B7F24750
:1012B00029466E859386F7FF36CEBA85814642C6AB
:1012C0003EC43AC2EF70CFAD4A9514211247A247EF
:1012D0006E85BA85A38FD7FE29468146EF700FAC85
:1012E0002E87C98DAA8D3248F9F151B7F24613F60F
:1012F000FD0093DD4D009387F6FF3ECEE2479BADA8
:10130000ED381183B2979C23A38FF6FEB3E7ED006F
:10131000F1FFB1BFF2471387F7FF3ACEA38FC7FEA5
:10132000825785073ED00257E346D7FEB25793F760
:10133000072085C3F24701C798233B060730138770
:10134000F7FF3ACE13070003A38FE7FE8257850706
:101350003ED0B25713F7070411CB13F707100DC790
:101360001307D0022304E1040547BAC2B3E4A40181
:10137000E39E04B213971701E35A07B21547DD9BAA
:1013800062CE3AD03ED61DB613F7170001C7130739
:10139000B002C9BF13F7270071DB13070002D9B7EA
:1013A00003A74C0083C5070385070CA303A74C00C4
:1013B000050723A2EC00E312F6B2D247B69735B682
:1013C000F245825403A70C00AE87B38695006349AB
:1013D0009706BBDD040CAE8719A803A74C00942325
:1013E000850714A303A74C00050723A2EC0033874D
:1013F000B740E34497FE83A70C00858F23A0FC0031
:10140000D247BE9426CA29B603A54C002686EF70A3
:101410004FE483A74C00A69723A2FC00E9BF03A7D3
:101420000C007D1723A0EC00E34207AE03A74C009D
:101430009023850710A303A74C00050723A2EC0007
:101440003387F640E34DE0FC65BF3881AE842A84E3
:10145000B2852AC63686280026C4EFF0EFF5634B26
:101460000500A247FD173EC463C60700B2472380AC
:1014700007003481A24763D707002694A30F04FE18
:101480007955C5BF230004007D55E5B72880328813
:101490002A84AE8736868DCA19E17D552480F5DD14
:1014A000E3CD05FEB708008093C8E8FF63E00803BA
:1014B000BA866372B80293051800EFF01FF93B0774
:1014C000F5FEE35D05FC29A069D9E1D9E3C707FC76
:1014D00023000400D9B7EFF05FF7E5B7F904000087
:1014E00003000000000000000000000000000000F9
:1014F0001CD2A20032D2A20048D2A200F8D2A2008E
:101500005ED2A20074D2A2008AD2A200A0D2A2000F
:10151000B6D2A200CCD2A20006D2A200E2D2A20091
:101520000ED3A20024D3A20006D2A2003AD3A20076
:1015300050D3A20066D3A20000000000000000000B
:1015400075716ED06AD266D462D65ED85ADA56DC2D
:1015500052DECEC0CAC2A6C4A2C6FEC8FACAF6CC23
:10156000F2CEC6D0C2D2BED4BAD6B6D8B2DAAEDCCB
:10157000AADE1EC11AC316C506C7732A20FC52C0B4
:10158000F32920344EC2732930344AC40EC6F324E2
:10159000003026C87324103422CA12CC0ACE7370CD
:1015A0000430731001341741FDFF1301A1F5A1426E
:1015B000639459006F60FFF99392290017030000AC
:1015C000130343F397030000938343F77325003419
:1015D0009A9263FF720483A20200EFB09F98732176
:1015E000003489629382028073A00230D2427390E9
:1015F0001234825D125DA25C325CC25B525BE25AC5
:10160000725A86491649A6443644C64F564FE64E8E
:10161000764E86581658A6573657C6565656E6552D
:1016200076558A431A43AA42BA4049617300203072
:101630006FB07FBD00000000000000006FF05FF0A1
:101640006FB0DFD36FB09FD36FB05FD36FB01FD3D6
:101650006FB0DFD26FB09FD26FB05FD26FB01FD2CA
:101660006FB0DFD16FB09FD16FB05FD16F00001747
:101670006FB0DFD06FB09FD06FB05FD06FB01FD0B2
:101680006FB0DFCF6FB09FCF6FB05FCF6FB01FCFA6
:101690006FB0DFCE6FB09FCE6FB05FCE6FB01FCE9A
:1016A0006FB0DFCD6F0000206F00802A6F00003523
:1016B0006F00803F6F00004A6F0080546F00005F32
:1016C0006F00C05E6F00805E6F00405E6F00005E66
:1016D0006F00C05D6F00805D6F00405D6F00005D5A
:1016E0006F00C05C6F00805C6F00405C6F00005C4E
:1016F0006F00C05B6F00805B6F00405B6F00005B42
:101700006F00C05A6F00805A6F00405A6F00005A35
:101710006F00C0596F0080596F0040596F00005929
:101720006F00C0586F0080586F0040586F0000581D
:101730006F00C0576F0080576F0040576F00005711
:101740006F00C0566F0080566F0040566F00005605
:101750006F00C0556F0080556F0040556F000055F9
:101760006F00C0546F0080546F0040546F000054ED
:101770006F00C0536F0080536F0040536F000053E1
:101780006F00C0526F0080526F0040526F000052D5
:101790006F00C0516F0080516F0040516F000051C9
:1017A0006F00C0506F0080506F0040506F000050BD
:1017B0006F00C04F6F00804F6F00404F6F00004FB1
:1017C0006F00C04E6F00804E6F00404E6F00004EA5
:1017D0006F00C04D6F00804D00000000737004303A
:1017E00075716ED06AD266D462D65ED85ADA56DC8B
:1017F00052DECEC0CAC2A6C4A2C6FEC8FACAF6CC81
:10180000F2CEC6D0C2D2BED4BAD6B6D8B2DAAEDC28
:10181000AADE1EC11AC316C506C7732A20FC52C011
:10182000F32920344EC2732930344AC40EC6F3243F
:10183000003026C87324103422CA12CC0ACE73108A
:1018400001341741FDFF1301E18B73250034EFB024
:101850004FF17321003489629382028873A00230B1
:10186000D24273901234825D125DA25C325CC25B24
:10187000525BE25A725A86491649A6443644C64F0C
:10188000564FE64E764E86581658A6573657C656C9
:101890005656E65576558A431A43AA42BA404961DC
:1018A0007300203073700430197106C00AC20EC470
:1018B00012C616C81ACA1ECC22CE26D02AD22ED4C0
:1018C00032D636D83ADA3EDC42DEC6C0CAC2CEC410
:1018D000D2C6D6C8DACADECCE2CEE6D0EAD2EED4A0
:1018E000F2D6F6D8FADAFEDCF322103496DE731064
:1018F00001341741FDFF1301E180EFB02FC87321C0
:10190000003489629382028873A00230F652739089
:1019100012348240C2425243E2437244825412550E
:10192000A2553256C2565257E25772588648164947
:10193000A649364AC64A564BE64B764C865C165D3F
:10194000A65D365EC65E565FE65F096173002030B5
:1019500073700430197106C00AC20EC412C616C8CC
:101960001ACA1ECC22CE26D02AD22ED432D636D8AF
:101970003ADA3EDC42DEC6C0CAC2CEC4D2C6D6C83F
:10198000DACADECCE2CEE6D0EAD2EED4F2D6F6D88F
:10199000FADAFEDCF322103496DE731001341731CC
:1019A000FDFF13012176EFB06FC17321003489620E
:1019B0009382028873A00230F652739012348240F0
:1019C000C2425243E243724482541255A2553256E7
:1019D000C2565257E257725886481649A649364AA7
:1019E000C64A564BE64B764C865C165DA65D365E67
:1019F000C65E565FE65F0961730020307370043085
:101A0000197106C00AC20EC412C616C81ACA1ECC64
:101A100022CE26D02AD22ED432D636D83ADA3EDC9E
:101A200042DEC6C0CAC2CEC4D2C6D6C8DACADECC6E
:101A3000E2CEE6D0EAD2EED4F2D6F6D8FADAFEDC7E
:101A4000F322103496DE731001341731FDFF1301B9
:101A5000616BEFB0AFBA7321003489629382028860
:101A600073A00230F652739012348240C242524345
:101A7000E243724482541255A2553256C25652570E
:101A8000E257725886481649A649364AC64A564B06
:101A9000E64B764C865C165DA65D365EC65E565F8E
:101AA000E65F09617300203073700430197106C05D
:101AB0000AC20EC412C616C81ACA1ECC22CE26D01E
:101AC0002AD22ED432D636D83ADA3EDC42DEC6C02E
:101AD000CAC2CEC4D2C6D6C8DACADECCE2CEE6D0FE
:101AE000EAD2EED4F2D6F6D8FADAFEDCF3221034DB
:101AF00096DE731001341731FDFF1301A160EFB0C2
:101B0000EFB37321003489629382028873A002309C
:101B1000F652739012348240C2425243E2437244FE
:101B200082541255A2553256C2565257E257725835
:101B300086481649A649364AC64A564BE64B764C65
:101B4000865C165DA65D365EC65E565FE65F096121
:101B50007300203073700430197106C00AC20EC4BD
:101B600012C616C81ACA1ECC22CE26D02AD22ED40D
:101B700032D636D83ADA3EDC42DEC6C0CAC2CEC45D
:101B8000D2C6D6C8DACADECCE2CEE6D0EAD2EED4ED
:101B9000F2D6F6D8FADAFEDCF322103496DE7310B1
:101BA00001341731FDFF1301E155EFB02FAD732163
:101BB000003489629382028873A00230F6527390D7
:101BC00012348240C2425243E2437244825412555C
:101BD000A2553256C2565257E25772588648164995
:101BE000A649364AC64A564BE64B764C865C165D8D
:101BF000A65D365EC65E565FE65F09617300203003
:101C000073700430197106C00AC20EC412C616C819
:101C10001ACA1ECC22CE26D02AD22ED432D636D8FC
:101C20003ADA3EDC42DEC6C0CAC2CEC4D2C6D6C88C
:101C3000DACADECCE2CEE6D0EAD2EED4F2D6F6D8DC
:101C4000FADAFEDCF322103496DE73100134173119
:101C5000FDFF1301214BEFB06FA6732100348962A1
:101C60009382028873A00230F6527390123482403D
:101C7000C2425243E243724482541255A255325634
:101C8000C2565257E257725886481649A649364AF4
:101C9000C64A564BE64B764C865C165DA65D365EB4
:101CA000C65E565FE65F09617300203073700430D2
:101CB000197106C00AC20EC412C616C81ACA1ECCB2
:101CC00022CE26D02AD22ED432D636D83ADA3EDCEC
:101CD00042DEC6C0CAC2CEC4D2C6D6C8DACADECCBC
:101CE000E2CEE6D0EAD2EED4F2D6F6D8FADAFEDCCC
:101CF000F322103496DE731001341731FDFF130107
:101D00006140EFB0AF9F73210034896293820288F3
:101D100073A00230F652739012348240C242524392
:101D2000E243724482541255A2553256C25652575B
:101D3000E257725886481649A649364AC64A564B53
:101D4000E64B764C865C165DA65D365EC65E565FDB
:101D5000E65F09617300203073250030A14273B043
:101D60000230828073250030A14273A0023082804D
:101D70007310053082800000FFFFFF00FFFFFF00AF
:101D80000001020203030303040404040404040422
:101D900005050505050505050505050505050505F3
:101DA00006060606060606060606060606060606D3
:101DB00006060606060606060606060606060606C3
:101DC00007070707070707070707070707070707A3
:101DD0000707070707070707070707070707070793
:101DE0000707070707070707070707070707070783
:101DF0000707070707070707070707070707070773
:101E00000808080808080808080808080808080852
:101E10000808080808080808080808080808080842
:101E20000808080808080808080808080808080832
:101E30000808080808080808080808080808080822
:101E40000808080808080808080808080808080812
:101E50000808080808080808080808080808080802
:101E600008080808080808080808080808080808F2
:101E700008080808080808080808080808080808E2
:101E8000040100000000200000008000466C617327
:101E900068626F6F74205561727420496E69742096
:101EA0005375636321000000466C617368626F6F55
:101EB00074204D616C6C6F6320496E69742053759A
:101EC00063632100466C61736820496E6974204623
:101ED00061696C2120726574203D2000466C61733D
:101EE0006820496E69742053756363210000000007
:101EF0005346432066697820535220726574203D12
:101F0000000000007377206D6F64652C206C65768F
:101F1000656C5B73773A636869705D3A0000000036
:101F20006877206D6F64652C206C6576656C5B63EB
:101F30006869705D3A000000756170695F70617278
:101F4000746974696F6E5F6765745F696E666F2030
:101F50006661696C656420007570675F666C6173AB
:101F6000685F72656164206661696C656420000069
:101F70004E6F206E65656420746F207570677261A6
:101F800064652E2E2E0000006E65656420757067F6
:101F900072616465000000002D2D2D2D2D2D2D2D3D
:101FA0002D2D2D2D2D2D2D2D2D2D2D2D2D2D2D2D61
:101FB0002D2D000075706772616465206661696C23
:101FC00065642C207265736574206E6F7700000065
:101FD0007570677261646520737563636573732CD4
:101FE000207265736574206E6F77000047657420FA
:101FF00061707020706172746974696F6E206661BF
:10200000696C656421000000666C6173685F656ED1
:1020100063727970742064697361626C652E00006C
:1020200041646472206E6F74203235366279746553
:1020300020616C69676E6D656E742000666C6173FB
:10204000685F656E637279707420656E61626C653D
:102050002E000000456E6372797074206F64726B9D
:1020600031206572723D0000456E63727970742094
:1020700066617063206572723D000000456E637298
:1020800079707420627970617373206572723D009B
:102090007665726966792061707020686561642078
:1020A0006661696C656421207265743D0000000002
:1020B0007665726966792061707020626F6479203C
:1020C0006661696C65642121207265743D000000C1
:1020D0006765745F706B675F6865616465722066D1
:1020E00061696C2C20726574203D20007570675FFB
:1020F000766572696679206661696C2C20726574F8
:10210000203D20007265736574207570677261648C
:102110006520666C6167206661696C2C207265744D
:102120003D0000007265717565737420757067728B
:10213000616465206661696C2C207265743D0000E5
:1021400054727920666F74612066697820617070BE
:102150002E000000466C617368626F6F74206261CC
:10216000636B757020776F726B696E67210000007A
:10217000466C617368626F6F742070617274697409
:10218000696F6E20696E666F20676574206661698D
:102190006C2100005265636F76657279206572610B
:1021A0007365206661696C65642121207265742005
:1021B0003D2000005265636F766572792077726901
:1021C0007465206661696C656421212072657420E4
:1021D0003D2000005265636F76657279206F6B2138
:1021E00000000000564500006469655F6964206571
:1021F000667573655F726561645F6974656D20669D
:1022000061696C2100000000646965206964206DCB
:10221000656D636D70206661696C2100696D616731
:1022200065206964206572726F7221007665727331
:10223000696F6E2065667573655F726561645F695D
:1022400074656D206661696C210000006D736964BE
:1022500020636F6D70617265206661696C2100009A
:1022600065667573655F726561645F6974656D202D
:1022700076657269667920656E61626C652066615B
:10228000696C210076657273696F6E20636F6D7083
:10229000617265206661696C210000000000000029
:1022A0001EF0D24B00000000000100002DF0D24BC8
:1022B00000000000020000001E3C1E4B0300000056
:1022C000020100002D3C1E4B030000000300000033
:1022D0001E87694B03000000030100002D87694B36
:1022E00003000000040000001E3C1E4B0300000021
:1022F000040100002D3C1E4B0300000005000000FF
:102300001E87694B03000000050100002D87694B03
:1023100003000000010200001EA5874B040000001E
:10232000010300002DA5874B0400000006000000FB
:102330001E2D0F4B02000000060100002D2D0F4B3B
:10234000020000007365637572655F61757468658E
:102350006E746963617465206472765F726F6D5F1D
:102360006369706865725F736861323536206661D3
:10237000696C21007365637572655F61757468656A
:102380006E746963617465206472765F726F6D5FED
:102390006369706865725F706B655F627032353655
:1023A000725F766572696679206661696C210000EA
:1023B0007665726966795F696D6167655F636F6491
:1023C000655F61726561206472765F726F6D5F63D5
:1023D00069706865725F736861323536210000008C
:1023E0007665726966795F696D6167655F636F6461
:1023F000655F617265612068617368206D656D63FA
:102400006D70206661696C2100000000766572695C
:1024100066795F696D6167655F636F64655F61724F
:102420006561206661696C21000000007665726953
:1024300066795F696D6167655F6B65795F6172651C
:1024400061207365637572652076657269667920AF
:1024500064697361626C65210000000076657269D1
:1024600066795F696D6167655F6B65795F617265EC
:10247000612073656375726520766572696679207F
:102480006572726F722100007665726966795F69A4
:102490006D6167655F6B65795F6172656120726F01
:1024A0006F746B65795F73746174757320696E7690
:1024B000616C6964210000007665726966795F6904
:1024C0006D6167655F6B65795F6172656120696DDC
:1024D000616765206964206572726F722100000077
:1024E0007665726966795F696D6167655F6B65794D
:1024F0005F61726561207365637572655F61757494
:1025000068656E746963617465210000766572693F
:1025100066795F696D6167655F6B65795F6172653B
:1025200061206B65792076657273696F6E206572C4
:10253000726F7221000000007665726966795F69CA
:102540006D6167655F6B65795F61726561206D7351
:102550006964206572726F7221000000766572698D
:1025600066795F696D6167655F6B65795F617265EB
:102570006120646965206964206572726F72210050
:102580007665726966795F696D6167655F6B6579AC
:102590005F61726561206661696C210076657269B0
:1025A00066795F696D6167655F636F64655F696EBA
:1025B000666F2073656375726520766572696679EA
:1025C0002064697361626C65210000007665726940
:1025D00066795F696D6167655F636F64655F696E8A
:1025E000666F2073656375726520766572696679BA
:1025F000206572726F7221007665726966795F6913
:102600006D6167655F636F64655F696E666F2069A2
:102610006D616765206964206572726F72210000C8
:102620007665726966795F696D6167655F636F641E
:10263000655F696E666F207365637572655F61754E
:102640007468656E7469636174652100766572698A
:1026500066795F696D6167655F636F64655F696E09
:10266000666F206B65792076657273696F6E206581
:1026700072726F72210000007665726966795F6917
:102680006D6167655F636F64655F696E666F206D1E
:10269000736964206572726F7221000076657269D9
:1026A00066795F696D6167655F636F64655F696EB9
:1026B000666F206661696C21000000006A09E667A8
:1026C000BB67AE853C6EF372A54FF53A510E527F53
:1026D0009B05688C1F83D9AB5BE0CD197380166FA7
:1026E0004914B2B9172442D7DA8A0600A96F30BC60
:1026F000163138AAE38DEE4DB0FB0E4EA4A5A20014
:1027000062A5A20032A6A200C4A6A200DEA6A20074
:10271000FAB8A200E4B8A200DCB8A200E4B8A200B3
:10272000E8B8A200E4B8A200F2B8A200E4B8A2009F
:10273000E4B8A200E4B8A200E4B8A200E4B8A200A1
:10274000E8B8A200F2B8A2000110200098B9A200D7
:10275000000000002EB9A20020B9A20012B9A20008
:1027600004B9A20004B9A200D6B6A200ECB6A20039
:1027700022B7A2000000000000B8A200E0B7A2004B
:102780000000000000000000000000000000000049
:1027900004B7A20078B6A2008AB6A200000000002A
:1027A00000000144001001440020014439C6FFFF2D
:1027B000C10600400101000402000000000000000A
:1027C00019000000010000001100000039C6FFFFE1
:1027D000C106004091020020010100041900000020
:1027E00059400000D9490000D9550000596B00003C
:1027F00059F7000001000000110000000040000037
:102800000040000091290000004000000103050085
:10281000000001033501010002000000000000007B
:10282000C84016000000400004000000DC27A300A0
:10283000F427A300CC27A3000C28A300FFFFFF0070
:102840000000080003000000C027A300C427A30065
:10285000AC27A300B827A3004E6F206E65656420E7
:10286000746F20666978205352210D0A0000000021
:10287000535220666978206F6B210D0A000000001A
:10288000535225645B307825785D206E65656473EE
:1028900020666978696E672C206578706563745B63
:1028A000307825785D0D0A0000000800030008005C
:1028B000A000030070022000030090020800030043
:1028C000980208000300A00200010300A0032000FA
:1028D0000300C00301000300E80308000300300602
:1028E0003000030060063000030090063000030053
:1028F000C00630000300F00680000300A0020001C3
:1029000003006F040100030060040F000300700463
:1029100010000300700730000300000020000000DA
:10292000307800007570646174655F7265736574FA
:102930005F636F756E742000524F4D7C64656661F5
:10294000756C745F68616E646C6572203A20696EA4
:1029500074657272757074206964785B25645D0AB1
:1029600000000000524F4D7C4F6F7073202D206887
:10297000617264206661756C740D0A00524F4D7C63
:10298000657863657074696F6E3A25780D0A00008A
:10299000524F4D7C4F6F70733A4E4D490A00000004
:1029A000524F4D7C4F6F7073202D20696E736E20D7
:1029B00070616765206661756C740D0A0000000027
:1029C000524F4D7C4F6F7073202D206C6F616420CF
:1029D00070616765206661756C740D0A0000000007
:1029E000524F4D7C4F6F7073202D206C6F636B20A6
:1029F00075700D0A00000000524F4D7C4F6F7073D0
:102A0000202D2073746F7265207061676520666188
:102A1000756C740D0A000000524F4D7C4F6F70733F
:102A2000202D2065627265616B0D0A00524F4D7C4E
:102A30004F6F7073202D20656E7669726F6E6D65B5
:102A40006E742063616C6C2066726F6D204D2D6D0D
:102A50006F64650D0A000000524F4D7C4F6F70731C
:102A6000202D20656E7669726F6E6D656E742063C1
:102A7000616C6C2066726F6D20532D6D6F64650DF7
:102A80000A000000524F4D7C4F6F7073202D20655F
:102A90006E7669726F6E6D656E742063616C6C200A
:102AA00066726F6D20552D6D6F64650D0A00000014
:102AB000524F4D7C4F6F7073202D20696E7374726E
:102AC000756374696F6E20616363657373206661FB
:102AD000756C740D0A000000524F4D7C4F6F70737F
:102AE000202D20696C6C6567616C20696E7374724F
:102AF000756374696F6E0D0A00000000524F4D7CC3
:102B00004F6F7073202D20696E73747275637469D2
:102B10006F6E2061646472657373206D6973616C9C
:102B200069676E65640D0A00524F4D7C4F6F70737C
:102B3000202D206C6F616420616363657373206670
:102B400061756C740D0A0000524F4D7C4F6F7073AD
:102B5000202D206C6F616420616464726573732042
:102B60006D6973616C69676E65640D0A0000000031
:102B7000524F4D7C4F6F7073202D2073746F7265B0
:102B800020286F7220414D4F292061636365737364
:102B9000206661756C740D0A00000000524F4D7C78
:102BA0004F6F7073202D2073746F726520286F72C1
:102BB00020414D4F292061646472657373206D69F3
:102BC00073616C69676E65640D0A0000524F4D7C3D
:102BD0004F6F7073202D20756E6B6E6F776E206552
:102BE0007863657074696F6E0D0A0000524F4D7CFA
:102BF0002A2A2A2A2A2A2A2A2A2A2A2A2A2A4578CC
:102C000063657074696F6E20496E666F726D617472
:102C1000696F6E2A2A2A2A2A2A2A2A2A2A2A2A2A4C
:102C20002A200A00524F4D7C75774578635479709D
:102C300065203D20307825780A000000524F4D7CF9
:102C40006D657063202020202020203D20307825D5
:102C5000780A0000524F4D7C6D7374617475732057
:102C60002020203D20307825780A0000524F4D7CEE
:102C70006D7476616C2020202020203D2030782546
:102C8000780A0000524F4D7C6D636175736520209A
:102C90002020203D20307825780A0000524F4D7CBE
:102CA00063636175736520202020203D20307825E6
:102CB000780A0000524F4D7C726120202020202095
:102CC0002020203D20307825780A0000524F4D7C8E
:102CD00073702020202020202020203D20307825C7
:102CE000780A0000524F4D7C677020202020202061
:102CF0002020203D20307825780A0000524F4D7C5E
:102D000074702020202020202020203D2030782595
:102D1000780A0000524F4D7C743020202020202063
:102D20002020203D20307825780A0000524F4D7C2D
:102D300074312020202020202020203D20307825A4
:102D4000780A0000524F4D7C743220202020202031
:102D50002020203D20307825780A0000524F4D7CFD
:102D600073302020202020202020203D2030782576
:102D7000780A0000524F4D7C733120202020202003
:102D80002020203D20307825780A0000524F4D7CCD
:102D900061302020202020202020203D2030782558
:102DA000780A0000524F4D7C6131202020202020E5
:102DB0002020203D20307825780A0000524F4D7C9D
:102DC00061322020202020202020203D2030782526
:102DD000780A0000524F4D7C6133202020202020B3
:102DE0002020203D20307825780A0000524F4D7C6D
:102DF00061342020202020202020203D20307825F4
:102E0000780A0000524F4D7C613520202020202080
:102E10002020203D20307825780A0000524F4D7C3C
:102E200061362020202020202020203D20307825C1
:102E3000780A0000524F4D7C61372020202020204E
:102E40002020203D20307825780A0000524F4D7C0C
:102E500073322020202020202020203D2030782583
:102E6000780A0000524F4D7C733320202020202010
:102E70002020203D20307825780A0000524F4D7CDC
:102E800073342020202020202020203D2030782551
:102E9000780A0000524F4D7C7335202020202020DE
:102EA0002020203D20307825780A0000524F4D7CAC
:102EB00073362020202020202020203D203078251F
:102EC000780A0000524F4D7C7337202020202020AC
:102ED0002020203D20307825780A0000524F4D7C7C
:102EE00073382020202020202020203D20307825ED
:102EF000780A0000524F4D7C73392020202020207A
:102F00002020203D20307825780A0000524F4D7C4B
:102F100073313020202020202020203D20307825B3
:102F2000780A0000524F4D7C733131202020202040
:102F30002020203D20307825780A0000524F4D7C1B
:102F400074332020202020202020203D2030782590
:102F5000780A0000524F4D7C74342020202020201D
:102F60002020203D20307825780A0000524F4D7CEB
:102F700074352020202020202020203D203078255E
:102F8000780A0000524F4D7C7436202020202020EB
:102F90002020203D20307825780A0000524F4D7CBB
:102FA0002A2A2A2A2A2A2A2A2A2A2A2A2A2A457818
:102FB00063657074696F6E20496E666F726D6174BF
:102FC000696F6E20656E642A2A2A2A2A2A2A2A2AEA
:102FD0002A2A2A2A2A200A00524F4D7C6E6D695FE8
:102FE00068616E646C6572203A20696E74657272F5
:102FF000757074206964785B25645D0A00000000C8
:103000005B5550475D20676574206D736964206669
:1030100061696C2C7265743D307825780D0A00006A
:103020005B5550475D206D7369642077726F6E67E2
:10303000210D0A005B5550475D2070726F67726505
:1030400073732063616C6C6261636B207265676986
:103050007374206661696C65640D0A005B555047A6
:103060005D207570672070657263656E74203A200C
:10307000000000003100000020250D005B55504786
:103080005D20696E6974206661696C6564210D0A52
:10309000000000005B5550475D20696E6974204F49
:1030A0004B2100005B5550475D207570675F696E6E
:1030B00069745F637279746F5F636667206D656DB5
:1030C0006370795F7320656E6372792073616C74CD
:1030D000206661696C2E200D0A0000005B55504788
:1030E0005D207570675F696E69745F637279746F74
:1030F0005F636667206D656D6370795F73206465DB
:103100006372792073616C74206661696C2E200D86
:103110000A0000005B5550475D207570675F696E5F
:1031200069745F637279746F5F636667206D656D44
:103130006370795F7320656E6372792069762066AB
:1031400061696C2E200D0A005B5550475D2075703B
:10315000675F696E69745F637279746F5F636667D6
:10316000206D656D6370795F73206465637279208B
:103170006976206661696C2E200D0A005B55504708
:103180005D206472765F726F6D5F636970686572EF
:103190005F73796D635F696E6974206661696C2C19
:1031A00020726574203D20307825782E200D0A008D
:1031B0005B5550475D206472765F726F6D5F636927
:1031C000706865725F6372656174655F6B65797362
:1031D0006C6F7420656E637279206661696C6564DA
:1031E0002C20726574203D20307825782E200D0A21
:1031F000000000005B5550475D206472765F726F7F
:103200006D5F6369706865725F6372656174655F45
:103210006B6579736C6F7420646563727920666185
:10322000696C65642C20726574203D2030782578A7
:103230002E200D0A000000005B5550475D20757080
:10324000675F64656372795F666F74615F706B74EA
:103250003A6472765F726F6D5F6369706865725F02
:1032600073796D635F6465637279707420666169F8
:103270006C65642C20726574203D203078257820A0
:103280000D0A00005B5550475D207570675F656EE5
:103290006372795F666F74615F706B743A647276A3
:1032A0005F726F6D5F6369706865725F73796D637C
:1032B0005F64656372797074206661696C65642C03
:1032C00020726574203D2030782578200D0A00009A
:1032D000524F4D7C5B70616E69635D69643A256431
:1032E0002C636F64653A307825782C63616C6C3A96
:1032F00030782578000000005B5550475D207570E0
:10330000675F6765745F757067726164655F666C3F
:1033100061675F666C6173685F73746172745F612B
:10332000646472206661696C0D0A00005B55504749
:103330005D207570675F616C6C6F635F616E645F69
:103340006765745F757067726164655F666C6167FD
:10335000207570675F6D616C6C6F63206661696C6E
:103360000D0A00005B5550475D207570675F616C0A
:103370006C6F635F616E645F6765745F75706772C1
:103380006164655F666C6167207265616420666C6C
:10339000617368206661696C0D0A00005B555047D7
:1033A0005D207570675F666C6173685F72656164EC
:1033B00020666C6167206661696C0D0A0000000080
:1033C0005B5550475D20777269746520636F6D703F
:1033D0006C6574653A20307825780D0A000000008D
:1033E0005B5550475D207570675F666C6173685F01
:1033F00077726974652075706772616465722066A2
:103400006C6167206661696C2E20726574203D20B6
:10341000307825780D0A00005B5550475D207265B5
:103420007472792074696D657320616C6C206661BB
:10343000696C65640D0A00005B5550475D2068614A
:1034400073685F6F7065726174696F6E3A20647241
:10345000765F726F6D5F6369706865725F686173D4
:1034600068206661696C207265745F76616C203DCE
:1034700020307825780D0A005B5550475D20636148
:103480006C635F68617368206661696C2072657443
:10349000203D20307825780D0A0000005B5550470C
:1034A0005D207665726966795F7369676E617475B0
:1034B0007265206973206661696C2C2072657420C6
:1034C0003D20307825780D0A000000005B555047FC
:1034D0005D20757067207665726966792068656120
:1034E00064204F4B0D0A00005B5550475D207570FE
:1034F000675F6765745F706B675F696D6167655F64
:10350000686173685F7461626C65206661696C0DE7
:103510000A0000005B5550475D207570675F766557
:10352000726966795F6861736820696D616765209B
:103530007461626C65204F4B0D0A00005B5550476B
:103540005D207570675F6765745F706B675F696D3D
:103550006167655F686561646572206661696C0DAD
:103560000A0000005B5550475D2075706720766546
:10357000726966793A20696D616765204944206502
:1035800072726F720D0A00005B5550475D207665C0
:10359000726966795F666F74615F6B65795F61728E
:1035A0006561202D3E207665726966792053484119
:1035B0003235360D0A0000005B5550475D207570AE
:1035C00067207665726966793A206B657920617249
:1035D0006561206572726F722E20726574203D20C5
:1035E000307825780D0A00005B5550475D207570D6
:1035F00067207665726966793A20666F7461206922
:103600006E666F206572726F722E20726574203D37
:1036100020307825780D0A005B5550475D20757085
:1036200067207665726966793A207570675F6368AE
:1036300065636B5F666F74615F696E666F726D6103
:1036400074696F6E2E20726574203D203078257865
:103650000D0A00005B5550475D2075706720766548
:10366000726966793A2066696C6520696D61676583
:1036700020636865636B206572726F722E206865C7
:10368000616465725F6D61676963203D20307825F4
:10369000780D0A005B5550475D2075706720766590
:1036A000726966793A20696D616765206368656350
:1036B0006B204F4B2E20696D6167655F6964203D0B
:1036C00020307825780D0A005B5550475D207570D5
:1036D000675F7665726966795F686173683A2068CA
:1036E0006173685F6F7065726174696F6E20666187
:1036F000696C207265745F76616C203D203078259E
:10370000780D0A005B5550475D20766572696679D1
:103710005F666F74615F696E666F202D3E2076650F
:1037200072696679205348413235360D0A0000002F
:103730005B5550475D207665726966795F666F7488
:10374000615F696E666F202D3E20766572696679CD
:10375000207369676E65640D0A0000005B55504771
:103760005D207570675F7665726966795F68617301
:10377000683A206D656D636D7020686173682066BE
:1037800061696C2E0D0A00005B5550475D20757015
:10379000675F6765745F7061636B6167655F6865CC
:1037A00061646572206661696C0D0A005B55504763
:1037B0005D20756170695F7570675F7665726966B7
:1037C000795F66696C65206661696C2C207265742E
:1037D000203D20307825780D0A0000005B555047C9
:1037E0005D207570675F6765745F6669726D77618C
:1037F00072655F6E756D6265725F696E5F70616341
:103800006B616765206661696C2C20726574203D70
:1038100020307825780D0A005B5550475D20757083
:10382000675F757067726164655F726571756573F6
:1038300074206661696C2E20726574203D2030789A
:1038400025780D0A000000005B5550475D2075701B
:10385000675F656E6372795F666F74615F706B74CA
:103860003A6D656D6D6F76655F73206661696C6535
:10387000642E0D0A000000005B5550475D207570F6
:10388000675F6C7A6D615F616C6C6F632066616904
:103890006C65642121212073697A65203D20307890
:1038A00025780D0A000000005B5550475D207570BB
:1038B000675F6C7A6D615F726561645F706B745F86
:1038C0006465637279206661696C20726574203D5D
:1038D00020307825782E0D0A000000005B555047F7
:1038E0005D207570675F6C7A6D615F6465636F649E
:1038F000655F746F5F627566206661696C207265D2
:1039000074203D20307825782E0D0A005B555047F5
:103910005D206C7A6D616465635F6465636F646587
:10392000746F627566206661696C20726574203DF3
:1039300020307825782E200D0A0000005B55504776
:103940005D207570675F6C7A6D615F777269746511
:103950005F696D616765206661696C2E0D0A000004
:103960005B5550475D207570675F656E6372795F68
:10397000666F74615F706B74206661696C2072653C
:1039800074203D2030782578200D0A0044300080D6
:103990005B5550475D204E6F74206E6565642074E2
:1039A0006F20757067726164652E2E2E0D0A0000FF
:1039B0005B5550475D207061636B61676520696E80
:1039C000666F20746F74616C3D20307825782C20F0
:1039D00066696E6973686564203D20307825780DCE
:1039E0000A0000005B5550475D2075706461746586
:1039F00020696D616765206E756D626572203D207E
:103A0000307825780D0A00005B5550475D207570B1
:103A100064617465206669726D77617265206E7588
:103A20006D626572203D20307825780D0A00000017
:103A30005B5550475D2054686520696D616765205E
:103A40006861732066696E69736865642E20696DAC
:103A50006167655F6964203D20307825780D0A0034
:103A60005B5550475D207570675F6765745F706B6D
:103A7000675F696D6167655F68656164657220662F
:103A800061696C2E0D0A00005B5550475D20757012
:103A9000675F7365745F6669726D776172655F7584
:103AA00070646174655F73746174757320666169B5
:103AB0006C0D0A005B5550475D2073746172742071
:103AC000706572666F726D207570646174652069CF
:103AD0006D616765203A20307825780D0A00000076
:103AE0005B5550475D207570675F666C6173685FFA
:103AF00065726173655F6D657461646174615F7047
:103B000061676573206661696C2E0D0A0000000014
:103B10005B5550475D20696D616765206465636F23
:103B20006D70726573735F666C61673A20307825DB
:103B3000780D0A005B5550475D206465636F6D70BA
:103B400072657373207570670D0A00005B555047EE
:103B50005D2064696666207570670D0A00000000CC
:103B60005B5550475D2066756C6C207570670D0A5B
:103B7000000000005B5550475D20737769746368EF
:103B800020737461747573203D20307825780D0A98
:103B9000000000005B5550475D20706572666F72D3
:103BA0006D2075706461746520696D616765206F53
:103BB0007665722E20726574203D20307825780D50
:103BC0000A0000005B5550475D20737461727420D9
:103BD000706572666F726D204E5620696D61676503
:103BE000203A20307825780D0A0000005B555047B8
:103BF0005D20706572666F726D204E5620696D6132
:103C00006765206F7665722E20726574203D2030C6
:103C10007825780D0A0000005B5550475D207570CF
:103C2000675F70726F636573735F757064617465ED
:103C30005F696D6167655F7461736B73206661694D
:103C40006C2C20726574203D20307825780D0A0098
:103C50005B5550475D206170702073697A652069FB
:103C600073206E6F7420656E6F75676821206170B8
:103C7000705F73697A65203D20307825782C206448
:103C800065636F6D70726573735F6C656E203D2048
:103C9000307825780D0A00005B5550475D2075701F
:103CA000675F6C7A6D615F6465636F6465206661F0
:103CB000696C20726574203D20307825780D0A00EB
:103CC000400CA3006E0CA300820CA300C80CA30040
:103CD000260DA3002A0DA300680DA300800EA300EB
:103CE0003031323334353637383961626364656672
:103CF00078000000303132333435363738394142BC
:103D00004344454658000000000000000000000049
:103D100000000000000000000000000000000000A3
:103D20000000000000000000060000060001000086
:103D3000000003060006020004050505050505054B
:103D40000505000000000000000000080008080849
:103D50000007000007000700000000080000000046
:103D6000080007000000000000000008080808081C
:103D700007080700070000080807000807080007F1
:103D80000800070000000000000000000000000024
:103D90000000000000000000000000000000000023
:103DA0000000000000000000000000000000000013
:103DB0000000000000000000000000000000000003
:103DC00000000000000000000000000000000000F3
:103DD00000000000000000000000000000000000E3
:103DE00000000000000000000000000000000000D3
:103DF00000000000000000000000000000000000C3
:103E00000000000000000000000808080808080082
:103E1000000100080808080801000004040408085C
:103E20000800000003030805080800000002020360
:103E30000505080000000303030505080000000253
:103E40000202080808000000060606060606000032
:0C3E50000007070707070700000000003C
:103E5C001F00000056AAA20024AAA2000000000025
:103E6C000000000084AAA200000000000000000076
:103E7C0018ABA200B0ABA200E4AAA20000000000A4
:103E8C0050ACA20000000000000000000100000087
:103E9C00050000000000000001000000010000000F
:103EAC000200000002000000030000000D000003EF
:103EBC0008000000130000031400000015000003AC
:103ECC0016000000150000030000000013000003A2
:103EDC00010000000D0000030200000000000000C3
:103EEC0001000000010000000200000002000000C0
:103EFC00030000000D000003070000001300000386
:103F0C00150000001500000317000000E0B9A20026
:103F1C00ACB6A20088B7A2003AB7A20060B7A20064
:103F2C000000000006BBA20004BBA2007EBBA200E6
:103F3C00F0BAA200EEBBA2006ABBA200DEBAA200DD
:103F4C0008BBA200FABAA200000000000000180092
:103F5C0000000000050100030100000000801C00AF
:103F6C00000000000301000302000000000000003C
:103F7C000000000001010107030000000000000028
:103F8C000000000005010107040000000000A00073
:103F9C00000000000101010700366E01007D0000E9
:103FAC00180000000060004000366E016400000044
:103FBC0050C30000308000442C8000440088004432
:103FCC0003FFFFFF2D3C1E4B010000002D2D0F4B5E
:103FDC00200000002DA5875A310000002D3C1E4BFF
:103FEC002D2D0F4B3C069ECB2DA5875AE83FA300E9
:103FFC0004000000F8DAA200286E696C29000000A9
:10400C00286E756C6C290000280000006E00000002
:10401C00750000006C0000006C000000290000001E
:10402C00000000000000000000000000801DA30044
:08403C00FFFFFFFF0000000080
:10404400000000000000000000000000000000006C
:10405400000000000000000000000000000000005C
:10406400000000000000000000000000000000004C
:10407400000000000000000000000000000000003C
:10408400000000000000000000000000000000002C
:10409400000000000000000000000000000000001C
:1040A400000000000000000000000000000000000C
:1040B40000000000000000000000000000000000FC
:1040C40000000000000000000000000000000000EC
:1040D40000000000000000000000000000000000DC
:1040E40000000000000000000000000000000000CC
:1040F40000000000000000000000000000000000BC
:1041040000000000000000000000000000000000AB
:10411400000000000000000000000000000000009B
:10412400000000000000000000000000000000008B
:0C4134000000000000000000000000007F
:0400000500A28300D2
:00000001FF
