0040006F
00000293
3A029073
00000293
3A129073
00000293
3A229073
00000293
3A329073
00000293
7D929073
FFFDD297
7DC28293
00050313
00032E03
01C2A023
00009297
2FC28293
00128293
30529073
30005073
30405073
0000C197
4EC18193
FFFDD117
9A010113
FFFDB297
D9828293
FFFDD317
19030313
00628C63
EFBEB3B7
DDE38393
0072A023
00428293
FE62CCE3
00000093
00000213
00000413
00000493
00000513
00000593
00000613
00000693
00000713
00000793
00000813
00000893
00000913
00000993
00000A13
00000A93
00000B13
00000B93
00000C13
00000C93
00000D13
00000D93
00000E13
00000E93
00000F13
00000F93
FFFDD297
10828293
FFFDD317
70830313
00628A63
00000393
0072A023
00428293
FE62CCE3
25D0006F
00A31540
00A2D37C
00A2D37C
00A2D37C
00A2D37C
00A2D37C
00A2D37C
00A2D37C
00A2D37C
00A2D37C
00A2D37C
00A2D37C
00A2D390
00A2D37C
00A2D37C
00A2D37C
00A2D37C
00A2D37C
00A2D37C
00A2D37C
00A2D37C
00A2D37C
00A2D37C
00A2D37C
00A2D37C
00A2D37C
00A2CF58
00A2CF58
00A2CF58
00A2CF58
00A2CF58
00A2CF58
00A2CF58
00A2CF58
00A2CF58
00A2CF58
00A2CF58
00A2CF58
00A2CF58
00A2CF58
00A2CF58
00A2CF58
00A2CF58
00A2CF58
00A2CF58
00A2CF58
00A2CF58
00A2CF58
00A2CF58
00A2CF58
00A2CF58
00A2CF58
00A2CF58
00A2CF58
00A2CF58
00A2CF58
00A2CF58
00A2CF58
00A2CF58
00A2CF58
00A2CF58
00A2CF58
00A2CF58
00A2CF58
00A2CF58
00A2CF58
00A2CF58
00A2CF58
00A2CF58
00A2CF58
00A2CF58
00A2CF58
00A2CF58
00A2CF58
FFFFFFFF
FFFFFFFF
04118082
3FEDC022
907342D2
5D823412
5CA25D12
5BC25C32
5AE25B52
49865A72
44A64916
4FC64436
4EE64F56
58864E76
57A65816
56C65736
55E65656
438A5576
42AA431A
614940BA
30200073
A0394701
00388118
45222021
811445B2
883288B6
8E2E87AA
F163EEDD
66C112C5
1CD66A63
010006B7
3AD66563
01865313
C69748E1
A6830000
969AA6A6
03132294
98B60200
41130333
00030C63
006595B3
011558B3
00661833
00B8EE33
006517B3
01085E93
03DE5F33
01081613
D6938241
75B30107
0FB303DE
A69B03E6
FA6320B6
96C201F6
FFFF0593
0106E463
37F6E563
85B38F2E
D53341F6
969303D5
82C10107
03D5F5B3
02A60633
20B6A79B
00C7FA63
069397C2
E463FFF5
EB630107
853632C7
251B8F91
458121E5
D7B3C711
C31C0067
00072223
F9638082
0F6300D5
C3081207
4501C34C
80824581
ED6367C1
07B70EF6
EA630100
D8932CF6
48610186
0000C797
9A07A783
C30397C6
0E930007
93420200
406E8EB3
180E9563
00B6E463
2EC56363
40C50633
00C53533
8E338D95
450540A5
D34D4581
2223C310
808201C7
4685E601
02C6D833
606366C1
06B70CD8
68630100
561326D8
48E10188
0000C697
9446A683
229096B2
02000313
03339646
186340C3
1E930A03
86B30108
5F134105
DE930108
4585010E
0107D893
03E6DE33
03E6F6B3
03DE0633
20D8A69B
00C6FA63
051396C2
E463FFFE
EB630106
8E2A24C6
40C68633
03E65533
01079693
763382C1
08B303E6
A79B03D5
FA6320C6
97C20117
FFF50693
0107E463
2117EB63
87B38536
251B4117
B5DD21C5
0FF00793
1ED7F363
0086D893
B7294821
06938332
FCE30FF0
5313E2C6
48A10086
8642B53D
0FF00693
F506F6E3
00885613
B78948A1
45014581
18338082
D8B30068
5F1300C5
DFB30108
1E9303E8
95B30108
56330065
DE9300C5
8E4D010E
01065E13
006517B3
03E8F8B3
03FE85B3
211E251B
00B57B63
86939542
6463FFFF
72631905
1FF918B5
8D0D9542
03E558B3
75339E21
86B303E5
259B031E
FB6320A6
95C200D5
FFF88613
1505EB63
14D5F963
95C218F9
40D586B3
21F8A59B
5833B5E5
96B30066
66B301D6
D7B300D8
DE130065
DFB30106
989303C7
D8930106
58330108
1F330065
95B301D5
65B301D5
D81300B8
16330105
F7B301D6
853303C7
279B03F8
FB6320F8
97B600A7
FFFF8813
0ED7EB63
0EA7F963
97B61FF9
D5338F89
9DA103C7
03C7F7B3
02A888B3
20F5A59B
0115FB63
079395B6
E263FFF5
F0630CD5
15790D15
63C195B6
21F5251B
FFF38793
00F57833
01055E13
5F938FF1
02B30106
88B302FE
05B34115
083303F8
959602F8
6105859B
03FE0E33
0055F363
67C19E1E
FFB317FD
77B300F5
081B00F8
879B60BE
ED6321F7
89630308
45810308
D4070EE3
40FF07B3
00FF3F33
410888B3
41E888B3
00689333
01D7D7B3
00F367B3
01D8D8B3
2223C31C
80820117
FCFF79E3
40C78633
00C7B7B3
40D80833
40F80833
87B2157D
5613BF6D
48C10108
D893BB51
48410106
4801BB05
5313B335
48C10106
853EB9A9
88B2B799
8FC2BD55
8FB6BF11
1579B549
B3F597C2
97C21579
1F79B1F1
B96196C2
96C21E79
862AB375
B32D4501
F793CA59
A11C0FF5
00C50733
FEF70FA3
032661BB
A13CB11C
FEF70F23
FEF70EA3
07166DBB
0E23B13C
46A1FEF7
06C6F563
40A007B3
07338B8D
8E1D00F5
0FF5F593
0101079F
85B30101
9A7102F5
00C707B3
AE23C30C
F063FEB7
C34C04C6
AA23C70C
AC23FEB7
6C3BFEB7
C74C1906
CB4CCB0C
A223CF0C
A423FEB7
A623FEB7
A823FEB7
7793FEB7
07E10047
46FD97BA
06339732
E36340F7
808200C6
C3CCC38C
C7CCC78C
CBCCCB8C
CFCCCF8C
02078793
87AAB7CD
0035F713
1963C319
F8131606
473D0037
18080E63
20166ABB
41982194
027807BB
0563488D
A3942318
16753194
B394058D
FFF5C683
4E41078D
FED78FA3
0015A303
0055A883
18131641
271B0083
A80370E8
C3980095
00889693
00881713
7117271B
A703C798
A69B00D5
C3D47066
00871693
7106A69B
05C1C7D4
61E307C1
7713FCCE
C3510106
07C12198
882305C1
C703FEE7
88A3FF15
C703FEE7
8923FF25
C703FEE7
89A3FF35
C703FEE7
8A23FF45
C703FEE7
8AA3FF55
C703FEE7
8B23FF65
C703FEE7
8BA3FF75
C703FEE7
8C23FF85
C703FEE7
8CA3FF95
C703FEE7
8D23FFA5
C703FEE7
8DA3FFB5
C703FEE7
8E23FFC5
C703FEE7
8EA3FFD5
C703FEE7
8F23FFE5
C703FEE7
8FA3FFF5
7713FEE7
C3310086
07A12198
8C2305A1
C703FEE7
8CA3FF95
C703FEE7
8D23FFA5
C703FEE7
8DA3FFB5
C703FEE7
8E23FFC5
C703FEE7
8EA3FFD5
C703FEE7
8F23FFE5
C703FEE7
8FA3FFF5
7713FEE7
C3590046
07912198
8E230591
C703FEE7
8EA3FFD5
C703FEE7
8F23FFE5
C703FEE7
8FA3FFF5
A08DFEE7
C7030585
0785FFF5
8FA3167D
BDADFEE7
07C14194
A82305C1
A683FED7
1641FF45
FED7AA23
FF85A683
FED7AC23
FFC5A683
FED7AE23
FCC76EE3
00867713
4198CB11
05A107A1
FEE7AC23
FFC5A703
FEE7AE23
00467713
4198C711
05910791
FEE7AE23
00267713
2198CB11
05890789
FEE78F23
FFF5C703
FEE78FA3
C2198A05
A3982198
A3948082
16793194
B3940589
07894E45
0025A303
0065A883
18131641
271B0103
A80360E8
C39800A5
01089693
01081713
6117271B
A703C798
A69B00E5
C3D46066
01071693
6106A69B
05C1C7D4
61E307C1
BD15FCCE
0585A394
0785167D
A3034E49
A8830035
16410075
01831813
50E8271B
00B5A803
9693C398
17130188
271B0188
C7985117
00F5A703
5066A69B
1693C3D4
A69B0187
C7D45106
07C105C1
FCCE61E3
962AB3DD
00C50C63
2198211C
00E78563
40E78533
05058082
B7ED0585
80824501
F71387AA
E31D0037
FEFF059F
061FFEFE
80808080
87334394
C69300B6
8F75FFF6
CF018F71
C7092398
BFED0785
E7012398
40A78533
07858082
0791B7E9
882ABFE1
87B2872E
02B50F63
06B356F9
88B302D6
88B340A5
E36340C8
B1F50116
00A5C6B3
78638A8D
C6A104B5
97B686AA
00F68A63
46030705
0685FFF7
FEC68FA3
E781BFC5
853A8742
07058082
FFF74603
17FD0685
FEC68FA3
0036F613
460DF27D
FCF677E3
17F1430C
AE230691
0711FEB6
86AABFC5
EE81B7D5
86B3962A
759300F5
87B30036
ED8940E6
E363468D
DBDD02F6
06B317FD
229000F7
00F806B3
BFC5A290
01E3167D
C783FAD7
16FDFFF6
BFC1A21C
063317F1
420C00F7
00F80633
B7F1C20C
30EF8018
27B77390
47114000
10E79823
A001A001
862A8018
45D146D1
5500051F
70EF00A0
C5014A50
80000537
80140511
95028018
BFF18010
40000737
893D471C
8FC99BC1
8082C71C
FFE007B7
306F953E
87B226D0
85BE862E
1650306F
862E87B2
306F85BE
051F0870
00A31E80
7D20306F
D6028B58
DA02D802
40003637
23862783
0037D693
0027D713
8B058A85
00E68A63
0047F713
9BF9E711
0027E793
22F62C23
40003737
40872783
0387E793
40F72423
405030EF
10EF451D
45011550
1A1010EF
C200079F
DC3E0001
10800793
079FDE3E
00040102
10EFC0BE
46314180
0808182C
458136AD
30EF0808
30EF5C50
051F4A10
00A31E8C
557030EF
595040EF
22A030EF
34F030EF
1EA8051F
30EF00A3
079F5410
00A28E6E
079FC2BE
00A28E64
079FC4BE
00A28E5A
00C8C6BE
8E50079F
C8BE00A2
35CDCA82
C62A3F0D
20050263
45B030EF
051F45B2
00A31EC4
515030EF
43F030EF
3A9030EF
3D1030EF
4F4030EF
C62ACD01
437030EF
051F45B2
00A31EF0
4F1030EF
41B030EF
400037B7
2387A783
0027F693
0087F713
1C068263
05938B85
C3910330
061345E1
C3110330
051F4661
00A31F04
4D9030EF
291030EF
195010EF
6B0040EF
0513182C
D4020210
553040EF
4783E509
8D630381
05931807
051F1050
00A31F38
48D030EF
0513106C
40EF0200
C9195310
3B7030EF
1FEC051F
30EF00A3
30EF4610
353939D0
07B75442
89930020
99A21007
C482C282
C882C682
A7035952
04B30489
879300F4
943E3007
96E1079F
99263C78
1CF71C63
2008051F
30EF00A3
059F4210
00A28080
45198626
85AA2321
26050C63
2090051F
30EF00A3
30EF4170
051F34D0
00A321E4
3F7030EF
333030EF
400007B7
893D4788
7163478D
050526F5
3B4933F1
30EF4501
45014B50
467133C1
00C84581
00C83A31
1BF040EF
47A6C939
4394CBA9
F333071F
94634B7C
479404E6
10000713
02E69F63
EF054766
071F46F6
8F45BA2F
02E69763
1247A683
86934746
10633006
D69302D7
94BA00C4
44008737
80D72023
83B180B1
82972023
20238F95
07B784F7
53D84000
0207A223
5A5A079F
12635A5A
30EF04F7
10EF2A50
051F01B0
00A32154
34B030EF
4509182C
DE02DC02
C282C082
C682C482
3F7040EF
00CC84AA
40EF4505
8D453ED0
20050363
2170051F
30EF00A3
10EF31D0
85227DE0
8B5439E5
1EDC051F
30EF00A3
B5293090
03300593
45E1C311
1F20051F
30EF00A3
B5A93070
40EF1028
55223520
06C00593
40EF00D0
85AA3E00
051FC509
00A31F58
4716BDA1
55AA079F
1A6355AA
573A00F7
AA55079F
1463AA55
57AA00F7
051FE799
00A31F70
2AF030EF
30EFBD15
051F1F50
00A31F88
29F030EF
2C1050EF
800037B7
04778693
00A32737
02D50463
04078793
02F50063
0513CD11
30EFF987
051F2790
00A31FB4
26F030EF
1AB030EF
B3FD3931
F9870513
25F030EF
1FD0051F
B7DD00A3
012467B3
0FF7F793
30EFCF89
864A1950
051F85A6
00A32020
269030EF
177030EF
051F36E5
00A3203C
22B030EF
04C98793
47F1C4BE
4641C6BE
00CC4785
08230808
F0EF04F1
0808811F
1F1000EF
C62ACD09
14F030EF
051F45B2
00A32054
209030EF
133030EF
47413655
06C98693
85A2864A
00EF4501
CD0922B0
30EFC62A
45B21250
2068051F
30EF00A3
30EF1DF0
3EAD1090
06374685
85CA00A0
00EF4505
0CE32490
C62AD805
0FB030EF
051F45B2
00A3207C
1B5030EF
0DF030EF
BBB53E81
852685A2
85AA2195
DA050AE3
20B0051F
B34100A3
72E34799
0505DAF5
00C836A5
40EFC282
85AA46B0
4516E119
051FE519
00A320D0
175030EF
50EFB349
85AA3900
051FC509
00A320EC
50EFB7F5
85AA4520
051FC509
00A32104
50EFBFF1
85AA4B80
051FC509
00A32124
051FB7F1
00A32140
127030EF
45B6B399
30EF4526
85AA58C0
051FC511
00A32194
121030EF
460657F2
05B74526
95BE0020
470030EF
C51185AA
21B4051F
30EF00A3
051F1030
00A321D4
0E7030EF
023030EF
26B7B3D9
871300A3
478129C6
29C68693
48834839
94630007
488302A8
90630017
97DB02B8
43DC0CF6
80634501
801802C7
221C051F
30EF00A3
557D0A90
07858014
98E30731
4781FD07
8082B7C5
57FD8118
05934605
451D00F1
00F107A3
65E030EF
051FC901
00A32260
077030EF
8114557D
00F14783
FFE54501
80000537
BFC50509
842A8138
461184AE
4519006C
30EFC602
C90162C0
222C051F
30EF00A3
557D0450
47B28134
8C3D4501
D87D8C65
224C051F
B7E500A3
09138448
84AA0201
852E8436
02000693
864A85B2
C602C402
C002C802
CA02C202
CE02CC02
61F000EF
051FC909
00A32344
7FA030EF
853E57FD
07938444
C4260200
8493CA22
04130204
08500204
0028858A
C03EC83E
C626CE3E
CC22C24A
5DF000EF
D9714781
2374051F
B7D900A3
84AA8138
858A4641
C0024505
C402C202
30EFC602
C9095880
21E8051F
30EF00A3
547D7A00
81348522
4641842A
850A85A6
82BFF0EF
051FD965
00A32208
8138B7CD
00A32737
069384B2
842E29C7
4781C602
29C70713
228C4639
02A59463
0CF717DB
006C2788
30EF4611
87AA5340
009475B3
051FC115
00A3222C
746030EF
8134557D
06B10785
FCC799E3
BFE14501
FFF58713
07858DF9
4632FDE5
EA018E65
F0E34501
051FFEB7
00A32284
0713BFC1
8E79FFF6
B7E50585
09638048
07931C06
0563F000
84321CF6
84AA892E
07B73595
07898000
02F51563
242C051F
30EF00A3
35B96E40
800007B7
1E630789
051F0EF5
00A3259C
6CE030EF
85224401
183B8044
051FFF05
00A3245C
6BA030EF
15C0041F
051F8000
00A32580
6AA030EF
C491BFF9
FFE48793
F8BB9F81
079F0207
00A05514
85BB439C
051F0507
00A32488
686030EF
15C1041F
B7F18000
45814010
3B618526
051FC911
00A324B8
66A030EF
15C2041F
BF458000
0C040693
0C000613
854A85A2
C9113525
24E0051F
30EF00A3
041F6480
800015C3
CC99B779
504C5410
3D558526
051FC911
00A3250C
62A030EF
15C4041F
BF858000
5448580C
C9113B75
2538051F
30EF00A3
041F6100
800015C5
5858BF99
C812079F
1EE32A13
0513F0F7
3D1D0384
F00509E3
255C051F
30EF00A3
041F5E80
800015C6
173BB73D
051FFF05
00A325CC
5D2030EF
15C0041F
051F8000
00A3269C
2603BF21
45851004
09138526
39E11004
051FC911
00A325F8
5AA030EF
15C2041F
BFE18000
28040693
18000613
051385CA
339D0804
051FC911
00A32620
586030EF
15C3041F
BF558000
2603C08D
25830149
85260109
C91133FD
264C051F
30EF00A3
041F5640
800015C4
2583BF49
250301C9
39CD0189
02E3842A
051FE805
00A32678
542030EF
15C5041F
BF858000
15CA041F
B5A58000
07938248
0763F000
C5AD06F5
842A84AE
02000613
09134581
850A1005
A64FF0EF
12442583
02000693
8526860A
31B000EF
051FC105
00A323B0
4F6030EF
15C7041F
051F8000
00A3240C
4E6030EF
82448522
12840593
02000613
F0EF850A
4401D70F
051FD575
00A323E0
4C6030EF
15C8041F
BFC18000
15CA041F
BFC98000
24F38038
77F33000
54373004
079300A0
239E5244
52440413
EB899FA1
551C079F
439C00A0
8586C781
97824501
5518079F
439C00A0
8586C789
45012012
201E9782
EB899FA1
C493808D
88850014
5520079F
C38400A0
0785201E
A01E9FA1
9FA1201E
0593EB81
05130630
80300310
3700406F
0FF0000F
0FF0000F
80388034
00A05437
52440793
9FA1239E
0593EB81
051306F0
80300310
3480406F
52440413
8486201E
9FA117FD
079FA01E
00A05518
C789439C
20128586
97824505
9FA1201E
079FE785
00A0551C
C781439C
450585A6
079F9782
00A05520
E399439C
300467F3
0FF0000F
0FF0000F
80188034
46B1862A
051F45B1
00A05528
23A070EF
80144501
842E8038
460146E1
84AA45E1
2A2070EF
FF840793
5534071F
851300A0
9BF101B4
CB1C9971
8F8917E1
9FA1C748
C71CA15E
8793679D
A17E0747
00052023
B7C98034
00A056B7
53468793
869347DC
E3995346
80824501
23F2DD75
0813671D
06630747
07130106
15E3C6C7
050DFEE6
671D9971
48819D21
07470613
00850813
C6C70313
0067DE03
126323DA
756304CE
8F0902E8
1761983E
00E81223
00C81323
0713671D
C38CC6C7
4298A3FA
953AA3CA
8513C288
80820087
00A76B63
0613661D
C38CC6C6
4290A3F2
C2989732
0721B7DD
4A9897BA
00E7EF63
F6089EE3
235E46D8
0106AE03
08B307A1
EA6300F7
46DC01C8
23FA4885
F86708E3
F8C706E3
5E03BFA1
1B630067
DE0300CE
17630068
D88300CE
97C60048
88BAA35E
B7D18746
85868018
B70D8010
5703C50D
079FFFE5
00006C6C
00F71F63
8793679D
1F230747
071FFEF5
00A05534
FFC55683
97B6435C
4501C35C
BFC98082
3B4D8018
80144501
8168B51D
84AE842A
097020EF
246010EF
490189AA
16634A05
000F0099
45010FF0
40588164
28033454
28830004
245C0084
3468246C
00275613
01468763
071B177D
56134317
F7130027
47830077
8A8D00D1
00A10623
0E07F793
A79B8FD9
F79306D7
A79B07F7
C2420EB7
06A3C432
A78300F1
00480009
97820441
0905F545
8E78BF69
8AAE892A
458184B2
04000613
C63A1008
843E8A36
F1DFE0EF
08000613
10884581
F11FE0EF
4732CE02
000A9463
8E74557D
FE0A0EE3
010007B7
FEF4FAE3
20F71C3B
9100079F
09630216
061F0CF9
00A326BC
852285CA
77A000EF
F913F979
89B303F4
9F634124
06930A09
46010800
08000593
70EF1088
86CA0640
013A8633
08000593
60EF1088
F15D7D90
97CA119C
F8000713
F8E78023
04000993
3809623B
08000993
00349713
01B49613
FF00079F
C79B0000
261B50E7
8E5D70E6
00FF07B7
1697C49B
85138E45
109CFFC9
4691CE32
45910870
60EF953E
F9397890
864E4695
8522108C
6F6000EF
4581F529
00EF8522
F1216F40
04000613
8522100C
6EE000EF
0693F90D
10100200
02000593
60EF8552
35337510
053300A0
BF2140A0
26DC061F
BF0D00A3
864E4695
852285D6
12E3257D
4581F005
25758522
EE051DE3
45814601
25658522
F20503E3
8248B5ED
84AA8432
892E4639
01210513
E0EF4581
0793DDBF
08230200
458100F1
00484785
08A3C622
092300F1
0B2300F1
0C2300F1
24F900F1
ED0D842A
2E910028
E91D842A
45224612
2E4D4581
E10D842A
006C4522
842A21A1
4522E901
215585CA
E119842A
C09C4792
45224612
2EC54581
2E994522
82448522
24C54088
ACF1BFE5
46398238
84AA4581
01210513
D61FE0EF
000D079F
C63E0300
02000793
00F10823
47850028
00F108A3
00F10B23
00F10C23
842A24CD
4522E515
45894601
842A2681
4522ED11
2ED9006C
E509842A
85A64522
842A290D
46014522
26514589
24ED4522
82348522
842E8348
84AA8932
45814661
C6360828
E0EFC43A
4789CF7F
D43E46B2
10100793
CA4AC822
1623CE22
557D02F1
4722CE81
1007153B
85B64641
29714501
080CE501
21558526
A3258344
48038168
18BB0301
07371046
04630162
07370008
75131162
77131FF5
8F49E007
441044B7
8A3E8946
A823842E
000F10E4
A2230FF0
000F1004
099F0FF0
00A055AC
0009A703
554C051F
071600A0
00E50633
0741420C
01162223
0035E593
DFF5F593
C614C20C
00062623
862246C1
953A45C1
57B060EF
0009A703
558C069F
869B00A0
070508E6
A0238B05
A22300E9
A4230126
A6230146
D6B70006
5A9C4410
00178713
F7938B05
8FD9F007
000FDA9C
A7830FF0
87131304
8B050017
F007F793
A8238FD9
000F12F4
049F0FF0
00002710
4410C937
278379C1
F7130009
F7B30027
8FD90137
2023CF0D
000F00F9
97B70FF0
A7034410
46C10807
C03A860A
0847A703
852245C1
A703C23A
C43A0887
08C7A783
60EFC63E
CD014DD0
04000513
4505A809
236D14FD
0513F8CD
A0110B40
8164557D
441007B7
D3984741
0FF0000F
441047B7
554C071F
A22300A0
000F12E7
46890FF0
12D7A623
0FF0000F
4410D737
558C061F
D35000A0
0FF0000F
000FD714
071F0FF0
8000AA00
10E7A023
0FF0000F
80824501
441007B7
0207A023
0FF0000F
80824501
43058118
35BDC01A
079F8114
00A055B0
01C7A303
00030363
45058302
45058082
57FD8082
CE99C105
94634781
57FD00B7
872AA811
28030521
1763FF85
435C00C8
4781C29C
8082853E
B7C50785
57FD8158
E119C63E
8154557D
0205933B
00052023
BFD54501
9BBBC195
498901F5
892A842E
85A24481
10EF8526
C62A13A0
C79947B2
98E30485
B7F9FE99
B7CD49A1
FD34F4E3
550005B7
2085A59B
20238CCD
45320099
C515BF5D
01855793
550797BB
01055793
0FF7F793
68634705
169300F7
82C10105
E33BE789
557D0806
6EE38082
5593FED7
9D810105
106F9D21
E1191760
8082557D
842A8038
00A05537
5D450493
02400693
05934601
05130240
60EF5D45
47853E10
02F48023
4B5A079F
C01C2D3C
80344501
079F8028
2D3C4B5A
1363547D
553702F5
079300A0
C7835D45
44010207
0693CB91
46010240
02400593
5D450513
39F060EF
80248522
57FD8148
079FC63E
2D3C4B5A
04F51963
00A05437
5D440793
0207C783
5D440413
C385557D
893284AE
0FF67593
0204863B
852685B2
382010EF
47B2C62A
C399458D
81444532
10EF8526
C62A2E60
FBED47B2
2E234785
A0440124
02F400A3
557DB7D5
079FB7CD
2D3C4B5A
02F51A63
55D4079F
C70300A0
557D0207
23D8C31D
02B71163
1E634FD8
C70300C7
45010217
80A3CB09
AE230207
82230007
80820007
8082557D
57FD8138
E199C63E
8134557D
4B5A079F
1BE32D3C
049FFEF5
00A055D4
0204C783
862ED7E5
46D1842E
851345D1
60EF0084
C62A24D0
FBE947B2
304C2050
10EF2068
C62A1E40
C39947B2
B7C14532
00740513
274010EF
47B2C62A
401CFBE5
4785C09C
02F48123
8238B7D5
C43E57FD
C802C602
CC02CA02
E199CE02
A895557D
DFED41DC
842E219C
8E3B84AA
079F0107
2D3C4B5A
FEF494E3
00A054B7
5D448793
0207C703
5D448493
C783DB71
D7F90227
82BB203C
CB910107
02F7913B
00F108A3
4505A039
F5613BAD
08A3BF55
409C0001
201CC63E
00F10823
CA3E405C
CC3E441C
0E23245C
10EF00F1
C42A0AA0
C39947A2
82344522
4D5000EF
47A2C42A
0068E385
55B000EF
47A2C42A
20D0EB81
85A24532
23C010EF
47A2C42A
4F3000EF
0CE010EF
8118BFC1
C63E57FD
376010EF
4532C62A
81488114
C63E57FD
0015B793
40F007B3
47B2C63E
4532C399
4D848144
842E41D0
892A418C
2BE010EF
47B2C62A
4850F7ED
854A480C
2D0010EF
47B2C62A
94BBFFE9
440C0304
10EF854A
C62A2C20
F7E147B2
854A85A6
2B8010EF
47B2C62A
2C4CFFCD
10EF854A
C62A2E40
F7D547B2
854A444C
346010EF
47B2C62A
3C5CFFD9
854ADFC9
2CA010EF
47B2C62A
8228B779
C63657FD
842ACE3E
24E010EF
47F2CE2A
C39946B2
82244572
8522DEF5
2A2010EF
47F2CE2A
031FBFC5
00102FD4
031F8302
00102D8A
031F8302
00102DAA
031F8302
00102EB4
031F8302
00102F28
031F8302
001030FC
031F8302
0010262A
81288302
4505842A
C432C62E
3F75C236
45B24622
86B24712
862E4785
9100051F
85A20116
FE6FF0EF
4505842A
8522375D
80488124
F50FF0EF
55F8079F
239C00A0
F0EFEB81
4401F4AF
85224481
804485A6
10EF892A
842A7710
84AE854A
F30FF0EF
8128B7ED
842A37F9
10EFC62E
45B27690
4240079F
3733000F
862A02F4
85B34681
053302F5
95BA02F4
AACFE0EF
80488124
EF4FF0EF
55F9091F
478300A0
C7910009
EECFF0EF
85224401
84AA8044
23E010EF
C509842A
F0EF8526
B7F5ED6F
00234785
BFCD00F9
F0EF8048
079FEBEF
00A055F9
EB81239C
EB8FF0EF
44814401
85A68522
892A8044
232010EF
854A842A
F0EF84AE
B7EDE9EF
55F9079F
239C00A0
8048C3B1
10EF842A
07936E30
05B33E80
343302F4
84B302F4
043302A5
B5B302A4
942E02A5
89333755
34B300A4
95A20099
3F5994AE
FE95EFE3
00B49463
FF256BE3
80444501
8082557D
55F9079F
239C00A0
8048CB8D
10EF842A
04B36930
343302A4
379D02A4
00A48933
009934B3
9426942E
EFE33FA1
1463FE85
6BE300B4
4501FF25
557D8044
80388082
00A05737
60070793
18A797DB
862E4394
2BCE842A
60070493
47C8C299
945B9682
1A231884
80340004
0305763B
CA09C991
55FC079F
953E00A0
C799211C
80824501
80000537
80820505
1040051F
80828000
5648079F
955B00A0
411C4CA7
0087A303
00030663
47CC43D0
83024388
07938082
07B304C0
56B702F5
871300A0
86936486
05B36486
419000F7
97BA07B1
87130641
7B630407
C19000E6
4CA6955B
1523251E
17FD0005
8082A51E
B7FDC19C
041F8038
00A05648
4CA4145B
243E4004
408C4605
10EF95BE
242A18A0
9D210505
44DCA42A
00F53533
00154513
81488034
0613842A
45A500F1
5600049F
072300A0
07A30001
995B0001
10EF1884
478317A0
CB9900F1
188494DB
C79128DE
C781409C
85224585
814435FD
05934605
852200E1
142010EF
01495683
00C92783
00E14703
A39897B6
01495783
01095703
9FA10785
00F91A23
00E7E563
85224585
06133D5D
45A500F1
10EF8522
B75511E0
15FD8158
0FF5F793
0567F3BB
00A325B7
6FC58593
04F5859B
842A419C
049F8782
00A05648
000107A3
4CA494DB
EB81249E
45894601
10EF8522
45010E20
06138154
459D00F1
10EF8522
47830D20
F7F500F1
37098522
8522D56D
85223545
B7F93D6D
00F10613
049F45A5
00A05600
00010723
000107A3
10EF4981
995B0A20
47831884
CF8100F1
188497DB
DB452BDA
8B092BF8
2BBED74D
FAF9E3E3
4605A071
00E10593
10EF8522
27830640
09850009
D99309C2
EB810109
00F10613
852245A5
05C010EF
5683BF7D
27830149
470300C9
97B600E1
5783A398
57030149
07850109
1A239FA1
E9E300F9
4581FCE7
3B758522
0613B7E1
45A500F1
5600049F
072300A0
07A30001
49810001
014010EF
1884995B
00F14783
97DBCF91
2BDA1884
F20701E3
76932BF8
D6B50017
85224581
BF013BBD
05934605
852200E1
7D3000EF
00092783
09C20985
0109D993
0613EB81
45A500F1
00EF8522
BF6D7CB0
01495683
00C92783
00E14703
A39897B6
01495783
01095703
9FA10785
00F91A23
FCE7E9E3
85224581
B7E1332D
5600079F
97DB00A0
43DC18A7
4581C781
97824501
33F58522
079FB54D
00A05600
18A797DB
B7DD479C
47898158
0AA7ED63
C883C9DD
08130015
66630720
C8830B18
62630005
C2450B18
00464803
042876BB
00664803
0907E963
F33B325C
59370227
079300A0
97AA5FC9
84AA239C
5FC90913
EBA54401
C63689BA
C42E8432
29D010EF
06098763
0009A683
A703C2BD
C3250049
04C00513
02A48533
5600071F
175B00A0
C7541897
0049A683
462247B2
071FAB16
00A05648
059386A2
95BA00C5
C30C972A
8526C34C
059F4711
00A2A544
66B000EF
E901842A
47859926
00238526
10EF00F9
852224B0
04378154
04058000
041FBFDD
80001044
8178B7FD
8A2E84AA
07A389B2
F0EF0001
892AC4FF
8526ED19
251010EF
99D28AAA
09338452
98634144
85D60089
10EF8526
854A23F0
06138174
459D00F1
00EF8526
47836670
F3E500F1
091385A2
46050014
00EF8526
844A62F0
8058B7E9
10EF89AA
10EF24B0
F0EF2570
84AA9CEF
286010EF
091F411C
00A0572C
00A92023
C5199782
8526842A
9B8FF0EF
80548522
00092783
479C854E
842A9782
F0EF8526
F46D9A2F
5731079F
470500A0
BFF9A398
5731079F
239C00A0
8048CB9D
57FD4485
02A4E563
F0EF842A
079F972F
00A0572C
892A439C
4B9C8522
854A9782
964FF0EF
5730079F
A38400A0
853E4781
57FD8044
8082853E
5731079F
239C00A0
557DE399
81188082
934FF0EF
572C079F
439C00A0
4BDCC62A
45329782
928FF0EF
5730079F
802300A0
45010007
57B78114
C70300A0
C71D7317
84138028
079F7317
00A05730
C391239C
079F3F45
00A0572C
C399439C
978243DC
165010EF
00234501
80240004
80824501
5730079F
239C00A0
557DE399
81188082
8C4FF0EF
572C079F
439C00A0
4F9CC62A
45329782
8B8FF0EF
81144501
20EF8018
28C10D20
00052303
83028010
07A38168
547D0001
0FF00793
02B7EE63
7DBBCD05
842E0806
84AA8932
8A2A206D
878FF0EF
010A2783
059389AA
852200F1
842A9782
4783ED01
854E00F1
4127D633
A0908A05
85CFF0EF
81648522
F0EF854E
547D852F
8088BFD5
C231547D
0FF00793
02B7EF63
00C587B3
10000713
02F76963
8932C51D
8A2A89AE
8B2A20B9
81CFF0EF
44818AAA
010B2783
009A05B3
00998533
842A9782
8556C519
808FF0EF
8522547D
04858084
FF24E0E3
E0EF8556
BFC5FF7F
079FC519
00A05734
4501C388
05378082
05058000
079F8082
00A05734
80824388
5738079F
802300A0
80820007
84AA8038
7F1010EF
8526842A
7EF010EF
3FC8079F
879B00A3
439C0487
9D218105
04A7851B
80188034
22554501
00A057B7
7407A703
3E5C069F
229400A3
4501435C
F007F793
C35C8FD5
5738079F
470500A0
8014A398
5738079F
239C00A0
8048C7A1
0793842A
E3630FF0
C1A904A7
3F4984AE
8522892A
781010EF
5740079F
851B00A0
411804A7
880576C1
8FF5431C
5A5A069F
8FD50000
2783C31C
C0110009
A09C83A1
80444501
1391051F
80828000
80000537
BFC50505
5738079F
239C00A0
051FEF99
80001391
05B38082
85220089
E9193761
6AE30405
4501FE94
80488044
84AE892A
BFC54401
BFCD557D
5738079F
239C00A0
8058C3C1
0793842A
EF630FF0
54B706A7
892E00A0
74048993
6ED010EF
04A9851B
76C14118
431C8522
74048493
069F8FF5
0000A5A5
C31C8FD5
6CD010EF
04A9851B
05134118
475C0640
0017E793
F0EFC75C
852283FF
77933D75
C3910014
20230922
85220125
6A1010EF
04A4849B
05134098
475C0640
C75C9BF9
815FF0EF
80544501
1391051F
80828000
80000537
BFC50505
5738079F
239C00A0
8058C795
842E89B2
093384AE
87B340B5
E4634084
45010137
208C8054
00990533
3F3D4601
D5650485
B7FD557D
1391051F
80828000
3E5C079F
C38800A3
051F8082
00A33E60
47638082
050A02A0
3FC0071F
079F00A3
00A05740
953A97AA
45014118
47B7C398
A70300A3
079FFC47
00A0573C
8082C398
8082557D
079FC519
00A05744
4501C388
05378082
05058000
079F8082
00A05744
80824388
29038048
7FBB0005
414C1009
84AA2500
2089854A
854A85A2
448028E9
8021854A
85A2881D
449C2A39
D713854A
8B610087
F59383A1
8C590807
22218DC1
0FF0000F
80444501
80000537
BFE50505
3E8C051F
808200A3
9073E501
80823B05
010512BB
3B159073
12BB8082
90730205
80823B25
030512BB
3B359073
12BB8082
90730405
80823B45
050512BB
3B559073
12BB8082
90730605
80823B65
070512BB
3B759073
12BB8082
90730805
80823B85
090512BB
3B959073
12BB8082
90730A05
80823BA5
0B0512BB
3BB59073
12BB8082
90730C05
80823BC5
0D0512BB
3BD59073
12BB8082
90730E05
80823BE5
0F05123B
3BF59073
77138082
79BB0FF5
27F30805
070A7D80
46BD9F01
00E696B3
FFF6C693
97338EFD
8F5500E5
907382BA
80827D82
7D902673
FF870793
9F81078A
96B346BD
C69300F6
8EF1FFF6
00F597B3
82BE8FD5
7D929073
57938082
11410025
01078A3B
8EBBC799
83BB0207
01410317
27F38082
C63E3A00
953E081C
FEB50E23
907347B2
B7E53A07
3A1027F3
890DC63E
953E081C
FEB50E23
907347B2
BFC13A17
3A2027F3
890DC63E
953E081C
FEB50E23
907347B2
BF653A27
3A3027F3
890DC63E
953E081C
FEB50E23
907347B2
B7453A37
E0EF8018
20EFBE3F
10EF5AD0
A00147F0
F0EF8048
C509860F
01050CBB
8044557D
041F4489
000F4240
44112937
00992023
0FF0000F
00092783
8A638B9D
45050097
F0EF147D
F07DD62F
4485BFD1
4501BFD9
27B7B7F9
A0234411
000F0007
45010FF0
81388082
C63E57FD
4240041F
24B7000F
40DC4411
EF918B85
C89C4785
0FF0000F
27B7C602
479C4411
57FDC399
4532C63E
45058134
F0EF147D
FC61D0EF
C63E57FD
8238B7CD
C63E57FD
CA02C802
CE02CC02
0E050863
C4854504
193B4558
21581C07
020777BB
842A4110
458D0814
3EB8051F
E0EF00A3
C62AFB9F
C78147B2
853E47B2
40108234
458D0874
3ED0051F
E0EF00A3
C62AF9DF
F3FD47B2
08542050
051F4589
00A33E90
F87FE0EF
47B2C62A
3050FBE1
458D0834
3EA0051F
E0EF00A3
C62AF71F
FFCD47B2
44112737
4672281C
36072683
00C797B3
20238FD5
000F36F7
47010FF0
061F87A6
110448D0
82894454
04D76063
44112637
4762425C
16FD76D1
8FF58B0D
1CE7A79B
9BC54752
A79B8B1D
474202E7
E0F7F793
A79B8B7D
E79308E7
C25C0017
0FF0000F
C62A3DF9
BF8947B2
06B3438C
068A00C7
000FC28C
07050FF0
B76D0791
BF3557FD
44114737
B3072783
16FD76E1
8FF58985
1EB7A79B
3FF57513
C007F793
28238FC9
000FB2F7
25030FF0
891DB347
C208C211
00A03533
80288082
E0EF842A
C911E95F
0105173B
441147B7
B147A783
4501C01C
47B78024
A7834411
BFCDB107
BFCD4505
00688118
3FC1C602
E1194785
8B8547B2
8114853E
57FD8248
84AAC62E
E0EFCC3E
45B2E51F
892ACE02
863BC591
44010105
A01957FD
47814401
47E2CC3E
4562C789
44058244
4601BFCD
852685A2
C1193F91
B7FD557D
FD6D3775
04091763
071F4909
00001B00
441127B7
431C973E
16FD76E1
A79B8FF5
F6931E87
F7933FF4
8FD5C007
001006B7
C31C8FD5
0FF0000F
85A20870
37398526
4572DD55
41250533
00A03533
40A00533
4905BF71
1B04071F
BF5D0000
57FD8248
842AC62E
E0EFCC3E
45B2DB5F
C591892A
010586BB
57FD4481
4481A019
CC3E4781
C79147E2
853E47E2
44858244
3F39BFC5
F97557FD
85A64601
3D4D8522
D5654781
06090363
011917BB
1B04079F
27370000
97BA4411
77614388
8D79177D
1E95251B
3FF47413
C0057513
071F8D41
FFEFFFFF
C3888D79
0FF0000F
4240041F
35F9000F
4505C51D
F0EF147D
F875A66F
CC3E57FD
FBC947E2
CE020868
E5013569
8B8947F2
57FDD3D9
079FB749
00001B00
4781B74D
37B7BFF9
4B984411
FFE77793
6793C119
37370017
CB1C4411
0FF0000F
81388082
C23E57FD
4240041F
34B7000F
A7834411
8B850844
40FCEB85
0017E793
C0FCC43E
0FF0000F
3737C202
27834411
5F1C0887
8FD95F58
00F037B3
40F007B3
4792C23E
81344512
147D4505
9D4FF0EF
BFE1F069
57FD8158
041FC63E
00002710
34B74905
49914411
C87FE0EF
146357FD
AA230325
000F0724
5CF80FF0
8B3157FD
01370B63
0804A783
87939F81
37B3F567
07B300F0
C63E40F0
CB8147B2
147D4505
980FF0EF
557DF071
45018154
8018BFF5
C3FFE0EF
01051CBB
44113737
08072683
0AA00613
9E814781
00C69D63
000FDF28
5F7C0FF0
0307F793
B79317C1
07B30017
853E40F0
57FD8014
0793BFED
05630A00
E96302F6
069300C7
15BB0500
06932006
A8290200
0A100793
04F60363
0A200693
00D60663
8082557D
0A000693
44113637
77814A58
8FF917FD
A59B8985
77C122B7
890517FD
A79B8FED
757D20A7
8FE9053D
08D7A79B
000FCA5C
45010FF0
06938082
B7E90A10
0205633B
02050BBB
8082557D
37B74705
4BDC4411
8FD99BE1
0205133B
FFFF071F
8FF9FFF3
44113737
000FCB5C
45010FF0
471D8082
BFC9DDE9
36B7C539
4E9C4411
F7933118
8B05FDF7
0AE7A79B
9BBD2138
A79B8B05
313808E7
8B059BDD
06E7A79B
9BED2158
A79B8B05
315804E7
8B059BF5
02E7A79B
9BF92118
8FD98B05
000FCE9C
45010FF0
557D8082
E1058082
44113737
05864B1C
3FE5F593
C007F793
CB0C8DDD
0FF0000F
853E4781
57FD8082
01F51EBB
44113737
F5934B1C
BFF93FF5
57FD8148
C402C23E
CDC5C602
CF1941D8
84AE8932
0074862A
051F458D
00A33F00
AD7FE0EF
4792C22A
4792C781
8144853E
003420B0
051F458D
00A33EE8
ABBFE0EF
4792C22A
20BCF3FD
E3914501
14633088
F0EF0009
4422D85F
880D47B2
8BFD041A
00146413
10F4241B
441137B7
0887A223
0FF0000F
D7FFF0EF
4792C22A
20BCF7DD
1563D7CD
45050009
D4FFF0EF
741347A2
071FF3F4
FFFFE0FF
241B8B8D
47B20CF4
8BFD8C79
10F4241B
00146413
441137B7
0887A223
0FF0000F
D3BFF0EF
4792C22A
57FDB7AD
77BBB7A5
079F0405
12000400
050A953E
000FC10C
C1300FF0
0FF0000F
80824501
8082557D
80824501
80824501
0405733B
4709C591
020582BB
8082557D
16B74701
A6034800
05061806
97B3478D
C79300A7
8FF1FFF7
00A71733
A0238FD9
000F18F6
45010FF0
45018082
783B8082
17370405
26834800
47852207
00A79533
20238D55
000F22A7
45010FF0
557D8082
E1318082
C1A9557D
1016103B
17B74198
A0234800
000F62E7
41D80FF0
62E7A223
0FF0000F
A4234598
000F62E7
45D80FF0
62E7A623
0FF0000F
A0234705
000F60E7
45010FF0
557D8082
763B8082
079F0405
12000590
050A953E
000FC10C
45010FF0
557D8082
80188082
E10528A9
00A05737
74872683
E793429C
C29C0047
74872703
E793431C
C31C0027
051F8014
80001180
57B7BFE5
A68300A0
46057487
67134298
C2980017
873E56FD
74872783
8391439C
87638B85
16FD00C7
4501FAE5
80824581
8018A00D
495000EF
00EFC909
079F48F0
00A05748
4501C388
051F8014
80001180
079FBFE5
00A05748
478C439C
808243C8
030575BB
079FC989
00A0574C
04A7851B
4501C10C
05378082
05058000
82288082
CE2E842A
CA36CC32
C63EC83A
3AF000EF
574C051F
051B00A0
41080485
46D2CD01
2303CA91
47B20005
46624742
852245F2
83028220
1047051F
82248000
574C079F
879B00A0
439C04A7
00C7A303
079F8302
00A0574C
04A7879B
A303439C
83020107
574C079F
879B00A0
439C04A7
A303C781
83020087
1047051F
80828000
57FDC609
4501C21C
05378082
05058000
079F8082
00A05774
2114953E
03E00713
0306F3BB
2748079F
97B600A3
C2182398
80824501
5758079F
851B00A0
202304A7
45010005
079F8082
00A05768
04A7851B
89854118
9BF9471C
C71C8FCD
079F8082
00A05768
04A7851B
4501411C
8B8543FC
8082A21C
5768079F
851B00A0
411C04A7
43FC4501
8B858385
8082A21C
5768079F
851B00A0
411C04A7
43FC4501
83859F81
0017C793
A21C8B85
079F8082
00A05768
04A7851B
4501411C
838D43FC
A21C8B85
079F8082
00A05768
04A7851B
4501E219
41188082
8B85437C
0585FBF5
FFF5C783
9E21167D
B7DDC35C
5768071F
478100A0
04A7051B
00C7C463
8082853E
42F84114
FB7D8B21
873342D4
078500F5
B7DDA314
274C079F
879B00A3
A30304B7
03630007
83020003
1047051F
80828000
5768079F
879B00A0
439804A7
0035F693
9BCD535C
04D7A79B
76939BF1
8FD50036
0107E793
079FD35C
00A05774
A38C97AA
5778079F
953E00A0
8082A110
0406633B
80000537
80820505
079F8018
00A05774
238C97AA
376D9E01
80144501
0406633B
80000537
80820505
079F8018
00A05778
85B297AA
9D812390
45013761
C1B18014
05928048
02B67433
54B3892A
041A02B6
02B45433
F0EF4585
079FE85F
00A05768
0527879B
F713439C
9CA10FF4
80A1CB98
4581C7C4
7413854A
CBC003F4
F06F8040
8082E5DF
5768079F
851B00A0
411804A7
471C898D
A79B9BCD
C71C04B7
079F8082
00A05768
04A7851B
89854118
F793471C
A79BF7F7
C71C0EB7
079F8082
00A05768
04A7851B
89854118
9BE9575C
A59B8FCD
D74C04B7
079F8082
00A05768
04A7851B
4E9C4114
0E05F73B
00A32737
71070713
04B7059B
87024198
9BDD8A05
06C7A79B
8082CE9C
9BED8A05
04C7A79B
8A05BFD5
8FD19BF9
8A05B7F5
A79B9BF5
B7CD02C7
36338018
45B500C0
4501377D
80188014
00C03633
374545B1
80144501
36338018
459100C0
45013F49
80188014
00C03633
37514589
80144501
5768079F
851B00A0
411804A7
471C8985
FDF7F793
0AB7A79B
8082C71C
5768079F
851B00A0
411804A7
471C8985
A79B9BBD
C71C08B7
80288082
873B842A
C5810105
020582BB
80208024
4585BF65
45853F55
80208522
376DB7E1
BFDD4581
224C8138
842A84B2
EC9FF0EF
852230CC
20EC3DE9
37D18522
8522408C
00EFC62E
45B201D0
8522862A
E63FF0EF
81344501
5768079F
851B00A0
411804A7
4B3C8985
8FCD9BF9
8082CB3C
84B68168
00251913
27A0069F
8A2E00A3
012685B3
4294418C
071F89BA
00A05768
01270633
C314C20C
071F20CC
00A05764
C63E972A
00070023
F0EF842A
30CCE4FF
F0EF8522
20ECE61F
37A18522
85224581
408C3F61
C42E8522
79A000EF
862A45A2
F0EF8522
4529DE1F
965FE0EF
C78D47B2
33AC3390
F0EF8522
079FD4FF
00A05758
A02397CA
45850147
030981BB
85224581
E2FFF0EF
81644501
45854605
051FBFE1
00A33F18
C5198082
577C079F
C38800A0
80824501
80000537
80820505
577C079F
A02300A0
45010007
079F8082
00A0577C
80824388
00A347B7
FB07A783
071FC799
00A05780
4501C31C
051F8082
80001200
079F8082
00A05780
0007A023
57B78082
A78300A0
071F7807
5A5A5A5A
8082C798
5788079F
438800A0
079F8082
00A05784
8082C388
B77DB7F9
57B78038
A68300A0
04937807
843E7D10
67135698
D6980017
78042703
8385571C
CF998B85
00EF4B40
079375A0
862A3E80
02F435B3
05334681
C0EF02F4
8034A5BF
C48914FD
E0EF4505
B7F985FF
BFC54501
00A057B7
7807A703
E793475C
C75C0017
80188082
57B737F5
A70300A0
4B1C7807
CB1C9BF9
80488014
00EF84AA
E4897060
80000537
80440505
02950433
02945933
6F0000EF
FEA916E3
FFF46A3B
5788079F
593700A0
C38400A0
78092783
5A5A049F
74135A5A
C384F004
2783376D
4B987809
00476713
4B98CB98
FBF77713
4B98CB98
03876713
43C8CB98
0FF57513
C3C08C49
4501C784
8128B74D
3FA5C62A
54374532
E10D00A0
78042703
F7934B1C
CB1CF7F7
27033F81
4B1C7804
0017E793
8120CB1C
EC7FF06F
01F51B3B
78042703
E7934B1C
BFF10807
3F30051F
808200A3
25698058
579C099F
A02300A0
091F00A9
00A05790
20232541
049F00A9
00A0578C
C0882DB5
5798041F
2DAD00A0
2DBDC008
5794079F
C38800A0
0009A783
2783CB99
CB810009
C791409C
C781401C
4501C119
051F8054
80001343
57B7BFE5
A68300A0
071F7987
3FFFFFFF
46DC8D79
C0000737
8FC98FF9
8082C6DC
25918158
2D1D84AA
071F4792
FFFFC7FF
F793892A
E7938077
8FF90287
4785C23E
C602C43E
59B74401
004800A0
460126BD
45054585
26E92E79
7949A783
8B85439C
854ACF91
EBCFE0EF
00140793
00946663
1344051F
81548000
BFC1843E
BFE54501
219C8148
892E842A
E793078E
C23E0017
FFF50793
C602C43E
F89FF0EF
E50D84AA
2E210048
C0024785
0287E263
00A057B7
7947A783
35934702
46010024
C593C398
45010015
2EA9263D
81448526
00F906B3
07332294
078500F1
FED70FA3
8118B7F1
F41FF0EF
006C4799
06234505
F0EF00F1
E119F93F
F2DFF0EF
86488114
892AC636
843284AE
87AA3FE9
E93946B2
0848CA36
CE3682B9
2455CC22
F0EF854A
86A2EE9F
05938626
10080400
51B040EF
E90D57FD
00347613
00C03633
4486061B
101C9E21
55B74701
169300A0
82C10107
00C6EC63
45854605
2C714501
F0EF24E1
87AAEC7F
8644853E
7945A683
07914388
04E6869B
0705C288
8128BFC9
F0EF842A
F0EFE2FF
E91DEA3F
059F4631
00A314DC
C0EF0048
0048C39F
4601241D
45054585
24492C99
00A057B7
7947A783
FFFF071F
439C00FF
C01C8FF9
E6DFF0EF
67C18124
0CF66C63
49408198
89AE84B2
4A05892A
00A05AB7
57B7E025
A68300A0
D9937907
D6130109
4E9C00F4
95934701
81C10107
2135A59B
7793CE8C
CFC10016
061F4A9C
FFFFF0FF
8FF18B3D
10E7A79B
2503CA9C
240D0049
00C92503
7F857793
2C89C391
00A057B7
79C7A783
CB984705
DF9FF0EF
A00D4501
8063201C
C7990347
02E786BB
1345051F
A0398000
05933008
F0EF0024
CD15E37F
20388194
00344B83
00444B03
6713070E
C23A0017
C602C452
DB9FF0EF
22B10048
45854601
2AB54505
A7832265
439C794A
0177D7B3
9BE38B85
0419FB67
8205B791
B7850705
80000537
80820505
89AA8588
84B28A2E
04000413
00E6DA93
5B378936
E09900A0
A8A14501
D69FF0EF
F363E929
84260084
C24A0048
C656C422
854E20FD
D33FF0EF
45054605
2A214585
77932291
37B30034
250300F0
879B794B
08144487
47019FA1
15938636
81C10107
00F5EA63
85A286A2
40EF8552
C91933D0
8584557D
04E5059B
0705418C
AE230691
BFE1FEB6
9A2299A2
B7718C81
77938088
041303F5
8C1D0400
892E89AA
8AB684B2
00867363
86D68432
85CA8622
F0EF854E
8A2ADB1F
8C81E905
9922C495
04000B13
89A6944E
009B7463
04000993
864E86D6
852285CA
D8BFF0EF
84B3E901
994E4134
F0E5944E
80848552
BFED8A2A
C62E8238
843284AA
D4FFF0EF
E10D45B2
CA2E0848
CE02CC02
85262829
C5FFF0EF
00144613
45014581
20BD2089
C6DFF0EF
57B78234
A60300A0
411C7987
4618450C
0037D693
77139E81
8F55F007
83AD4154
899D8B9D
16FD07C6
03F6F693
08B7A79B
12D7A79B
C21CC618
57B78082
A70300A0
89057987
431C8985
F7938A05
A79BEFF7
F79310A7
A79BF7F7
9BDD0EB7
06C7A79B
0037E793
8082C31C
00A057B7
7987A703
8B85431C
8082FFF5
00A057B7
7907A603
80000737
00FF069F
421CFFFF
57138FD9
9F010035
A79B8FF5
569310E7
8A9D00B5
F793812D
7713FC07
E5330385
8D5900D7
8082C208
00A057B7
7907A683
00355713
FFFF061F
429CC03F
812D9F01
A79B8FF1
071F2CE7
FFF8FFFF
891D8FF9
20A7A79B
40000737
C29C8FD9
81488082
0513004C
C2020200
C602C402
3D7010EF
44374722
093700A3
974A0020
F5440493
0513004C
D0D80210
3BB010EF
459547A2
F5440513
D8DC97CA
88FFD0EF
80288144
00A05437
86AA872E
07F00613
08000593
7A440513
308050EF
7A440793
13BB862A
2398FF05
07F00613
8024E311
802397B2
079F0007
00A057A0
46812388
7A440593
E06F8020
8028E08F
F0EF842A
85AA8C5F
80208522
C18FF06F
3FA4079F
C38C00A3
079F8082
00A33FA4
80824388
020513BB
4400D7B7
DB984705
8082DBD8
80828082
CE067139
D22ECC22
D636D432
DA3ED83A
DE46DC42
842AC911
B05FC0EF
104CC511
C62E8522
F5BFF0EF
446240F2
80826121
FCCFD06F
D06F852E
57B7FCEF
4FD84000
4FC84F98
9DA14F8C
079F8082
00A33FA8
80824388
04C0051F
80824400
3FAC079F
438800A3
079F8082
00A33FAC
8082C388
F0EF8018
80109CBF
81FFF06F
831FF06F
80288082
D0EF842A
079FF76F
00A33FB4
8020C380
F70FD06F
3FB4079F
438800A3
80188082
A09FE0EF
E06F8010
051F997F
00A32820
45058082
051F8082
00A3283C
05378082
80820020
FFFF051F
8082009F
0100051F
80824800
0200051F
80824800
0240051F
80824800
0300051F
80824800
0400051F
80824800
3FB8079F
438800A3
079F8082
00A33FBC
80824388
45018082
80828082
F0EF8158
84AAFEDF
FDDFF0EF
02800793
4785C23E
C602892A
4401C43E
00A059B7
F0EF0048
4601D21F
45054585
D4FFF0EF
D79FF0EF
7949A783
8B85439C
854ACF91
868FE0EF
00140793
00946663
1344051F
81548000
B7E9843E
BFE54501
892A8148
84B2842E
F9DFF0EF
47194792
E7939BE1
C23E0017
00090463
05000713
00484792
F793C402
A79B8077
F79306E7
C23E7FF7
F0EFC602
4601CB1F
45014581
CDFFF0EF
D09FF0EF
C43E4785
00A057B7
7947A783
6413040E
C2220014
C384C602
F0EF0048
4601C85F
45014585
CB3FF0EF
CDDFF0EF
81188144
47859D01
C43E050E
C22AC602
F21FF0EF
F0EF0048
4601C5DF
45054585
C8BFF0EF
CB5FF0EF
00A057B7
7947A783
81144388
000207B7
02F56563
004007B7
02B7E163
06138018
45850280
F0EF4505
4609F3FF
03100593
F0EF4505
4501F33F
45018014
80188082
45854671
F0EF4505
4609F1FF
03100593
80104505
F11FF06F
00688118
F0EFC602
E9019A9F
079F4732
001640C8
00F71463
81142079
80000537
BFE50509
892A8078
4995448D
03500A13
00A33AB7
F0EF854A
7413F4DF
1F630FF5
74130339
141109C4
00143413
46F14585
7613E419
85130FF5
F0EF880A
D0EFD43F
0613E7BF
46810640
8E4FC0EF
D0EF0505
C805EEBF
FCDD14FD
80744501
01491A63
04347413
34131479
45890014
B7C94689
06147413
34131401
458D0014
02000693
557DBF45
8068BFD9
498D4481
F0EF4515
8A2AF77F
03500513
F6DFF0EF
4555892A
F65FF0EF
1763842A
0863040A
46090209
03100593
F0EF4501
C419E37F
02000613
450145C5
E29FF0EF
03C00513
D0EF0485
9DE3E1BF
547DFB34
F16DA801
051FE881
00A32858
6FA000EF
80648522
2870051F
BFCD00A3
45854671
F0EF4501
0EE3DF3F
B775FA09
859B455C
419404B7
861B491C
F79304C7
42180076
01079BBB
14638B1D
079F02F7
00A05824
4214C3D4
4954C7D4
4154CB94
4514C394
00D77B63
C7944D18
CBD84501
051F8082
80001346
051F8082
80001349
079F8082
00A0583C
CF99239C
5824071F
431800A0
00B507B3
00F76C63
00F57A63
00B7E863
80824501
1340051F
80828000
80000537
80820505
2A838078
69370045
89AA00A0
82492403
00852A03
C9FFF0EF
00AAF663
1342051F
80748000
82490913
008A7363
A4838452
14FD0049
F0EF94A2
61E3C83F
2023FE95
45010089
67B7BFF9
C70300A0
EF5983C7
842A8258
83C78913
CA5FF0EF
F0EF0868
E151FA4F
3010200C
C62E49F2
F0EFC432
84AAC31F
C33FF0EF
45B24622
87A686AA
99634701
F0EF04E6
4605C25F
F0EF4581
E931EEBF
583D079F
470500A0
8522A398
F61FF0EF
6537E129
260300A0
404C8245
82450513
F92FF0EF
4785E51D
00F90023
583D079F
239C00A0
CF914501
1341051F
A8118000
07F1853E
FE47A803
01099663
E99FF0EF
8254DD4D
BF610705
80824501
8A2E8188
892A85B2
F0EF84B2
E13DED1F
BFFFF0EF
00397B13
02638AAA
4791060B
416787B3
41690933
0FF4F993
00F4E763
89B34991
F9934169
079F0FF9
00A05824
461143D4
854A006C
F0EFC602
842AFEEF
007CED11
863386CE
85CE0167
40EF8552
C9113800
80000537
00450413
F0EF8556
8522BA5F
09118184
84B39A4E
F9934134
8163FFC4
079F0209
00A05824
864E43D4
854A85D2
FA4FF0EF
F969842A
994E9A4E
413484B3
D0F94401
5824079F
43D400A0
006C4611
C602854A
F80FF0EF
86A6842A
85A60070
40EF8552
D14D3180
80000437
BF690411
8A2E8198
84AA85B2
F0EF8932
842ADFDF
85B3E571
85260124
C2DFF0EF
0034FA93
88638B2A
4791060A
415787B3
415484B3
0FF97993
00F96763
89B34991
F9934159
0B9F0FF9
00A05824
004BA683
006C4611
F0EF8526
842AF12F
007CED09
865286CE
853385CE
40EF0157
C9012A40
80000437
855A0411
C03FF0EF
A683A095
852600CB
006C4611
F6CFF0EF
0491842A
09339A4E
79934139
FC71FFC9
02098063
5824079F
47D400A0
852685D2
F0EF864E
9A4EF46F
093394CE
E1314139
FA090DE3
5824041F
405400A0
006C4611
F0EF8526
C909E9AF
0437855A
F0EF8000
0411BA1F
81948522
865286CA
00684591
222040EF
4454F175
006C4611
F0EF8526
842AEFAF
80A8BF9D
842E892A
D03FF0EF
05B3E921
77FD0089
01459713
00F974B3
8FEDCF41
05376705
97BA8000
19630505
97630299
852602F5
40958A33
F0EF6B11
8C2AB0FF
49814901
0B9F4A81
00A05824
1D631B7D
4401040A
F0EF8562
8522B25F
A70380A4
071B010B
290304F7
59930007
8ACE00E9
013A6663
FFF98713
CB018F65
A7030785
EEE3008B
8363FCE7
793302E7
291B0169
46011D39
852685CA
EBCFF0EF
F95D842A
415A0A33
B76594D6
BFD14785
1347041F
B74D8000
F6990FE3
80000537
BF790505
079F8188
00A328A8
06A7955B
8A132126
5A130074
6F63003A
59030746
86B20005
460189AE
854E85B6
1A2040EF
009967B3
844A8B9D
6A41CB91
4AA194CA
4B051A7D
00944B63
A0394501
55938652
854E0039
FDBFD0EF
76138184
55930074
05130034
D0EF00F1
F57DF73F
00F14783
07B3C38D
C7334124
E7B30357
77330357
974E0147
F7B32314
17B30147
8FD500FB
0405A31C
B77D9C21
BF7D557D
E0EF8018
80109DCF
FE5FD06F
9D018121
9D018082
C5898082
1305723B
F4DFF06F
8082557D
28958018
010513BB
02900513
E06F8010
45659A2F
C06FBFE5
8118F63F
98DA079F
C23E00A2
99EA079F
C63E00A2
079F0048
00A2CA52
C0EFC43E
6537E15F
079F00A0
00010000
B0850593
051395BE
C0EFB085
8114E51F
D0EF8018
051FE4DF
00000BB8
911FD0EF
40002737
11072783
0047E793
10F72823
07B78014
4BC84000
80828905
F0EF8028
18BBFF5F
34370105
0593016E
45016004
EF8FF0EF
F0EF4561
0513F80F
80206004
F92FF06F
02626437
A0040593
F0EF4501
0513EDAF
F0EF0280
0513F60F
B7C5A004
34378028
47854000
4AF42223
D0EF4505
478D89FF
4AF42223
44001737
13472783
000406B7
2A238FD5
802412F7
4400E7B7
8687A703
F8F77713
03076713
86E7A423
86C7A703
F8F77713
02076713
86E7A623
8707A703
F8F77713
02076713
86E7A823
8747A703
F8F77713
02076713
86E7AA23
8787A703
F8F77713
02076713
86E7AC23
87C7A703
F8F77713
02076713
86E7AE23
079F8082
00A0583F
A3984705
079F8082
00A0583F
00078023
81188082
583F079F
239C00A0
00A107A3
4689EB81
05934605
450100F1
BF7FD0EF
079F8114
00A0583F
EF89239C
C62A8118
934FC0EF
862A45B2
7D000693
81104501
BD3FD06F
079F8082
00A0583F
EFA9239C
84AA8098
2920051F
8A2E00A3
F0EF4401
4901FC5F
4B1D4AA5
03000B93
D71349A1
779301C4
85130FF7
F4630307
851300EA
04920377
000A0563
F7BFF0EF
1DE3A811
0BE3FE09
0563FF64
F0EF0175
4905F69F
16E30405
8094FD34
80188082
F77FF0EF
3280051F
801000A3
F6BFF06F
842E8028
F63FF0EF
45818522
F7FFF0EF
3280051F
802000A3
F4FFF06F
842E8128
F0EFC632
4581F45F
F0EF8522
051FF61F
00A3291C
F33FF0EF
45814632
F0EF8532
051FF4DF
00A33280
F06F8120
8228F1DF
3FCC079F
802300A3
07930007
06230290
079300F1
07A30730
072300F1
411C00F1
02A00713
00E106A3
215CC83E
04232178
17ED0001
00F10A23
FFF70793
FDBB9F81
0B230207
315C00E1
08384405
0AA317FD
468100F1
0810003C
4501006C
CE22CC3E
9D9FD0EF
F0EF4501
079FCD4F
00A0583E
8224A380
00010B23
0737B7F9
471C4000
F793893D
A79BF0F7
C71C08A7
80388082
400007B7
051F4780
00A32924
883D8011
00140493
F0EF85A6
0513F0BF
D0EF0640
033BDFAF
85260F04
F06F8030
D0EFFC1F
0073B37F
A0011050
07B78028
B7F30400
64373047
071300A0
431C8404
84040413
C31C0785
553822C9
D37C079F
056300A2
2A5500F7
9782553C
040007B7
3047A7F3
17FD401C
8024C01C
07B78028
B7F30800
64373047
071300A0
431C8404
84040413
C31C0785
55782249
D37C079F
056300A2
2A9500F7
9782557C
080007B7
3047A7F3
17FD401C
8024C01C
07B78028
B7F31000
64373047
071300A0
431C8404
84040413
C31C0785
59382289
D37C079F
056300A2
2A1500F7
9782593C
100007B7
3047A7F3
17FD401C
8024C01C
07B78028
B7F32000
64373047
071300A0
431C8404
84040413
C31C0785
59782209
D37C079F
056300A2
28D500F7
9782597C
200007B7
3047A7F3
17FD401C
8024C01C
07B78028
B7F34000
64373047
071300A0
431C8404
84040413
C31C0785
5D3820C9
D37C079F
056300A2
285500F7
97825D3C
400007B7
3047A7F3
17FD401C
8024C01C
07B78028
B7F38000
64373047
071300A0
431C8404
84040413
C31C0785
5D782049
D37C079F
056300A2
289500F7
97825D7C
800007B7
3047A7F3
17FD401C
8024C01C
40EF8038
64B765B0
871300A0
431C8404
C31C0785
661040EF
34202473
67852089
8C7D17FD
9522040A
079F4118
00A2CF58
84048493
00F70663
9522201D
9782411C
61D040EF
17FD409C
8030C09C
6290406F
34202573
17FD6785
80828D7D
051FA001
00A28420
C13D8082
29038048
842A0045
297C051F
85CA00A3
A7CFF0EF
800007B7
126307B1
051F04F9
00A32990
F0EF6489
04A1A66F
00EF8526
4C5C3490
07C18522
00EFCC5C
079F4A70
00A05858
C781439C
854A85A2
85A69782
00EF4509
450132D0
D06F8040
64898A7F
B7E90491
80288082
051F842A
00A32BEC
A1CFF0EF
051F202E
00A32C24
A10FF0EF
051F481C
00A32C3C
F0EF4BCC
481CA02F
2C54051F
4B8C00A3
9F4FF0EF
051F481C
00A32C6C
F0EF478C
481C9E6F
2C84051F
43CC00A3
9D8FF0EF
051F481C
00A32C9C
F0EF438C
481C9CAF
2CB4051F
A58300A3
F0EF08C7
481C9BAF
2CCC051F
4FCC00A3
9ACFF0EF
051F481C
00A32CE4
F0EF47CC
481C99EF
2CFC051F
4F8C00A3
990FF0EF
051F481C
00A32D14
0887A583
980FF0EF
051F481C
00A32D2C
0847A583
970FF0EF
051F481C
00A32D44
0807A583
960FF0EF
051F481C
00A32D5C
F0EF47EC
481C952F
2D74051F
47AC00A3
944FF0EF
051F481C
00A32D8C
F0EF5FEC
481C936F
2DA4051F
5FAC00A3
928FF0EF
051F481C
00A32DBC
F0EF5BEC
481C91AF
2DD4051F
5BAC00A3
90CFF0EF
051F481C
00A32DEC
F0EF57EC
481C8FEF
2E04051F
57AC00A3
8F0FF0EF
051F481C
00A32E1C
F0EF53EC
481C8E2F
2E34051F
53AC00A3
8D4FF0EF
051F481C
00A32E4C
F0EF43EC
481C8C6F
2E64051F
43AC00A3
8B8FF0EF
051F481C
00A32E7C
F0EF5FCC
481C8AAF
2E94051F
5F8C00A3
89CFF0EF
051F481C
00A32EAC
F0EF5BCC
481C88EF
2EC4051F
5B8C00A3
880FF0EF
051F481C
00A32EDC
F0EF57CC
481C872F
2EF4051F
578C00A3
864FF0EF
051F481C
00A32F0C
F0EF53CC
481C856F
2F24051F
538C00A3
848FF0EF
051F481C
00A32F3C
F0EF4FEC
481C83AF
2F54051F
4FAC00A3
82CFF0EF
051F481C
00A32F6C
F0EF4BEC
481C81EF
2F84051F
4BAC00A3
810FF0EF
2F9C051F
802000A3
804FF06F
67B74154
871300A0
CB088447
84478513
F06FA336
8028DC9F
051F842A
00A32BCC
FE1FE0EF
80208522
FD9FF06F
842A8028
2AFC051F
E0EF00A3
8522FCBF
F06F8020
8028FC3F
051F842A
00A32AB0
FB5FE0EF
80208522
FADFF06F
842A8028
2AD8051F
E0EF00A3
8522F9FF
F06F8020
8028F97F
051F842A
00A32B48
F89FE0EF
80208522
F81FF06F
842A8028
2B28051F
E0EF00A3
8522F73F
F06F8020
8028F6BF
051F842A
00A32B9C
F5DFE0EF
80208522
F55FF06F
842A8028
2B70051F
E0EF00A3
8522F47F
F06F8020
8028F3FF
051F842A
00A32A84
F31FE0EF
80208522
F29FF06F
842A8028
2A58051F
E0EF00A3
8522F1BF
F06F8020
8028F13F
051F842A
00A32A2C
F05FE0EF
80208522
EFDFF06F
842A8028
2A18051F
E0EF00A3
8522EEFF
F06F8020
8028EE7F
051F842A
00A329A0
ED9FE0EF
80208522
ED1FF06F
842A8028
29C0051F
E0EF00A3
8522EC3F
F06F8020
8028EBBF
051F842A
00A329F8
EADFE0EF
80208522
EA5FF06F
842A8028
2964051F
E0EF00A3
8522E97F
F06F8020
8028E8FF
051F842A
00A329E0
E81FE0EF
80208522
E79FF06F
F0EF8018
85AABCFF
2938051F
E0EF00A3
A001E67F
F0EF8018
85AABBBF
2FD8051F
E0EF00A3
A001E53F
0380051F
80820020
585C079F
C11C00A0
80824501
842A8128
305C051F
F0EF00A3
13BB809F
051F6404
00A33074
FFAFF0EF
573347A9
006802F4
00010723
02F77733
02F477B3
03070713
00E10623
03078793
00F106A3
FD2FF0EF
3078051F
F0EF00A3
13BBFC8F
051F6404
00A33110
FBAFF0EF
81388124
84AE842A
05934611
00680F80
D0EFC602
C519D84F
051F85AA
00A33000
DBDFE0EF
8C3D47B2
C4118C65
3020051F
E0EF00A3
4501DABF
F06F8134
8038F5CF
40EF84AA
842A1030
C0EF8526
8522D8CF
406F8030
803810B0
40EF842A
84AA0EB0
C0EF8522
842AD3EF
40EF8526
85220F30
079F8034
00A33FD0
450DC11C
079F8082
00A33FF8
CE8943D4
47814398
26030711
0763FFC7
078500A6
FEF69AE3
80824501
80824505
842A8128
0513004C
00EF0210
E5190510
47A24732
777D97BA
C01C97BA
81388124
842E84AA
02100513
00EF004C
E9090310
47A24732
777597BA
C09C97BA
C01C678D
81388134
842E84AA
02100513
00EF004C
E50900D0
C09C47A2
C01C47B2
80188134
1F400513
E41FC0EF
D06F8010
80188E7F
D3B8051F
10EF00A2
C5193410
3034051F
801000A3
CB5FE06F
D06F8014
0537BD6F
80820020
00800537
87B28082
85BE862E
998FF06F
0A338098
179300B5
84AA014A
C79189D2
79B379FD
6785013A
650599BE
01B000EF
C9098AAA
00EF6505
8B2A0110
8556E901
021000EF
80000437
A8810415
F933797D
84B30124
E48D4124
41498BB3
040B9163
412985B3
F0EF854A
842AB10F
E0A1E10D
000B8F63
85DA865E
F0EF8552
A8359FEF
85D68626
F0EF854A
842A91EF
8556D571
7D0000EF
00EF855A
85227CA0
865E8094
855285DA
900FF0EF
F175842A
8626BF55
854A85D6
9C4FF0EF
842ADD45
8048BFC9
84AE842A
E6998932
85CA8626
80408522
9A8FF06F
F3DFF0EF
8044D965
004C8118
00EF450D
47816E40
4722E519
002007B7
879397BA
853E0407
80288114
590C842A
F0EF5548
E901DC9F
11C42583
11842503
F06F8020
8024DB9F
079F8128
00A2D46A
079FC23E
00A2D452
0048C43E
D44E079F
C63E00A2
49D000EF
C901842A
307C051F
E0EF00A3
8522B63F
F0EF8124
051FE91F
00A33094
DB2FF0EF
8118B7FD
004C4148
79A000EF
45B2E509
F0EF4522
8114EA7F
47F18148
09135178
C43E06C5
06234785
002300F1
00A30001
01230001
C24A0001
96E1079F
44013C78
02F71D63
585C049F
07B700A0
87130300
842A00D7
46F107CD
45F1864A
03C48513
C09CD8D8
3C6030EF
051FC919
00A330A4
80000437
AD9FE0EF
85220411
46F18144
45F1864A
00848513
3A2030EF
051FC509
00A330DC
0413BFF1
46C108C4
45C18622
05848513
386030EF
051FC509
00A33114
46C1B7C1
45C18622
02448513
36E030EF
051FC509
00A33148
C0EFB765
842AEA2F
85AAC901
317C051F
E0EF00A3
BF71A73F
858A58D0
03848513
C2EFC0EF
C911842A
051F85AA
00A331B0
A55FE0EF
EC0FC0EF
4090BFAD
8513858A
C0EF0044
842AC0CF
85AAD52D
31F4051F
E0EF00A3
5C88A33F
C72FC0EF
5178BFE1
96E1079F
04633C78
450100F7
80388082
585C049F
5C8800A0
C52FC0EF
40C8842A
C4AFC0EF
C0EF8C49
8D41E6EF
219C8034
2023E789
45010005
07938082
C11C3000
00058023
8028BFCD
079F5278
3C7896E1
18634401
87AA02F7
585C051F
88AE00A0
02450593
48014148
470186BE
C0EF4641
842AE36F
85AAC519
3238051F
E0EF00A3
85229A7F
80288024
079F5278
3C7896E1
18634401
87AA02F7
585C051F
88AE00A0
05850593
48015D08
470186BE
C0EF4641
842ADF6F
85AAC519
3284051F
E0EF00A3
8522967F
80388024
40EF842A
84AA4C20
C0EF8522
842A916F
40EF8526
85224CA0
80388034
40EF84AA
842A4A60
C0EF8526
8522930F
406F8030
81384AE0
842E84AA
45B146B1
00484601
276030EF
0513004C
29150210
4532E505
06B747A2
97AA0040
97AA7579
EB63557D
873300F6
E7630087
862200E6
853E85A6
DEDFE0EF
80C88134
8AAE8BAA
EA9989B2
F0EF854E
84AAF7DF
0437E955
04158000
80C48522
00C58A33
014A1793
C7918952
7933797D
6785012A
6505993E
F53FF0EF
DD618B2A
F0EF6505
8C2AF49F
855AE509
F5BFF0EF
74FDB7D9
009AF4B3
409A8D33
020D1763
41490CB3
040C9263
409905B3
E0EF8526
842AF4DF
1163E115
8F63040D
4681000C
85D28666
3FB58562
866AA835
852685DA
D59FE0EF
D569842A
F0EF855A
8562F0DF
F07FF0EF
BF9DD425
85E28666
E0EF8552
842AD3BF
BF4DF175
866A4681
855A85A6
DD453789
BFC9842A
85DE864E
E0EF8556
842ADEFF
0637E10D
86CE0020
85CE9656
30EF8526
842A0E40
864EE519
852685DE
AF6FB0EF
8526842A
EAFFF0EF
8138B705
842E84AA
45B146B1
00484601
136030EF
0513004C
2CD50210
47B2E505
073745A2
557D0040
77F995BE
6B6395BE
87B300B7
67630085
468500F7
85268622
EC7FF0EF
83288134
C602C402
C92DC802
002C842A
02100513
E13D2C5D
852245F1
E63FF0EF
4732ED31
07B74C14
061F0020
8F45BA2F
876397BA
438C04C6
F333069F
91634B7C
478C04D5
10000693
02D59C63
1247A683
CC3E4585
30068693
CA2ECE3E
D236D036
D632D402
004007B7
00E7EA63
E7639736
45F100E7
F0EF0848
C119F49F
A8094501
852245F1
DFBFF0EF
4008F975
02F57C3B
80188324
8010223D
8118A8E9
C62E4501
45B22A15
F0EF852E
8110FEDF
B14FD06F
86B28458
84AE892A
862E8432
051F85AA
00A332D0
EE4FE0EF
EDDFB0EF
58C4079F
239800A0
E32189AA
A3984705
03210023
C0EFD226
D42AFA0F
D6221008
061328D5
45810200
C8021008
CC02CA02
A0EFCE02
DA22E5FF
341027F3
878ADC3E
C63E0068
10082221
079F2215
00A058C8
C391439C
65899782
4509058D
F73FF0EF
B0EF854E
8454E7FF
4000079F
A30300A3
05630007
86130003
8302FFB0
47858118
00F107A3
00F14783
FFED9F81
06938114
061F0FC0
00A34044
0FC00593
58CC051F
206F00A0
47377190
079300A3
D7830447
66890D87
04068613
04470713
02C78963
00F66C63
0685C78D
02D78363
BEAF079F
2423DEAD
80820EF7
068566A1
00D78963
F0F0069F
84630000
669100D7
079FBFE9
DEADDEAD
079FBFF9
00A34044
0C078D23
0CA79C23
F8BFF06F
4044079F
8D2300A3
80820CA7
862A8018
4044051F
46C100A3
051345C1
20EF0A45
80106950
F63FF06F
862A8018
09000693
09000593
4044051F
20EF00A3
80106790
F47FF06F
8018CD19
051F862A
00A34044
45D146D1
09050513
65B020EF
F06F8010
8082F29F
079F4958
00A34044
08E7A623
CBD84D18
F13FF06F
F0EF8048
4118F0EF
A54B079F
15634B87
842A06F7
EFCFF0EF
2446892A
EF4FF0EF
67374014
079300A0
C3949C87
03134054
C3D49C87
C7944414
C7D42474
1006EF3B
9C870713
94CA4781
861B4841
421406F4
00178593
CB1497AA
08B3069B
00462883
07412690
1116261B
37FCC690
87AEA69C
FD059DE3
80444501
80003537
C1BDBFED
00A06737
9C870793
071347D0
47819C87
02C7E863
84AA8138
842E0068
F0EFC602
C919E7AF
CB8947B2
86BE4701
07A14290
02C49163
E39542DC
3003051F
81348000
069B0785
C80308F7
01630086
9F8102A8
0705B7C1
FCE51BE3
4705B7C5
C05CA018
BFF14501
3002051F
80828000
00058023
4501429C
469CC1DC
C59C83A1
80288082
2B8D842A
C799411C
230323B5
85220005
83028020
80244501
8038C51D
F0EF842A
84AAF94F
F94FF0EF
00946563
6B6394AA
23890094
C799415C
23032B35
85220045
83028030
80828034
5AD8051F
808200A0
84AA8138
C6020068
ECCFF0EF
842AC909
32F8051F
E0EF00A3
8522BF6F
05138134
F0EF06C0
C088F8DF
E911862A
332C051F
043700A3
E0EF8000
0415BD6F
4532BFF9
06C00593
F2AFF0EF
D961842A
3364051F
E0EF00A3
4088BBAF
F71FF0EF
0004A023
CD9DBF6D
842A8228
C62E0868
F0EFCE02
45B2E34F
051FE509
80003002
47F28224
4701DBFD
07A186BE
FF87A603
00C41663
F0EF22C8
B7DDE9DF
15E30705
BFE1FEE5
3002051F
80828000
842A8158
002889AE
8932006C
C602C402
E5EFF0EF
47B2E51D
02F47663
00092483
8733C095
F4630084
84B300E7
45224087
85A6864E
C42A9522
E8EFF0EF
2023E119
81540099
3042051F
BFE58000
079F8128
00A05AD8
4401239C
006CCB99
C4020028
F0EFC602
E501E0CF
747547B2
8522943E
81388124
C402C202
079FC602
4B87A52D
843284AE
02F51163
002007B7
0793C43E
C63E7800
00414783
47A2EF81
47B2C09C
4501C01C
004CA029
F13FF0EF
8134D565
0004A023
F99FF0EF
B7E5C008
84AA8138
0028006C
C602C402
DA6FF0EF
E511842A
DEAFF0EF
953E47A2
8522C088
81488134
12052403
E019892E
20000413
0028006C
C602C402
D7AFF0EF
E91184AA
97A247A2
F0EFC43E
47A2DB8F
2023953E
852600A9
81488144
84AE892A
006C0028
C602C402
D4EFF0EF
E919842A
270347A2
97BA0049
F0EFC43E
47A2D88F
C088953E
81448522
45448178
842E8AAA
006C0028
8A3689B2
C602C402
D1AFF0EF
E121892A
00F48793
7E639BC1
0C6302F4
8A63020A
A4830209
C4950009
00848733
00E7F463
408784B3
A50347A2
953E008A
C42A942A
D2EFF0EF
20239522
A02300AA
854A0099
091F8174
80003042
455CBFDD
9BC107BD
02F5FB63
CA05CA8D
00062803
02080563
872E8128
F46395C2
883300B7
450840E7
85B68432
953A0070
F0EFC642
E119E2BF
C01C47B2
051F8124
80003042
81688082
063C079F
9163CB9E
051302F5
211C04C5
311CEFB5
00150913
213CEBE1
00250913
4401E7F1
81648522
02B5555B
B7C50541
55DB0441
84330294
A8A500B9
010A14BB
00094783
0FF797BB
00090023
153BA8B5
448D02FA
413484B3
460186A6
854A85A6
273020EF
9F3BA09D
478302E9
FBD50009
3418051F
E0EF00A3
079F902F
00A05AD8
B3D84735
3067041F
BF698000
4981892A
8A320068
C60284AE
BA8FF0EF
F159842A
063C079F
4432CB9E
F8F494E3
04C40413
15E3944E
4703F80A
07930009
12E30FF0
47BDF6F7
00F90023
85224485
864A4681
F0EF85A6
842ACC0F
85AAD559
33E0051F
E0EF00A3
BF3D896F
B75D4985
B74D4989
079F8128
00A31D78
23BC239A
00011423
00010523
00F10723
00E11623
063C079F
0413CB9E
056304C5
545B00F6
044102B5
002C460D
A0EF8522
478DB51F
460DCD0D
8522006C
B43FA0EF
C5154781
4501201C
301CEB81
E7894505
35132028
05090015
2018942A
043B4785
06930F07
47890FF0
00D70363
853E4791
45018124
079F8082
00A05AD8
8082B3C8
C62A8118
C4020028
AC0FF0EF
4522E909
00704681
05134591
F0EF0505
8114C00F
842A8158
162389AE
07230001
09130001
44810105
EA63445C
450500F4
01378F63
04C44783
0F07953B
854AA809
006C460D
AAFFA0EF
C119090D
81544501
BFD90485
84AA8848
842E0068
C6028932
A5CFF0EF
4532ED09
05930850
F0EF06C0
C519AE8F
339C051F
D0EF00A3
8844F7BF
00090C63
CB8957E6
5AD8079F
33C800A0
F65FF0EF
A8214581
084885A6
F79FF0EF
E91DE81D
65C157E6
8D6315FD
C82E04B7
5A5A079F
44325A5A
FCF583E3
33C0051F
D0EF00A3
4681F33F
45910810
06440513
B3EFF0EF
C911B76D
CB8157E6
5AD8079F
F45500A0
000782A3
079FB75D
00A05AD8
059F33DC
5A5A5A5A
0DE79DBB
DBC557E6
B7794535
5A5A059F
B7555A5A
5AD8051F
052100A0
079F8082
00A05AD8
80822388
64378138
478300A0
E7C9AD84
AD840413
411CC519
415CC41C
451CC45C
47B9C81C
0068B05C
2A234785
A01C0004
000103A3
C602C402
A95FF0EF
E931448D
071F47B2
55AA55AA
90634394
57B404E6
AA55071F
9A63AA55
53F802E6
E71D4489
04F7C703
0028C31D
F0EF4BA4
ED11936F
46814522
00710613
04F50513
C42A4585
A72FF0EF
009034B3
448DC111
F0EF4532
A044A07F
81344501
3041051F
BFE58000
41088028
02000693
EABFB0EF
C519842A
051F85AA
00A33438
E21FD0EF
80248522
A0EF8018
C901915F
375C051F
D0EF00A3
557DE0BF
45018014
8548BFF5
84AE892A
45818432
02000613
C6361808
DA0FA0EF
18104785
102885A6
0623D44A
F0EF02F1
46B2FA3F
85AAC909
36C8051F
D0EF00A3
557DDCBF
86368544
8522180C
FA5FF0EF
051FD975
00A3375C
DB1FD0EF
8748B7DD
C63E57FD
C5BDC149
0884C635
D232CC2A
02050513
02060613
0913842E
CE2A0200
0693D432
06130200
059305A0
85260200
D64AD04A
6CE020EF
400C405C
C4BE8626
478500A8
C84ACA26
04F10623
F25FF0EF
C11D842A
051F85AA
00A33478
D4DFD0EF
47B2C622
45B2C799
349C051F
D0EF00A3
47B2D3BF
8744853E
080C1050
B0EF0828
842AD9DF
57FDBFF1
8238B7F5
842A455C
0C050613
200798BB
3704051F
C63200A3
D09FD0EF
06934632
05930200
85220C00
EFBFF0EF
051F8234
00A33730
C63284AE
CE9FD0EF
07934632
082C0C00
CE228526
F0EFCC3E
BFF9F2DF
84AA8238
DEFFF0EF
F0EFC169
C1718FEF
071F409C
CB8D154E
04E79263
1004A703
02F71E63
861344DC
90BB0C04
051F2017
00A33588
D0EFC632
4632C9BF
02000693
0C000593
F0EF8526
842AE8DF
85AAC905
35B8051F
D0EF00A3
A039C7BF
3564051F
D0EF00A3
547DC6FF
82348522
0C000793
CE26082C
F0EFCC3E
BFC1EB1F
08048593
10048513
F2FFF0EF
C511842A
051F85AA
00A335E8
8526B7C9
88EFF0EF
C511842A
051F85AA
00A33618
079FB77D
00A05AFC
DBDD439C
5B00071F
431000A0
07000593
15048513
842A9782
041FB745
80003040
041FBF61
80003063
8148BF41
071F411C
464F5451
00E78E63
051F85BE
00A33654
BE1FD0EF
F0EF450D
547DBD1F
81448522
862E86B2
0A000593
F0EF84AA
842ADC9F
450DC509
BB3FF0EF
44DCB7D5
00700034
9BC107BD
85264581
C63EC402
981FF0EF
E905842A
E9014522
051F40CC
00A33694
B91FD0EF
45B2BF65
02000693
01048613
D83FF0EF
D16D892A
F0EF450D
844AB6DF
892ABF71
8158BFD5
C402892A
C87FF0EF
854AC161
E8DFF0EF
C511842A
F0EF4505
8522B49F
051F8154
00A334CC
B45FD0EF
854A002C
8B7FF0EF
E119842A
E5194522
34E8051F
D0EF00A3
BFE1B2BF
12492583
02000693
12890613
D1BFF0EF
C901842A
F0EF4509
4522B05F
EC4FF0EF
051FBF5D
00A33514
AFDFD0EF
C60244A2
04B14981
14892783
00F9E463
A8394401
8513006C
F0EFFF44
842A88DF
4532E119
051FE911
00A3353C
ACDFD0EF
F0EF4532
BF65E82F
468585A6
02000613
EC3FF0EF
8493842A
F17D02C4
09854532
E64FF0EF
BF4DC602
3040041F
B7B18000
C6028218
BB7FF0EF
080CC13D
E0EF0068
ED29D71F
E0EF0028
E929D4BF
08504522
05214591
E0EFCA02
E129DD5F
453245C2
DD5FE0EF
4522ED05
08304681
05114591
E0EFCC02
E11DE71F
079F4522
55AA55AA
08704681
CE3E4591
E5BFE0EF
4522E901
08504681
05214591
E4BFE0EF
051F8214
80003040
8148BFE5
C002892A
B3FFF0EF
0E050363
F0EF850A
842AF6AF
4502E119
051FE901
00A33788
A01FD0EF
81448522
E8FFF0EF
4502842A
F0EFC811
85A2DAAF
37AC051F
D0EF00A3
B7CD9E3F
2483C602
E6BB1485
041F1504
80003043
F0EF4502
85A2D86F
37DC051F
BFF100A3
F0EF006C
842AF34F
4532ED11
87AACD01
2C9514DB
063C071F
9163CB9E
F0EF0697
A039D5AF
34E8051F
D0EF00A3
F069993F
F0EF4502
0028D46F
C402C222
C49FE0EF
E921842A
46814522
45910050
E0EF0531
842AD89F
4522ED1D
AA55079F
4681AA55
45910070
06850513
E0EFC63E
842AD6DF
07E3E10D
E0EFF409
B799C6DF
83634394
040500E6
02C78793
041FBF49
80003040
85A2BF05
3818051F
B78100A3
51F48158
C602C402
96E1071F
95633C78
892E08E6
85B2842A
E0EF0028
84AAF11F
4C5CE905
00F7F993
C63E9BC1
4722C3A1
864A4C08
40E785B3
E0EF953A
892AF49F
85AAC911
3284051F
D0EF00A3
84CA8D7F
81548526
4C0C4014
47014408
00EF0070
ED0D7900
4732441C
C41C97BA
02098463
46324C08
659186CE
20EF962A
C9011BC0
3848051F
D0EF00A3
54FD89BF
2E23B7D1
BF7D0134
00042E23
BF5D4481
BF4D4485
852E8128
F0EFC62E
842AC1CF
E51145B2
3878051F
D0EF00A3
852286BF
C5818124
F06F852E
8082C1AF
842A8128
02052023
00052E23
00286585
FC9FF0EF
CD11C848
00286591
FBDFF0EF
4781CC08
484CE911
F0EF0028
2A23FCDF
07B70004
07958000
8124853E
079F8168
00A2E970
079FC43E
00A2E98E
00052823
00052423
F3BBC63E
041F0506
80003042
81648522
843689B2
00348A2E
85CE4615
20EF84AA
C93903C0
B7DD842A
00F98733
96133358
07850037
00C71733
E7E3993A
40C0FED7
00897363
D061844A
002885A2
F39FF0EF
CD19C888
2823C8C0
8552012A
F51FF0EF
C105842A
0028488C
F3BFF0EF
0004A823
80000437
BF590415
49014781
FFB40693
8526BF6D
351010EF
8138B751
490C842E
E970079F
84AA00A2
0028C43E
E98E079F
C63E00A2
EFFFF0EF
8526002C
0004A823
6FF010EF
0028484C
EEBFF0EF
2A234C0C
00280004
EDFFF0EF
00042C23
80288134
079F51F8
3C7896E1
02F70263
4114842A
01C50613
45084D0C
23E54701
441CE11D
2E234C58
97BA0004
8024C41C
DE9FF0EF
85AADD6D
3960051F
D0EF00A3
557DEFAF
4505B7ED
81A8B7DD
0205A983
84AE8AAA
8BB68B32
000103A3
6A114901
64636C05
45010139
4898A041
412987B3
C652C43E
74634781
C63A0147
4C884785
4CCC48D4
00710813
95AA0038
007096CA
10EF8556
842A5BD0
85AAC909
390C051F
D0EF00A3
8522E96F
47A2A081
993E4532
8F89489C
4CDCC89C
CCDC97AA
4CDC2321
40FA07B3
0187E663
C399489C
01299F63
85DA865E
F0EF8526
C901F2DF
393C051F
D0EF00A3
557DE56F
472281A4
E319489C
C3194732
B7B5DBCD
4403D7DD
147D0071
00803433
8168B74D
89AA4785
893284AE
00F105A3
44C06A05
7363C015
6405008A
40C848CC
C6220070
AACFF0EF
4405C911
051F85A2
00A338A8
E00FD0EF
81648522
48C845B2
E0EF864A
E51DC15F
40DC4732
00B10693
97BAD098
44DCC0DC
85A6864A
C4DC8F99
F0EF854E
842AEE5F
85AAC901
38DC051F
B7C900A3
BF5D547D
90FFE0EF
8148BF59
1D7C079F
239A00A3
892A23BC
00E11623
00F10723
01050493
27834401
646300C9
450500F4
85268144
006C460D
886FA0EF
E119048D
B7D50405
B7ED4501
C60282D8
F0EFC802
0063E94F
84AA3E05
F0EF0068
892A95AF
1B634501
47B20209
4394CB85
55AA071F
9A6355AA
57B400E6
AA55071F
9463AA55
53FC00E6
051FE795
00A33990
D34FD0EF
091F4501
80003047
85CA8626
D84FF0EF
F0EF4532
45428DAF
8D4FF0EF
82D4854A
F0EF0808
892AA66F
47C2E119
051FEB81
00A33788
CFCFD0EF
B7F94501
F0EF4532
842AF3DF
F0EFED05
49C28D6F
2E23CC02
20230005
842A0205
854E082C
F0EF4B32
892AA4CF
051FC11D
00A334E8
CC4FD0EF
04090563
F0EF4505
BF7DCB0F
F0EF4542
892A949F
84A2D169
47E2BF45
AA83DFE9
4A011489
0B934981
0C1F02C0
CB9E063C
45624C8D
075A4863
844FF0EF
4C4C5010
39B0051F
D0EF00A3
44C2C7AF
051F4432
00A339E4
1484AA83
85D6CA02
C64FD0EF
051F444C
00A33A08
C58FD0EF
8663445C
871300FA
9A63FFFA
47552AE7
2AE7F763
8526084C
9B6FF0EF
E119892A
ECA544D2
34E8051F
D0EF00A3
47C2C2AF
A5034481
BDDD1487
037A0D33
411C956A
01879663
0A0519FD
BFB50985
CE02086C
9B2FF0EF
E119892A
EB9147F2
353C051F
D0EF00A3
4562BF2F
FA9FE0EF
4BFCB725
85CE4C58
973E855A
47E2CC58
439097EA
B4CFF0EF
01951763
501C4772
97BA4B78
4572D01C
F7DFE0EF
CC02B77D
4B014981
063C0A1F
3BB7CB9E
4D378000
4DB700A3
596300A3
4088055B
01451363
E0EF19FD
CD19E38F
85CE4090
F0EF8522
8C2AB02F
030516BB
051F408C
00A33A30
B78FD0EF
09850B05
02C48493
082CB7E9
F0EF8526
892A914F
47E2E119
051FE795
00A33A60
B54FD0EF
C1194562
F09FE0EF
00090863
051F85CA
00A33C18
B3CFD0EF
E0EF4552
B731EF3F
816343DC
46011347
852285CE
9AAFF0EF
C509892A
3A88051F
B7C900A3
051347E2
43CCAB4D
B0CFD0EF
19634962
F0EF040C
8CAAAF4F
051FC521
00A33AE0
AF4FD0EF
85E24C05
B74D8513
AE8FD0EF
85CE8662
F0EF8522
892A964F
000C8363
85CA8966
3B94051F
D0EF00A3
1BE3ACAF
4562F609
E7DFE0EF
E0EFCC02
B789E0CF
001C3693
02000613
00C48593
F0EF854A
8CAAEB0F
F9454C05
00492683
CB9E1737
82670613
046B8C93
F8C68FE3
83270713
F8E68BE3
06092583
3B10051F
D0EF00A3
2783A76F
071F0609
3C7896E1
02E79363
3B34051F
D0EF00A3
854AA5EF
F0EFE0EF
F1358CAA
2ADD854A
00153C13
0C058CAA
071FBF99
44494646
00E79A63
3B4C051F
D0EF00A3
854AA32F
BFF92C3D
3B60051F
D0EF00A3
854AA22F
ED2FE0EF
14E38CAA
854AF205
B7C9242D
00A347B7
BC478513
D0EF85D2
47E2A02F
00A346B7
98C6A903
166343D8
47940547
086840D8
47DCC874
9BC107BD
0793CC3C
CC7C0107
02000793
CE02D03C
C98FE0EF
E115892A
46814572
05440613
051345C1
E0EF0545
892ADD4F
4601E519
852285D2
832FF0EF
47B7892A
85CA00A3
BEC78513
99CFD0EF
091FBDD9
80003043
4485B3AD
091F4501
80003040
8028B9B1
E0EF842A
CD00D6BF
80244501
842A8038
D5DFE0EF
E0EF84AA
4D1CD57F
5088CB85
4CC09522
C419D088
06400793
02F50533
02855433
5B04049F
409C00A0
00878863
D2DFE0EF
85224D1C
C0809782
82488034
CC02CA02
079FCE02
4B87A52D
892E842A
936384B2
07B702F6
CC3E0020
78000793
4783CE3E
E38D0141
408C4562
864A86BA
E0EF9522
A801D18F
084C8536
E0EFC63A
4732D49F
8244DD79
3004051F
BFE58000
842E8A58
458189B2
02400613
082884AA
C63A8936
881F90EF
86CE8622
1868082C
8A5FF0EF
E915842A
40DC44D0
06334732
D2324136
CC3E5622
D002CE3A
02C97163
051F85CA
00A33C50
898FD0EF
1868082C
917FF0EF
3051041F
85228000
86268A54
1868082C
A4BFF0EF
C911842A
051F85AA
00A33C98
86CFD0EF
3062041F
082C8000
F0EF1868
BFD18E5F
47C18258
00500814
84AA4581
00852903
CA02C802
CE02CC02
C402C23E
E0EFC602
842AE7DF
8526E129
CFCFE0EF
ED05842A
86264592
E0EF0808
842AE44F
40C8E115
002C0070
E0EF4992
842AD21F
46B2E911
01298733
080C4641
F0EF8526
842AF1FF
E0EF8526
8522DD0F
051F8254
80003046
81888082
00852A83
41488A2A
004C0030
C402C202
CE3FE0EF
E921842A
00CA2703
E96347A2
650506E7
E0EFC602
84AAB61F
4901C525
27836B05
666300CA
852600F9
B65FE0EF
87B3A01D
73634127
678500FB
85A60070
01590533
E0EFC63E
89AAC2BF
8526C519
B41FE0EF
8522844E
26838184
4701004A
85A60070
F0EF854A
89AAE3DF
47B2F16D
993EDFF9
AB2FE0EF
F0EF4532
B755DE7F
BFD1547D
80000437
B7F10415
2F832138
5E7D0285
00EE1E33
04052E83
FFFE4E13
00C52303
01FE7E33
28030E12
8F330205
0F1B01CE
86AA03E3
0F13515C
0537E00F
28830100
57030006
7A63000F
450100A8
4115F963
08222188
279B0585
551310F5
073300B8
F96302E5
56C812E7
28030313
8863E119
C803040F
557D0016
0006C283
01051533
0186A803
FFF54513
01F57533
00551533
0106AF03
FFF80E13
00081563
0146AE03
9E7A1E7D
000E4803
0E334E21
5833405E
954201C8
60000813
03050533
F63B932A
4685071E
01000E37
0FF00813
05330686
5E8300D3
79630005
F16301C7
21883915
05850722
10F5279B
00B75513
03D50533
02A7E163
8F898F09
79E30685
4505FCD8
010007B7
00F77563
3515FA63
C20C0585
872A8082
AE83B7DD
AE030186
4A880306
8F334801
F46341CE
A80301CE
06B30146
96C201E5
0006CE03
10000813
0FB74685
0F130100
0E060FF0
01C87EB3
00D80533
051B9576
528302A3
79630005
FF6301F7
21882F15
05850722
10F5279B
00B75513
02550533
FA630686
471300A7
7833FFFE
872A00E8
FCDF71E3
8F09BF9D
06858F89
BFCD8876
08330EC1
0E9B40E8
06B703D3
8F990100
000ED703
00D87A63
F8634501
21942B15
05850822
10F6A79B
00B85693
02E686B3
14D7F063
A0030813
4F814509
01000EB7
00085703
01D6FA63
2915F063
0005CE83
058506A2
10FEA79B
00B6DE93
02EE8733
1CE7FE63
03C8081B
4F214681
02B74E05
0E060100
01C80EB3
000ED383
00577A63
2515F463
0005CE83
05850722
10FEA79B
00B75E93
027E8EB3
1FD7E663
41D70733
41D787B3
66E30E05
F0BBFDEE
86B304BF
96F241E6
20000E13
0306F2BB
9E130685
46850076
01000F37
03F00E93
08330686
987200D3
00085F83
01E77A63
1F15F663
0005C803
05850722
10F8279B
00B75813
03F80833
1907EA63
41070733
410787B3
F5E30685
8693FCDE
E8BBFC06
D8130496
FEBB0016
8A850E56
E693187D
0E370026
96B38000
4E130106
96F2980E
02D3031B
4E054E85
01000FB7
03C3069B
0006DF03
01F77963
1915F263
07222194
A79B0585
569310F6
86B300B7
9F1303E6
FF63001E
9E7614D7
187D8736
17E38EFA
BBFDFC08
40D80733
06B78F95
D8030100
7A63018E
450100D7
1515F363
07222194
A79B0585
569310F6
86B300B7
F1630306
777D04D7
05379F3A
57030100
FA63600F
450100A6
1115FD63
06A22188
279B0585
D51310F5
073300B6
EF6302E5
8E990EE7
081F8F99
FFFFF600
450D981A
B58D4FB1
8F958F15
010006B7
030ED803
00D77A63
FE634501
21940D15
05850722
10F6A79B
00B75693
030686B3
FCD7E5E3
8F958F15
010006B7
048ED803
00D77A63
F8634501
21940B15
05850722
10F6A79B
00B75693
030686B3
F8D7EFE3
06B38F95
BF5140D7
0EB78E99
8F990100
01085703
01D6FA63
0715FE63
0005CE83
058506A2
10FEA79B
00B6DE93
02EE8733
00E7F763
081B0E21
46A103C8
8F99BBED
20080813
40E68733
10000F13
B3ED46C1
B5058776
BDA58742
0E37186D
79630100
F96301C7
21940315
05850722
10F6A79B
86B38305
82FD40E7
8EF916FD
8F95187D
FC081FE3
BD9D4811
8F958F15
B5559E7A
B15D450D
80824501
0293711D
960B0301
2D837FE2
CE3202C5
23838E2A
2E830285
9B630185
415C000D
41D58733
407787B3
00E7F463
01D785B3
000E4783
001E4703
002E4603
46B2C63E
10000793
00E79733
00D7D7B3
96B356FD
C69300C6
CC36FFF6
800006B7
00CE2F83
F006C693
76FDD036
60068693
014E2C83
40F707B3
96FEC836
D236CA3E
040E2F03
A00F8693
030E2283
034E2403
038E2983
03CE2D03
010E2A03
01CE2703
020E2903
024E2783
8693D436
4881FFFC
01000637
0800081F
D6360000
F53346E2
56820076
04B30512
94B601E5
8AB30486
D303009F
7763000A
231400C9
07050922
10F6A79B
00B95693
026686B3
54D7FB63
40680533
4AA3031B
006A9023
280F8513
00039463
020D8563
00839493
FFFE8313
000E9363
93525332
00034303
44D29326
00937333
133344B2
155B0093
03850665
7163431D
448D246F
F363837A
430D01E4
406F0F33
00255303
00C6F763
06A22304
A79B0705
D49310F4
84B300B6
FF630264
06B31697
031B4068
11234AD3
46890065
0AB30686
D90300D5
F863000A
430300C4
04A20007
279B0705
D31310F3
033300B4
FE630323
04B31467
091B4128
90234A99
0686012A
00D50AB3
000AD903
00C37763
03222304
A79B0705
549310F4
84B300B3
F0630324
03331497
091B4128
90234A69
0686012A
00D50AB3
000AD903
00C4F863
00074303
070504A2
10F3279B
00B4D313
03230333
1267F063
412804B3
4A99091B
012A9023
0AB30686
D90300D5
7763000A
230400C3
07050322
10F4A79B
00B35493
032484B3
1097F263
41280333
4A69091B
012A9023
0AB30686
D90300D5
F863000A
430300C4
04A20007
279B0705
D31310F3
033300B4
F2630323
04B30E67
091B4128
90234A99
0686012A
00D50AB3
000AD903
00C37763
03222304
A79B0705
549310F4
84B300B3
F4630324
03330C97
091B4128
90234A69
0686012A
5A839536
F8630005
430300C4
04A20007
279B0705
D91310F3
093300B4
F5630359
03330B27
8A9B4158
10234A6A
05330155
A11401DA
F9E30E85
46F230BE
DED764E3
3090006F
4A63131B
11238F85
84B30065
468D4096
191BB551
87B34B29
90234067
0685012A
40648333
191BB54D
8F854B29
012A9023
04B30685
B5C14093
4B29191B
406787B3
012A9023
83330685
BDF94064
4B29191B
90238F85
0685012A
409304B3
191BBDF5
87B34B29
90234067
0685012A
40648333
191BBF29
8F854B29
012A9023
04B30685
BF254093
4B5A9A9B
412787B3
01551023
89330685
BF914124
405E8333
F3634481
84E6005E
93269352
00034303
71BB4499
448D0A0F
7B930306
8A931003
0A9B101B
0F330355
D903409F
F763000A
230400C6
070506A2
10F4A79B
00B6D493
032484B3
1E97FA63
412806B3
4AD9091B
FFF34B93
012A9023
100BFB93
03064689
01737C33
00DB8AB3
0A9B9AE2
DB030355
F863000A
490300C4
04A20007
279B0705
D91310F9
093300B4
06860369
1B27FF63
416804B3
4A9B0B1B
FFF34C13
016A9023
017C7C33
7BB30306
0AB30183
9ADE00DC
03550A9B
000ADB03
00C97763
09222304
A79B0705
549310F4
84B300B9
06860364
1897F763
41680933
4B2B0B1B
FFF34B93
016A9023
018BFBB3
7C330306
8AB30173
9AE200DB
03550A9B
000ADB03
00C4F863
00074903
070504A2
10F9279B
00B4D913
03690933
FD630686
04B31527
0B1B4168
4C134A9B
9023FFF3
7C33016A
0306017C
01837BB3
00DC0AB3
0A9B9ADE
DB030355
7763000A
230400C9
07050922
10F4A79B
00B95493
036484B3
F5630686
09331297
0B1B4168
4B934B2B
9023FFF3
FBB3016A
0306018B
01737C33
00DB8AB3
0A9B9AE2
DB030355
F863000A
490300C4
04A20007
279B0705
D91310F9
093300B4
06860369
0F27FB63
416804B3
4A9B0B1B
FFF34C13
016A9023
017C7C33
7AB30306
0B330183
9B5600DC
03650B1B
000B5B83
00C97763
09222304
A79B0705
549310F4
84B300B9
06860374
0C97F363
41780933
4B2B8B9B
FFF34A93
017B1023
018AFAB3
026AC31B
93569AB6
0265051B
00055303
00C4F863
00074903
070504A2
10F9279B
00B4D913
02690933
FB630686
04B30927
031B4068
10234A93
BB210065
4B29191B
90238F85
84B3012A
468D4096
1B1BBD19
87B34B6B
90234127
0685016A
41248933
1B1BB5A1
8F854B6B
016A9023
04B30685
BDAD4099
4B6B1B1B
412787B3
016A9023
89330685
B5754124
4B6B1B1B
90238F85
0685016A
409904B3
1B1BBDF9
87B34B6B
90234127
0685016A
41248933
9B9BBF01
8F854B7B
017B1023
04B30685
B7894099
4A63131B
412787B3
00651023
131BB335
90234A63
0313006A
0306010F
006F8B33
40D90933
5A838F95
7763000B
231400C9
07050922
10F6A79B
00B95693
035686B3
12D7F363
415808B3
8A9B5322
10234B1A
0F31015B
00035483
00C6F863
00074883
070506A2
10F8A79B
00B6D893
029888B3
2917F463
409806B3
4AD4849B
00931023
02A3051B
F8632136
430300C8
08A20007
279B0705
D49310F3
84B300B8
F26302D4
08B32297
869B40D8
A1364B16
06864689
00D50933
00095303
00C4F863
00074883
070504A2
10F8A79B
00B4D893
026888B3
2117F163
406804B3
4A93031B
00691023
95360686
F8632106
430300C8
08A20007
279B0705
D91310F3
093300B8
F4630299
08B31F27
849B4098
A1064B14
8893452D
6A63FF86
86B335E5
088941D5
68068863
F3638546
85360116
405E8333
F3634681
86E6005E
8333969A
93AA40DC
40A888B3
00AE84B3
72A36263
01DA0333
41D686B3
8EA6951A
00D304B3
03052084
FE930FA3
FE651AE3
9A9BBE1D
10234B5A
0B13015B
9B7E0183
40D90933
5A838F95
7763000B
231400C9
07050922
10F6A79B
00B95693
035686B3
08D7F763
41580333
4A6A8A9B
10234342
949A015B
D30394FE
F8630004
490300C6
06A20007
279B0705
D91310F9
093300B6
FB630269
06B30327
031B4068
90234AD3
86B30064
4501405E
005EF363
96D28566
228896AA
01DA06B3
A2880385
469D0E85
68DF7B63
B4454F25
131B88A2
84164A63
412686B3
412787B3
00649023
7B3B82C6
4F21072F
53128896
844682A2
9A9BBD15
04934B5A
10230303
94FE015B
40D90933
D8838F95
77630004
231400C9
07050922
10F6A79B
00B95693
031686B3
00D7F963
41180333
4A68889B
01149023
989BBF4D
03134B18
90230483
937E0114
40D90933
58838F95
77630003
231400C9
07050922
10F6A79B
00B95693
031686B3
00D7FC63
411804B3
4A98889B
01131023
844E88A2
B7B589C6
4B18989B
10238F95
06B30113
88A240D9
8D4E846A
4F2DB7E5
969BBFA1
8F854AD6
84B3A136
468D4098
131BBBF9
87B34A63
10234117
06850069
411488B3
949BBBF5
87B34A94
A1064127
89330685
BD194128
4A94949B
00931023
41168933
411787B3
01035483
00C97763
09222314
A79B0705
589310F6
88B300B9
F2630298
06B30F17
849B4098
05214AD4
00931823
02A3031B
00235683
00C8F763
08A22308
279B0705
D49310F5
84B300B8
FE6302D4
05330697
869B40D8
11234AA6
488900D3
09330886
55030113
F7630009
231400C4
070504A2
10F6A79B
00B4D693
02A686B3
04D7FE63
40A804B3
4A95051B
00A91023
93460886
00035483
00C6F763
06A22308
279B0705
D91310F5
093300B6
F0630299
06B30527
849B4098
10234AD4
46AD0093
D5E6F9E3
20000313
969BA06D
8F854AD6
00D31123
409884B3
B759488D
4AA5151B
10238F95
088500A9
40D486B3
949BB755
87B34A94
10234127
08850093
41268933
949BBF7D
09334A94
87B34119
18234117
48850093
0FF00A93
84930886
949A2008
77632096
230800C9
07050922
10F5279B
00B95513
02D50533
00A7FD63
40D80933
4B26869B
892AA096
FD1AF8E3
F1088893
969BB7BD
09334AD6
8F8940A9
0885A096
450DB7E5
20000313
01156563
931316E5
937E0076
00235683
00C97763
09222308
279B0705
549310F5
84B300B9
FC6302D4
05331897
869B40D8
11234AA6
468900D3
0AB30686
D90300D3
F763000A
230800C4
070504A2
10F5279B
00B4D513
03250533
16A7FC63
412804B3
4A99091B
012A9023
0AB30686
D90300D3
7763000A
230400C5
07050522
10F4A79B
00B55493
032484B3
1497FD63
41280533
4AA9091B
012A9023
0AB30686
D90300D3
F763000A
230800C4
070504A2
10F5279B
00B4D513
03250533
12A7FE63
412804B3
4A99091B
012A9023
0AB30686
D90300D3
7763000A
230400C5
07050522
10F4A79B
00B55493
032484B3
1097FF63
41280533
4AA9091B
012A9023
93360686
00035503
00C4F863
00074903
070504A2
10F9279B
00B4D913
02A90933
1127F063
40A804B3
4A95051B
00A31023
FC068693
7563450D
F51306D5
44B50016
0016D313
00256513
10D4E063
1533137D
05050065
76FD4B85
30068693
02A68B1B
54839B7E
7763000B
231400C9
07050922
10F6A79B
00B95A93
029A8AB3
001B9693
0B57FA63
40980933
4B24849B
009B1023
8956955E
8BB6137D
FA031FE3
40D506B3
851344C9
E8630016
4F1D25E4
8363831E
836E000D
2466E363
88938D4E
89A22028
82AA8416
969BA251
8F854AD6
00D31123
409904B3
B5AD468D
4B29191B
90238F89
0685012A
40A48533
191BB561
8F854B29
012A9023
04B30685
B55D4095
4B29191B
90238F89
0685012A
40A48533
191BB5D1
8F854B29
012A9023
04B30685
B5CD4095
4AA5151B
412787B3
00A31023
89330685
BDFD4124
4A94949B
41590933
415787B3
009B1023
B7B99536
7763136D
231400C9
07050922
10F6A79B
00195913
412787B3
41F7D493
02A4851B
74B3137D
05050099
1CE397A6
0512FC03
002FD683
00C97863
00074303
07050922
10F3279B
00B95493
02D484B3
1097FC63
40D80333
4A66869B
00DF9123
8A9B4689
D90302DF
F863000A
430300C4
04A20007
279B0705
D31310F3
033300B4
FC630323
04B30E67
091B4128
90234A99
0689012A
02DF8A9B
000AD903
00C37763
03222304
A79B0705
549310F4
84B300B3
FE630324
03330C97
091B4128
90234A69
0691012A
02DF8A9B
000AD303
00C4F863
00074903
070504A2
10F9279B
00B4D913
02690933
0B27FE63
406804B3
4A93031B
006A9023
8EC916E1
91E3557D
1F51E6A6
11200893
010006B7
00D97763
09222314
A79B0705
222310F6
278302FE
B51302CE
2E232008
202300EE
2223032E
2C23051E
242301DE
2823027E
2A23025E
2C23028E
2E23033E
202303AE
451305EE
E7990015
004E2783
00F3E463
02FE2623
03010293
7FE2860B
80826125
4AD6969B
91238F85
04B300DF
468D4099
191BB5ED
87B34B29
90234067
0691012A
40648333
191BB721
8F854B29
012A9023
04B306A1
B71D4093
4A63131B
412787B3
006A9023
41248933
4F29B799
8D4EBB55
841689A2
B84582AA
00DA0533
00054303
05330E85
0FA301DA
0685FE65
00DC9363
93E34681
F06FFE9E
4F2DC14F
C0EFF06F
11400793
00052C23
04052623
02052423
02052623
8082C17C
A98382D8
A0230006
80230006
8DBE0007
8BBA417C
11200713
8B2E842A
893684B2
08F77A63
11400713
0AF76663
447C4711
0C098963
0AF77763
05044703
E1BBE34D
47830537
47030524
07C20514
30E7A79B
05444703
47038FD9
A79B0534
545810E7
EB01D05C
E7115418
FBFF071F
6863BFFF
407806F7
D01C57FD
04042623
11300793
02E7F863
3018201C
06134414
973E4000
30000793
00E797B3
7C078793
65634701
478506F7
DC1CDC5C
D81CD85C
04042023
04042223
5D7D4C4D
05040A93
07934074
9B631120
505C04F6
4785EB99
00FD8023
82D44501
1FF00713
8CE3452D
4505FEE7
8693BFCD
C4740017
C6830485
97A2FFF4
882319FD
278304D7
07850009
00F92023
FB9DB73D
B7D9478D
0705A292
BF410689
409989B3
B75D84B6
4C1CC699
40FB0733
00D77D63
4C1CEF01
0767E163
9A63407C
505C1A07
4791E7B9
8736BF51
5410544C
404CE599
40C58533
00A76363
963AD44C
580CD410
28034810
8E990144
973EC074
40B78533
F3634681
86C200B7
96AA96B2
06B32288
078500F6
93E3A288
CC1CFEE7
9863B75D
4789040B
4C81B791
1F634478
74631007
8163013C
8A330A0C
08700134
852285A6
E0EFCE52
E515B2BF
1429F0BB
00092783
05040413
202397CE
2E2300F9
01E3FF34
209CF49A
04850405
FEF40FA3
4C85BFCD
4A72BF65
409A0A33
151A74BB
020C8A63
02050C3B
00092783
05040413
202397D2
2E2300F9
9A26FF44
01449663
80234789
BDE100FD
0405209C
0FA30485
B7EDFEF4
CC448626
852285DA
F0DFE0EF
84B34C54
1E634096
FE6301AA
07930099
C07C1FF0
BD71452D
FEC98613
5A7D9626
96E3BFD9
2783FF44
97A60009
00F92023
EC0500E3
20000793
B551C07C
06B30A05
96A640EA
FFF6C603
014406B3
04C687A3
40EA06B3
074C6A63
FF36E2E3
014A8733
85D60870
C6368522
E0EFCE3A
46B2A47F
773BE105
262314EA
27830544
97B60009
00F92023
8023478D
B52500FD
B7C98A3A
44744A72
415A0A33
F6DA6BE3
020C8963
06634709
278302E5
97D20009
20238F95
262300F9
80230544
B51100ED
03478A63
82E3B7B9
BF29EA0B
F80C9AE3
2E235A7D
86560154
852285DA
E31FE0EF
44784C5C
415787B3
FC0A5CE3
15C7F9BB
F2E7E1E3
27038F99
86B30009
89B300F4
97BA40F9
00F92023
04042623
DE0506E3
82C8B725
00062903
00072B03
00062023
8BAE842A
8C3689B2
8D3E8A3A
00072023
4C1C484C
9463CE5A
2C2300B7
2A830004
47010184
415587B3
0127E563
015905B3
87C2876A
08748662
C6428522
C89FF0EF
27834772
8CAA000A
97BA855E
00FA2023
480C4C04
84B39C3A
86264154
0B3395D6
80EF40EB
A7838DCF
9BA60009
40990933
A02397A6
966300F9
C481000C
19E34832
8566F809
802882C4
41DC842A
440C852E
24239782
80240004
451C8048
0493962E
94B33000
842A00C4
7C048493
453CC789
88634501
85B602F4
89368522
FCBFF0EF
00092783
00149593
9782854A
C40887AA
CB814509
0D00051F
97AA0000
C424C45C
80444501
0506723B
80824511
319C21B8
10E7A79B
A79B31B8
21D820E7
30E7A79B
F3636705
678500E7
219CC15C
E1F7F73B
F73346A5
A11802D7
02D00713
02E7D733
02D7D7B3
4715A138
02E7F7B3
4501B11C
82288082
0828842A
F0EFC636
46B2FABF
4603ED09
45830191
85220181
F4DFF0EF
47E2E509
47F2C01C
8224C05C
04B05B63
485987AA
8018C929
862E8732
4581EB01
F21F70EF
09600813
80148542
00D5F863
70EF4581
0813F0FF
B7FD0A20
00A77663
00D705B3
00B56863
FFE34801
96BEFCE7
FCD77CE3
853E4581
EE9F70EF
0B600813
0813B7E1
85420220
E3638082
C10D02D5
CF63C205
CE890005
00A67663
00D607B3
00F57A63
00C57663
00D507B3
00F67463
F7DFF06F
85B28018
70EF8636
4501F55F
80288014
02200413
00B05C63
C9094459
862E87B2
4581EB81
E89F70EF
09600413
80248522
00D5F863
70EF4581
0413E77F
B7FD0A20
05E34401
D2FDFEF5
85BE8636
A06F80EF
87AEBFF1
0205C363
842A8028
85B2C911
E0638636
70EF02D7
4701E47F
8024853A
02200713
4759DDE5
0713BFD5
853A0220
07138082
D3FD0220
70EF863E
0713E23F
BFE90A20
46638732
429C00E0
C290963E
411C8082
C11C17FD
0007D563
C29C57FD
415C8082
A38C177D
0785415C
BFE1C15C
4AB79FD8
879300A3
711DCF4A
4B37CC3E
47A900A3
84328CAA
D002CE02
D43ED202
D802D602
DC02DA02
C082DE02
1423C282
CA020401
8A934701
0B9FCF4A
00A33D08
CC0B0B13
40040C1F
091F00A3
00A33CE0
C781219C
D96346D2
C3190006
0737163B
01134552
80D42501
00FB86B3
8A132294
D6DB0015
96BA08DB
1006C983
0829FE3B
053B069B
86824294
000CA703
A023177D
406300EC
A7030207
A31C004C
004CA783
A2230785
47D200FC
CA3E0785
874E85D2
57FDB745
57FDBFDD
D002C282
D802D602
D202DA3E
DE02DC02
0713B7D5
896302B0
6A6302E7
883B00F7
94BB2007
57B223F7
0807E793
88BBA821
90BB2D07
57B230F7
0087E793
57B2A021
0027E793
B77DD63E
E79357B2
BFDD0017
E79357B2
B7FD0047
2A0793BB
04114014
4685D836
56E2DC36
01BBE695
D8020307
071F56C2
0147AE14
00D75463
B735557D
00269713
FD078793
9F819736
02E7879B
B78DD83E
D96357C2
57320007
40F007B3
6713D83E
D63A0047
079F5742
0CCCCCC8
F4E7D2E3
DA02B7E1
93BBBF35
40182A07
DA3A0411
DE3A4705
575256F2
069FE285
0147AE14
FAE6C4E3
00271693
FD078793
9F819736
02E7879B
B729DA3E
00075463
DA3E57FD
BF555752
06A00713
08E78763
04F76063
04C00713
04E78663
00F76E63
49B7993B
9FBB319C
21BC3617
34279D3B
00358A13
A0916721
5A078FBB
68B7923B
57323194
0AF69763
00258A13
A0816789
07400713
04E78663
00F76B63
6C07893B
71A7993B
071F57B2
00001400
82BBA801
94BB7727
07377AA7
57B20002
BDD98FD9
57323194
00F69763
00258A13
8F5D6785
6713A019
D63A0107
0737B5B5
BFF10004
BFE16741
3307963B
9DBB21BC
57B23207
177D7761
00358A13
BD698FF9
F9C78713
0FF77693
1206F53B
0821071F
57330002
8B0500D7
E20718E3
0DF7F793
58878A3B
000CA783
A02317FD
DC6300FC
57FD0007
6713A02D
B7450207
071F57B2
00000800
A783BFB5
0713004C
A3980490
004CA783
A2230785
47D200FC
CA3E0785
B3DD4981
6847F23B
06500713
E6E7F2E3
05300713
1AE78963
08F76F63
04300713
14E78F63
00E7E663
FBB78793
0397E13B
56425782
47968E1D
57B28E1D
8BB1C0B2
5863EB89
085400C0
02000593
F0EF8566
4696CC3F
00D05E63
8633083C
A70300F6
177D000C
00ECA023
4A075E63
CA3E57FD
8BB157B2
080795BB
58634606
085400C0
03000593
F0EF8566
5792C8BF
4A078C63
CA3E57FD
C9E347D2
57B2D407
85E38B91
4606D407
D4C052E3
05930854
85660200
C61FF0EF
0713BB15
8C630630
61630CE7
9BBB06F7
474158D7
CC4AD43A
85BB5732
953B5857
079F7057
00004090
47898F5D
77E1C2BE
8307C793
D63ADA02
04F11423
672557B2
0A638F7D
041D1607
FF847793
00878413
AD034384
A2450047
07000713
FAE78BE3
02F76363
6907823B
6FC7953B
06900693
86635732
ED6300D7
90BB10F6
671364F7
D63A0407
89BBAA11
823B75F7
9BBB78E7
57B273B7
04934014
F7130044
D63AFF77
0810071F
8FF90000
5752CE36
E689EBD9
400C079F
CE3E00A3
1BBB4572
70EFFF17
5B63D1FF
45010605
57B2A885
06936705
8EFD8307
0713E689
8FD98007
57B2D63E
D0324605
FF77F593
059FD62E
00000810
07138FED
40140044
00FCC799
CE3EC6B6
843AD232
00FCBDA5
04D10623
D202CE3E
57B2BFCD
06936705
8EFD8307
0713FABD
8FD98007
B7B5D63E
87AA972A
00E78463
E6912394
40A78533
8426D02A
0785B581
4785B7F5
E689D23E
4014079F
CE3E00A3
478146F2
00E78463
EA014290
20000737
00E7E363
D03E4781
0785BFC9
B7DD0691
7713CC56
0BE30807
0713EE07
04230300
476204E1
04A32B18
470904E1
BDF9C2BA
6F07843B
75A79A3B
D43E47A9
BD79CC4A
D43E47A1
7793CC4A
89E30807
6713E807
D63A2007
F693B561
F7130107
C6890407
04114004
A065CB4D
01279693
0806D963
4D014014
F4930411
CF110FF6
86E106E2
0006DB63
FFF4C493
04859C81
1007E793
41F4DD13
57B2D63E
876A8DA6
0407F693
5C63CE89
0DB3000D
36B34090
073301B0
E79341A0
8F151007
56B2D63E
000497B7
E3918FF5
08134701
CE4224C1
00EDE7B3
C282E3C1
5752D002
4F634685
57B20007
01179693
0006C463
D63E9BDD
20000793
00E7D363
56D2DA3E
03000613
F693AA69
CE810207
04114004
04C2C711
DD1384C1
B75141F4
4D019CA1
9693BFBD
D76300F7
40040006
DD130411
B7B541F4
00E79693
0006DB63
07934004
DD130044
E31141F4
843E4D01
9693BF89
DBE300D7
BB61F006
EF4957A2
0A1791BB
462546A9
07934772
CE3EFFF7
02DDF7B3
239C97CA
FEF70FA3
002DD793
43B7879B
48F7879B
50F7879B
60F7879B
9513838D
953E0027
02AD951B
04A67C63
8DBE0785
89BBB7D1
903B1007
47720817
FFF70793
F793CE3E
97CA007D
DD93239C
0FA3003D
94E3FEF7
A005FE0D
F6934772
DD9300FD
0793004D
CE3EFFF7
97B647E2
0FA3239C
93E3FEF7
47F2FE0D
40F80833
BDC5D042
BFD5F7DD
0A078CBB
10178B3B
08F79ABB
879346F2
CE3EFFF6
007DF793
239C97CA
003DDD93
3AEDAD9B
8FA3830D
E7B3FEF6
FFF900ED
47F2B7C9
856E4629
FFF78693
85BACE36
C6424681
C23AC43E
ADCF70EF
2114954A
47A24712
85BA856E
FED78FA3
46814629
AC0F70EF
8DC9872E
48328DAA
B751F1F9
F61346F2
DD9300FD
8793004D
CE3EFFF6
AD9B47E2
831138ED
239C97B2
FEF68FA3
00EDE7B3
BFB1FFF1
871347F2
CE3AFFF7
FEC78FA3
07855782
5702D03E
FED746E3
F79357B2
C3852007
C70147F2
063B2398
87133007
CE3AFFF7
03000713
FEE78FA3
07855782
57B2D03E
0407F713
F713CB11
C70D1007
02D00713
04E10423
C2BA4705
01A4E4B3
B2049EE3
01179713
B2075AE3
9BDD4715
D03ACE62
B61DD63E
0017F713
0713C701
BFC902B0
0027F713
0713DB71
B7D90200
004CA703
0307C583
A30C0785
004CA703
A2230705
12E300EC
47D2B2F6
B63597B6
548245F2
000CA703
86B387AE
49630095
DDBB0697
87AE0C04
A703A819
2394004C
A3140785
004CA703
A2230705
873300EC
44E340B7
A783FE97
8F85000C
00FCA023
94BE47D2
B629CA26
004CA503
70EF8626
A783E44F
97A6004C
00FCA223
A703BFE9
177D000C
00ECA023
AE0742E3
004CA703
07852390
A703A310
0705004C
00ECA223
40F68733
FCE04DE3
8138BF65
842A84AE
C62A85B2
00288636
F0EFC426
4B63F5EF
47A20005
C43E17FD
0007C663
802347B2
81340007
D76347A2
94260007
FE040FA3
BFC55579
00040023
B7E5557D
88328028
87AE842A
CA8D8636
557DE119
DDF58024
FE05CDE3
800008B7
FFE8C893
0308E063
726386BA
059302B8
F0EF0018
073BF91F
5DE3FEF5
A029FC05
D9E1D969
FC07C7E3
00040023
F0EFB7D9
B7E5F75F
000004F9
00000003
00000000
00000000
00000000
00A2D21C
00A2D232
00A2D248
00A2D2F8
00A2D25E
00A2D274
00A2D28A
00A2D2A0
00A2D2B6
00A2D2CC
00A2D206
00A2D2E2
00A2D30E
00A2D324
00A2D206
00A2D33A
00A2D350
00A2D366
00000000
00000000
D06E7175
D466D26A
D85ED662
DC56DA5A
C0CEDE52
C4A6C2CA
C8FEC6A2
CCF6CAFA
D0C6CEF2
D4BED2C2
D8B6D6BA
DCAEDAB2
C11EDEAA
C516C31A
2A73C706
C052FC20
342029F3
2973C24E
C44A3430
24F3C60E
C8263000
34102473
CC12CA22
7073CE0A
10733004
41173401
0113FFFD
42A1F5A1
00599463
F9FF606F
00299293
00000317
F3430313
00000397
F7438393
34002573
FF63929A
A2830472
B0EF0002
2173989F
62893400
80028293
3002A073
907342D2
5D823412
5CA25D12
5BC25C32
5AE25B52
49865A72
44A64916
4FC64436
4EE64F56
58864E76
57A65816
56C65736
55E65656
438A5576
42AA431A
614940BA
30200073
BD7FB06F
00000000
00000000
F05FF06F
D3DFB06F
D39FB06F
D35FB06F
D31FB06F
D2DFB06F
D29FB06F
D25FB06F
D21FB06F
D1DFB06F
D19FB06F
D15FB06F
1700006F
D0DFB06F
D09FB06F
D05FB06F
D01FB06F
CFDFB06F
CF9FB06F
CF5FB06F
CF1FB06F
CEDFB06F
CE9FB06F
CE5FB06F
CE1FB06F
CDDFB06F
2000006F
2A80006F
3500006F
3F80006F
4A00006F
5480006F
5F00006F
5EC0006F
5E80006F
5E40006F
5E00006F
5DC0006F
5D80006F
5D40006F
5D00006F
5CC0006F
5C80006F
5C40006F
5C00006F
5BC0006F
5B80006F
5B40006F
5B00006F
5AC0006F
5A80006F
5A40006F
5A00006F
59C0006F
5980006F
5940006F
5900006F
58C0006F
5880006F
5840006F
5800006F
57C0006F
5780006F
5740006F
5700006F
56C0006F
5680006F
5640006F
5600006F
55C0006F
5580006F
5540006F
5500006F
54C0006F
5480006F
5440006F
5400006F
53C0006F
5380006F
5340006F
5300006F
52C0006F
5280006F
5240006F
5200006F
51C0006F
5180006F
5140006F
5100006F
50C0006F
5080006F
5040006F
5000006F
4FC0006F
4F80006F
4F40006F
4F00006F
4EC0006F
4E80006F
4E40006F
4E00006F
4DC0006F
4D80006F
00000000
30047073
D06E7175
D466D26A
D85ED662
DC56DA5A
C0CEDE52
C4A6C2CA
C8FEC6A2
CCF6CAFA
D0C6CEF2
D4BED2C2
D8B6D6BA
DCAEDAB2
C11EDEAA
C516C31A
2A73C706
C052FC20
342029F3
2973C24E
C44A3430
24F3C60E
C8263000
34102473
CC12CA22
1073CE0A
41173401
0113FFFD
25738BE1
B0EF3400
2173F14F
62893400
88028293
3002A073
907342D2
5D823412
5CA25D12
5BC25C32
5AE25B52
49865A72
44A64916
4FC64436
4EE64F56
58864E76
57A65816
56C65736
55E65656
438A5576
42AA431A
614940BA
30200073
30047073
C0067119
C40EC20A
C816C612
CC1ECA1A
D026CE22
D42ED22A
D836D632
DC3EDA3A
C0C6DE42
C4CEC2CA
C8D6C6D2
CCDECADA
D0E6CEE2
D4EED2EA
D8F6D6F2
DCFEDAFA
341022F3
1073DE96
41173401
0113FFFD
B0EF80E1
2173C82F
62893400
88028293
3002A073
907352F6
40823412
435242C2
447243E2
55125482
563255A2
575256C2
587257E2
49164886
4A3649A6
4B564AC6
4C764BE6
5D165C86
5E365DA6
5F565EC6
61095FE6
30200073
30047073
C0067119
C40EC20A
C816C612
CC1ECA1A
D026CE22
D42ED22A
D836D632
DC3EDA3A
C0C6DE42
C4CEC2CA
C8D6C6D2
CCDECADA
D0E6CEE2
D4EED2EA
D8F6D6F2
DCFEDAFA
341022F3
1073DE96
31173401
0113FFFD
B0EF7621
2173C16F
62893400
88028293
3002A073
907352F6
40823412
435242C2
447243E2
55125482
563255A2
575256C2
587257E2
49164886
4A3649A6
4B564AC6
4C764BE6
5D165C86
5E365DA6
5F565EC6
61095FE6
30200073
30047073
C0067119
C40EC20A
C816C612
CC1ECA1A
D026CE22
D42ED22A
D836D632
DC3EDA3A
C0C6DE42
C4CEC2CA
C8D6C6D2
CCDECADA
D0E6CEE2
D4EED2EA
D8F6D6F2
DCFEDAFA
341022F3
1073DE96
31173401
0113FFFD
B0EF6B61
2173BAAF
62893400
88028293
3002A073
907352F6
40823412
435242C2
447243E2
55125482
563255A2
575256C2
587257E2
49164886
4A3649A6
4B564AC6
4C764BE6
5D165C86
5E365DA6
5F565EC6
61095FE6
30200073
30047073
C0067119
C40EC20A
C816C612
CC1ECA1A
D026CE22
D42ED22A
D836D632
DC3EDA3A
C0C6DE42
C4CEC2CA
C8D6C6D2
CCDECADA
D0E6CEE2
D4EED2EA
D8F6D6F2
DCFEDAFA
341022F3
1073DE96
31173401
0113FFFD
B0EF60A1
2173B3EF
62893400
88028293
3002A073
907352F6
40823412
435242C2
447243E2
55125482
563255A2
575256C2
587257E2
49164886
4A3649A6
4B564AC6
4C764BE6
5D165C86
5E365DA6
5F565EC6
61095FE6
30200073
30047073
C0067119
C40EC20A
C816C612
CC1ECA1A
D026CE22
D42ED22A
D836D632
DC3EDA3A
C0C6DE42
C4CEC2CA
C8D6C6D2
CCDECADA
D0E6CEE2
D4EED2EA
D8F6D6F2
DCFEDAFA
341022F3
1073DE96
31173401
0113FFFD
B0EF55E1
2173AD2F
62893400
88028293
3002A073
907352F6
40823412
435242C2
447243E2
55125482
563255A2
575256C2
587257E2
49164886
4A3649A6
4B564AC6
4C764BE6
5D165C86
5E365DA6
5F565EC6
61095FE6
30200073
30047073
C0067119
C40EC20A
C816C612
CC1ECA1A
D026CE22
D42ED22A
D836D632
DC3EDA3A
C0C6DE42
C4CEC2CA
C8D6C6D2
CCDECADA
D0E6CEE2
D4EED2EA
D8F6D6F2
DCFEDAFA
341022F3
1073DE96
31173401
0113FFFD
B0EF4B21
2173A66F
62893400
88028293
3002A073
907352F6
40823412
435242C2
447243E2
55125482
563255A2
575256C2
587257E2
49164886
4A3649A6
4B564AC6
4C764BE6
5D165C86
5E365DA6
5F565EC6
61095FE6
30200073
30047073
C0067119
C40EC20A
C816C612
CC1ECA1A
D026CE22
D42ED22A
D836D632
DC3EDA3A
C0C6DE42
C4CEC2CA
C8D6C6D2
CCDECADA
D0E6CEE2
D4EED2EA
D8F6D6F2
DCFEDAFA
341022F3
1073DE96
31173401
0113FFFD
B0EF4061
21739FAF
62893400
88028293
3002A073
907352F6
40823412
435242C2
447243E2
55125482
563255A2
575256C2
587257E2
49164886
4A3649A6
4B564AC6
4C764BE6
5D165C86
5E365DA6
5F565EC6
61095FE6
30200073
30002573
B07342A1
80823002
30002573
A07342A1
80823002
30051073
00008082
00FFFFFF
00FFFFFF
02020100
03030303
04040404
04040404
05050505
05050505
05050505
05050505
06060606
06060606
06060606
06060606
06060606
06060606
06060606
06060606
07070707
07070707
07070707
07070707
07070707
07070707
07070707
07070707
07070707
07070707
07070707
07070707
07070707
07070707
07070707
07070707
08080808
08080808
08080808
08080808
08080808
08080808
08080808
08080808
08080808
08080808
08080808
08080808
08080808
08080808
08080808
08080808
08080808
08080808
08080808
08080808
08080808
08080808
08080808
08080808
08080808
08080808
08080808
08080808
08080808
08080808
08080808
08080808
00000104
00200000
00800000
73616C46
6F6F6268
61552074
49207472
2074696E
63637553
00000021
73616C46
6F6F6268
614D2074
636F6C6C
696E4920
75532074
00216363
73616C46
6E492068
46207469
216C6961
74657220
00203D20
73616C46
6E492068
53207469
21636375
00000000
20434653
20786966
72205253
3D207465
00000000
6D207773
2C65646F
76656C20
735B6C65
68633A77
3A5D7069
00000000
6D207768
2C65646F
76656C20
635B6C65
5D706968
0000003A
69706175
7261705F
69746974
675F6E6F
695F7465
206F666E
6C696166
00206465
5F677075
73616C66
65725F68
66206461
656C6961
00002064
6E206F4E
20646565
75206F74
61726770
2E2E6564
0000002E
6465656E
67707520
65646172
00000000
2D2D2D2D
2D2D2D2D
2D2D2D2D
2D2D2D2D
2D2D2D2D
2D2D2D2D
00002D2D
72677075
20656461
6C696166
202C6465
65736572
6F6E2074
00000077
72677075
20656461
63637573
2C737365
73657220
6E207465
0000776F
20746547
20707061
74726170
6F697469
6166206E
64656C69
00000021
73616C66
6E655F68
70797263
69642074
6C626173
00002E65
72646441
746F6E20
36353220
65747962
696C6120
656D6E67
0020746E
73616C66
6E655F68
70797263
6E652074
656C6261
0000002E
72636E45
20747079
6B72646F
72652031
00003D72
72636E45
20747079
63706166
72726520
0000003D
72636E45
20747079
61707962
65207373
003D7272
69726576
61207966
68207070
20646165
6C696166
20216465
3D746572
00000000
69726576
61207966
62207070
2079646F
6C696166
21216465
74657220
0000003D
5F746567
5F676B70
64616568
66207265
2C6C6961
74657220
00203D20
5F677075
69726576
66207966
2C6C6961
74657220
00203D20
65736572
70752074
64617267
6C662065
66206761
2C6C6961
74657220
0000003D
75716572
20747365
72677075
20656461
6C696166
6572202C
00003D74
20797254
61746F66
78696620
70706120
0000002E
73616C46
6F6F6268
61622074
70756B63
726F7720
676E696B
00000021
73616C46
6F6F6268
61702074
74697472
206E6F69
6F666E69
74656720
69616620
0000216C
6F636552
79726576
61726520
66206573
656C6961
20212164
20746572
0000203D
6F636552
79726576
69727720
66206574
656C6961
20212164
20746572
0000203D
6F636552
79726576
216B6F20
00000000
00004556
5F656964
65206469
65737566
6165725F
74695F64
66206D65
216C6961
00000000
20656964
6D206469
6D636D65
61662070
00216C69
67616D69
64692065
72726520
0021726F
73726576
206E6F69
73756665
65725F65
695F6461
206D6574
6C696166
00000021
6469736D
6D6F6320
65726170
69616620
0000216C
73756665
65725F65
695F6461
206D6574
69726576
65207966
6C62616E
61662065
00216C69
73726576
206E6F69
706D6F63
20657261
6C696166
00000021
00000000
4BD2F01E
00000000
00000100
4BD2F02D
00000000
00000002
4B1E3C1E
00000003
00000102
4B1E3C2D
00000003
00000003
4B69871E
00000003
00000103
4B69872D
00000003
00000004
4B1E3C1E
00000003
00000104
4B1E3C2D
00000003
00000005
4B69871E
00000003
00000105
4B69872D
00000003
00000201
4B87A51E
00000004
00000301
4B87A52D
00000004
00000006
4B0F2D1E
00000002
00000106
4B0F2D2D
00000002
75636573
615F6572
65687475
6369746E
20657461
5F767264
5F6D6F72
68706963
735F7265
35326168
61662036
00216C69
75636573
615F6572
65687475
6369746E
20657461
5F767264
5F6D6F72
68706963
705F7265
625F656B
36353270
65765F72
79666972
69616620
0000216C
69726576
695F7966
6567616D
646F635F
72615F65
64206165
725F7672
635F6D6F
65687069
68735F72
36353261
00000021
69726576
695F7966
6567616D
646F635F
72615F65
68206165
20687361
636D656D
6620706D
216C6961
00000000
69726576
695F7966
6567616D
646F635F
72615F65
66206165
216C6961
00000000
69726576
695F7966
6567616D
79656B5F
6572615F
65732061
65727563
72657620
20796669
61736964
21656C62
00000000
69726576
695F7966
6567616D
79656B5F
6572615F
65732061
65727563
72657620
20796669
6F727265
00002172
69726576
695F7966
6567616D
79656B5F
6572615F
6F722061
656B746F
74735F79
73757461
766E6920
64696C61
00000021
69726576
695F7966
6567616D
79656B5F
6572615F
6D692061
20656761
65206469
726F7272
00000021
69726576
695F7966
6567616D
79656B5F
6572615F
65732061
65727563
7475615F
746E6568
74616369
00002165
69726576
695F7966
6567616D
79656B5F
6572615F
656B2061
65762079
6F697372
7265206E
21726F72
00000000
69726576
695F7966
6567616D
79656B5F
6572615F
736D2061
65206469
726F7272
00000021
69726576
695F7966
6567616D
79656B5F
6572615F
69642061
64692065
72726520
0021726F
69726576
695F7966
6567616D
79656B5F
6572615F
61662061
00216C69
69726576
695F7966
6567616D
646F635F
6E695F65
73206F66
72756365
65762065
79666972
73696420
656C6261
00000021
69726576
695F7966
6567616D
646F635F
6E695F65
73206F66
72756365
65762065
79666972
72726520
0021726F
69726576
695F7966
6567616D
646F635F
6E695F65
69206F66
6567616D
20646920
6F727265
00002172
69726576
695F7966
6567616D
646F635F
6E695F65
73206F66
72756365
75615F65
6E656874
61636974
00216574
69726576
695F7966
6567616D
646F635F
6E695F65
6B206F66
76207965
69737265
65206E6F
726F7272
00000021
69726576
695F7966
6567616D
646F635F
6E695F65
6D206F66
20646973
6F727265
00002172
69726576
695F7966
6567616D
646F635F
6E695F65
66206F66
216C6961
00000000
67E6096A
85AE67BB
72F36E3C
3AF54FA5
7F520E51
8C68059B
ABD9831F
19CDE05B
6F168073
B9B21449
D7422417
00068ADA
BC306FA9
AA383116
4DEE8DE3
4E0EFBB0
00A2A5A4
00A2A562
00A2A632
00A2A6C4
00A2A6DE
00A2B8FA
00A2B8E4
00A2B8DC
00A2B8E4
00A2B8E8
00A2B8E4
00A2B8F2
00A2B8E4
00A2B8E4
00A2B8E4
00A2B8E4
00A2B8E4
00A2B8E8
00A2B8F2
00201001
00A2B998
00000000
00A2B92E
00A2B920
00A2B912
00A2B904
00A2B904
00A2B6D6
00A2B6EC
00A2B722
00000000
00A2B800
00A2B7E0
00000000
00000000
00000000
00000000
00A2B704
00A2B678
00A2B68A
00000000
44010000
44011000
44012000
FFFFC639
400006C1
04000101
00000002
00000000
00000019
00000001
00000011
FFFFC639
400006C1
20000291
04000101
00000019
00004059
000049D9
000055D9
00006B59
0000F759
00000001
00000011
00004000
00004000
00002991
00004000
00050301
03010000
00010135
00000002
00000000
001640C8
00400000
00000004
00A327DC
00A327F4
00A327CC
00A3280C
00FFFFFF
00080000
00000003
00A327C0
00A327C4
00A327AC
00A327B8
6E206F4E
20646565
66206F74
53207869
0A0D2152
00000000
66205253
6F207869
0A0D216B
00000000
64255253
2578305B
6E205D78
73646565
78696620
2C676E69
70786520
5B746365
78257830
000A0D5D
00080000
00080003
000300A0
00200270
02900003
00030008
00080298
02A00003
00030100
002003A0
03C00003
00030001
000803E8
06300003
00030030
00300660
06900003
00030030
003006C0
06F00003
00030080
010002A0
046F0003
00030001
000F0460
04700003
00030010
00300770
00000003
00000020
00007830
61647075
725F6574
74657365
756F635F
0020746E
7C4D4F52
61666564
5F746C75
646E6168
2072656C
6E69203A
72726574
20747075
5B786469
0A5D6425
00000000
7C4D4F52
73706F4F
68202D20
20647261
6C756166
000A0D74
7C4D4F52
65637865
6F697470
78253A6E
00000A0D
7C4D4F52
73706F4F
494D4E3A
0000000A
7C4D4F52
73706F4F
69202D20
206E736E
65676170
75616620
0A0D746C
00000000
7C4D4F52
73706F4F
6C202D20
2064616F
65676170
75616620
0A0D746C
00000000
7C4D4F52
73706F4F
6C202D20
206B636F
0A0D7075
00000000
7C4D4F52
73706F4F
73202D20
65726F74
67617020
61662065
0D746C75
0000000A
7C4D4F52
73706F4F
65202D20
61657262
000A0D6B
7C4D4F52
73706F4F
65202D20
7269766E
656D6E6F
6320746E
206C6C61
6D6F7266
6D2D4D20
0D65646F
0000000A
7C4D4F52
73706F4F
65202D20
7269766E
656D6E6F
6320746E
206C6C61
6D6F7266
6D2D5320
0D65646F
0000000A
7C4D4F52
73706F4F
65202D20
7269766E
656D6E6F
6320746E
206C6C61
6D6F7266
6D2D5520
0D65646F
0000000A
7C4D4F52
73706F4F
69202D20
7274736E
69746375
61206E6F
73656363
61662073
0D746C75
0000000A
7C4D4F52
73706F4F
69202D20
67656C6C
69206C61
7274736E
69746375
0A0D6E6F
00000000
7C4D4F52
73706F4F
69202D20
7274736E
69746375
61206E6F
65726464
6D207373
6C617369
656E6769
000A0D64
7C4D4F52
73706F4F
6C202D20
2064616F
65636361
66207373
746C7561
00000A0D
7C4D4F52
73706F4F
6C202D20
2064616F
72646461
20737365
6173696D
6E67696C
0A0D6465
00000000
7C4D4F52
73706F4F
73202D20
65726F74
726F2820
4F4D4120
63612029
73736563
75616620
0A0D746C
00000000
7C4D4F52
73706F4F
73202D20
65726F74
726F2820
4F4D4120
64612029
73657264
696D2073
696C6173
64656E67
00000A0D
7C4D4F52
73706F4F
75202D20
6F6E6B6E
65206E77
70656378
6E6F6974
00000A0D
7C4D4F52
2A2A2A2A
2A2A2A2A
2A2A2A2A
78452A2A
74706563
206E6F69
6F666E49
74616D72
2A6E6F69
2A2A2A2A
2A2A2A2A
2A2A2A2A
000A202A
7C4D4F52
78457775
70795463
203D2065
78257830
0000000A
7C4D4F52
6370656D
20202020
3D202020
25783020
00000A78
7C4D4F52
6174736D
20737574
3D202020
25783020
00000A78
7C4D4F52
6176746D
2020206C
3D202020
25783020
00000A78
7C4D4F52
7561636D
20206573
3D202020
25783020
00000A78
7C4D4F52
75616363
20206573
3D202020
25783020
00000A78
7C4D4F52
20206172
20202020
3D202020
25783020
00000A78
7C4D4F52
20207073
20202020
3D202020
25783020
00000A78
7C4D4F52
20207067
20202020
3D202020
25783020
00000A78
7C4D4F52
20207074
20202020
3D202020
25783020
00000A78
7C4D4F52
20203074
20202020
3D202020
25783020
00000A78
7C4D4F52
20203174
20202020
3D202020
25783020
00000A78
7C4D4F52
20203274
20202020
3D202020
25783020
00000A78
7C4D4F52
20203073
20202020
3D202020
25783020
00000A78
7C4D4F52
20203173
20202020
3D202020
25783020
00000A78
7C4D4F52
20203061
20202020
3D202020
25783020
00000A78
7C4D4F52
20203161
20202020
3D202020
25783020
00000A78
7C4D4F52
20203261
20202020
3D202020
25783020
00000A78
7C4D4F52
20203361
20202020
3D202020
25783020
00000A78
7C4D4F52
20203461
20202020
3D202020
25783020
00000A78
7C4D4F52
20203561
20202020
3D202020
25783020
00000A78
7C4D4F52
20203661
20202020
3D202020
25783020
00000A78
7C4D4F52
20203761
20202020
3D202020
25783020
00000A78
7C4D4F52
20203273
20202020
3D202020
25783020
00000A78
7C4D4F52
20203373
20202020
3D202020
25783020
00000A78
7C4D4F52
20203473
20202020
3D202020
25783020
00000A78
7C4D4F52
20203573
20202020
3D202020
25783020
00000A78
7C4D4F52
20203673
20202020
3D202020
25783020
00000A78
7C4D4F52
20203773
20202020
3D202020
25783020
00000A78
7C4D4F52
20203873
20202020
3D202020
25783020
00000A78
7C4D4F52
20203973
20202020
3D202020
25783020
00000A78
7C4D4F52
20303173
20202020
3D202020
25783020
00000A78
7C4D4F52
20313173
20202020
3D202020
25783020
00000A78
7C4D4F52
20203374
20202020
3D202020
25783020
00000A78
7C4D4F52
20203474
20202020
3D202020
25783020
00000A78
7C4D4F52
20203574
20202020
3D202020
25783020
00000A78
7C4D4F52
20203674
20202020
3D202020
25783020
00000A78
7C4D4F52
2A2A2A2A
2A2A2A2A
2A2A2A2A
78452A2A
74706563
206E6F69
6F666E49
74616D72
206E6F69
2A646E65
2A2A2A2A
2A2A2A2A
2A2A2A2A
000A202A
7C4D4F52
5F696D6E
646E6168
2072656C
6E69203A
72726574
20747075
5B786469
0A5D6425
00000000
4750555B
6567205D
736D2074
66206469
2C6C6961
3D746572
78257830
00000A0D
4750555B
736D205D
77206469
676E6F72
000A0D21
4750555B
7270205D
6572676F
63207373
626C6C61
206B6361
69676572
66207473
656C6961
000A0D64
4750555B
7075205D
65702067
6E656372
203A2074
00000000
00000031
000D2520
4750555B
6E69205D
66207469
656C6961
0A0D2164
00000000
4750555B
6E69205D
4F207469
0000214B
4750555B
7075205D
6E695F67
635F7469
6F747972
6766635F
6D656D20
5F797063
6E652073
20797263
746C6173
69616620
0D202E6C
0000000A
4750555B
7075205D
6E695F67
635F7469
6F747972
6766635F
6D656D20
5F797063
65642073
20797263
746C6173
69616620
0D202E6C
0000000A
4750555B
7075205D
6E695F67
635F7469
6F747972
6766635F
6D656D20
5F797063
6E652073
20797263
66207669
2E6C6961
000A0D20
4750555B
7075205D
6E695F67
635F7469
6F747972
6766635F
6D656D20
5F797063
65642073
20797263
66207669
2E6C6961
000A0D20
4750555B
7264205D
6F725F76
69635F6D
72656870
6D79735F
6E695F63
66207469
2C6C6961
74657220
30203D20
2E782578
000A0D20
4750555B
7264205D
6F725F76
69635F6D
72656870
6572635F
5F657461
7379656B
20746F6C
72636E65
61662079
64656C69
6572202C
203D2074
78257830
0A0D202E
00000000
4750555B
7264205D
6F725F76
69635F6D
72656870
6572635F
5F657461
7379656B
20746F6C
72636564
61662079
64656C69
6572202C
203D2074
78257830
0A0D202E
00000000
4750555B
7075205D
65645F67
5F797263
61746F66
746B705F
7672643A
6D6F725F
7069635F
5F726568
636D7973
6365645F
74707972
69616620
2C64656C
74657220
30203D20
20782578
00000A0D
4750555B
7075205D
6E655F67
5F797263
61746F66
746B705F
7672643A
6D6F725F
7069635F
5F726568
636D7973
6365645F
74707972
69616620
2C64656C
74657220
30203D20
20782578
00000A0D
7C4D4F52
6E61705B
695D6369
64253A64
646F632C
78303A65
632C7825
3A6C6C61
78257830
00000000
4750555B
7075205D
65675F67
70755F74
64617267
6C665F65
665F6761
6873616C
6174735F
615F7472
20726464
6C696166
00000A0D
4750555B
7075205D
6C615F67
5F636F6C
5F646E61
5F746567
72677075
5F656461
67616C66
67707520
6C616D5F
20636F6C
6C696166
00000A0D
4750555B
7075205D
6C615F67
5F636F6C
5F646E61
5F746567
72677075
5F656461
67616C66
61657220
6C662064
20687361
6C696166
00000A0D
4750555B
7075205D
6C665F67
5F687361
64616572
616C6620
61662067
0A0D6C69
00000000
4750555B
7277205D
20657469
706D6F63
6574656C
7830203A
0A0D7825
00000000
4750555B
7075205D
6C665F67
5F687361
74697277
70752065
64617267
66207265
2067616C
6C696166
6572202E
203D2074
78257830
00000A0D
4750555B
6572205D
20797274
656D6974
6C612073
6166206C
64656C69
00000A0D
4750555B
6168205D
6F5F6873
61726570
6E6F6974
7264203A
6F725F76
69635F6D
72656870
7361685F
61662068
72206C69
765F7465
3D206C61
25783020
000A0D78
4750555B
6163205D
685F636C
20687361
6C696166
74657220
30203D20
0D782578
0000000A
4750555B
6576205D
79666972
6769735F
7574616E
69206572
61662073
202C6C69
20746572
7830203D
0A0D7825
00000000
4750555B
7075205D
65762067
79666972
61656820
4B4F2064
00000A0D
4750555B
7075205D
65675F67
6B705F74
6D695F67
5F656761
68736168
6261745F
6620656C
0D6C6961
0000000A
4750555B
7075205D
65765F67
79666972
7361685F
6D692068
20656761
6C626174
4B4F2065
00000A0D
4750555B
7075205D
65675F67
6B705F74
6D695F67
5F656761
64616568
66207265
0D6C6961
0000000A
4750555B
7075205D
65762067
79666972
6D69203A
20656761
65204449
726F7272
00000A0D
4750555B
6576205D
79666972
746F665F
656B5F61
72615F79
2D206165
6576203E
79666972
41485320
0D363532
0000000A
4750555B
7075205D
65762067
79666972
656B203A
72612079
65206165
726F7272
6572202E
203D2074
78257830
00000A0D
4750555B
7075205D
65762067
79666972
6F66203A
69206174
206F666E
6F727265
72202E72
3D207465
25783020
000A0D78
4750555B
7075205D
65762067
79666972
7075203A
68635F67
5F6B6365
61746F66
666E695F
616D726F
6E6F6974
6572202E
203D2074
78257830
00000A0D
4750555B
7075205D
65762067
79666972
6966203A
6920656C
6567616D
65686320
65206B63
726F7272
6568202E
72656461
67616D5F
3D206369
25783020
000A0D78
4750555B
7075205D
65762067
79666972
6D69203A
20656761
63656863
4B4F206B
6D69202E
5F656761
3D206469
25783020
000A0D78
4750555B
7075205D
65765F67
79666972
7361685F
68203A68
5F687361
7265706F
6F697461
6166206E
72206C69
765F7465
3D206C61
25783020
000A0D78
4750555B
6576205D
79666972
746F665F
6E695F61
2D206F66
6576203E
79666972
41485320
0D363532
0000000A
4750555B
6576205D
79666972
746F665F
6E695F61
2D206F66
6576203E
79666972
67697320
0D64656E
0000000A
4750555B
7075205D
65765F67
79666972
7361685F
6D203A68
6D636D65
61682070
66206873
2E6C6961
00000A0D
4750555B
7075205D
65675F67
61705F74
67616B63
65685F65
72656461
69616620
000A0D6C
4750555B
6175205D
755F6970
765F6770
66697265
69665F79
6620656C
2C6C6961
74657220
30203D20
0D782578
0000000A
4750555B
7075205D
65675F67
69665F74
61776D72
6E5F6572
65626D75
6E695F72
6361705F
6567616B
69616620
72202C6C
3D207465
25783020
000A0D78
4750555B
7075205D
70755F67
64617267
65725F65
73657571
61662074
202E6C69
20746572
7830203D
0A0D7825
00000000
4750555B
7075205D
6E655F67
5F797263
61746F66
746B705F
6D656D3A
65766F6D
6620735F
656C6961
0A0D2E64
00000000
4750555B
7075205D
7A6C5F67
615F616D
636F6C6C
69616620
2164656C
73202121
20657A69
7830203D
0A0D7825
00000000
4750555B
7075205D
7A6C5F67
725F616D
5F646165
5F746B70
72636564
61662079
72206C69
3D207465
25783020
0A0D2E78
00000000
4750555B
7075205D
7A6C5F67
645F616D
646F6365
6F745F65
6675625F
69616620
6572206C
203D2074
78257830
000A0D2E
4750555B
7A6C205D
6564616D
65645F63
65646F63
75626F74
61662066
72206C69
3D207465
25783020
0D202E78
0000000A
4750555B
7075205D
7A6C5F67
775F616D
65746972
616D695F
66206567
2E6C6961
00000A0D
4750555B
7075205D
6E655F67
5F797263
61746F66
746B705F
69616620
6572206C
203D2074
78257830
000A0D20
80003044
4750555B
6F4E205D
656E2074
74206465
7075206F
64617267
2E2E2E65
00000A0D
4750555B
6170205D
67616B63
6E692065
74206F66
6C61746F
7830203D
202C7825
696E6966
64656873
30203D20
0D782578
0000000A
4750555B
7075205D
65746164
616D6920
6E206567
65626D75
203D2072
78257830
00000A0D
4750555B
7075205D
65746164
72696620
7261776D
756E2065
7265626D
30203D20
0D782578
0000000A
4750555B
6854205D
6D692065
20656761
20736168
696E6966
64656873
6D69202E
5F656761
3D206469
25783020
000A0D78
4750555B
7075205D
65675F67
6B705F74
6D695F67
5F656761
64616568
66207265
2E6C6961
00000A0D
4750555B
7075205D
65735F67
69665F74
61776D72
755F6572
74616470
74735F65
73757461
69616620
000A0D6C
4750555B
7473205D
20747261
66726570
206D726F
61647075
69206574
6567616D
30203A20
0D782578
0000000A
4750555B
7075205D
6C665F67
5F687361
73617265
656D5F65
61646174
705F6174
73656761
69616620
0A0D2E6C
00000000
4750555B
6D69205D
20656761
6F636564
6572706D
665F7373
3A67616C
25783020
000A0D78
4750555B
6564205D
706D6F63
73736572
67707520
00000A0D
4750555B
6964205D
75206666
0A0D6770
00000000
4750555B
7566205D
75206C6C
0A0D6770
00000000
4750555B
7773205D
68637469
61747320
20737574
7830203D
0A0D7825
00000000
4750555B
6570205D
726F6672
7075206D
65746164
616D6920
6F206567
2E726576
74657220
30203D20
0D782578
0000000A
4750555B
7473205D
20747261
66726570
206D726F
6920564E
6567616D
30203A20
0D782578
0000000A
4750555B
6570205D
726F6672
564E206D
616D6920
6F206567
2E726576
74657220
30203D20
0D782578
0000000A
4750555B
7075205D
72705F67
7365636F
70755F73
65746164
616D695F
745F6567
736B7361
69616620
72202C6C
3D207465
25783020
000A0D78
4750555B
7061205D
69732070
6920657A
6F6E2073
6E652074
6867756F
70612021
69735F70
3D20657A
25783020
64202C78
6D6F6365
73657270
656C5F73
203D206E
78257830
00000A0D
4750555B
7075205D
7A6C5F67
645F616D
646F6365
61662065
72206C69
3D207465
25783020
000A0D78
00A30C40
00A30C6E
00A30C82
00A30CC8
00A30D26
00A30D2A
00A30D68
00A30E80
33323130
37363534
62613938
66656463
00000078
33323130
37363534
42413938
46454443
00000058
00000000
00000000
00000000
00000000
00000000
00000000
00000000
00000000
06000006
00000100
06030000
00020600
05050504
05050505
00000505
00000000
08000000
08080800
00000700
00070007
08000000
00000000
00070008
00000000
08000000
08080808
00070807
08000007
08000708
07000807
00070008
00000000
00000000
00000000
00000000
00000000
00000000
00000000
00000000
00000000
00000000
00000000
00000000
00000000
00000000
00000000
00000000
00000000
00000000
00000000
00000000
00000000
00000000
00000000
00000000
00000000
00000000
00000000
00000000
00000000
00000000
00000000
00000000
00000000
08080800
00080808
08000100
08080808
04000001
08080404
00000008
05080303
00000808
03020200
00080505
03030000
08050503
02000000
08080202
00000008
06060606
00000606
07070700
00070707
00000000
0000001F
00A2AA56
00A2AA24
00000000
00000000
00A2AA84
00000000
00000000
00A2AB18
00A2ABB0
00A2AAE4
00000000
00A2AC50
00000000
00000000
00000001
00000005
00000000
00000001
00000001
00000002
00000002
00000003
0300000D
00000008
03000013
00000014
03000015
00000016
03000015
00000000
03000013
00000001
0300000D
00000002
00000000
00000001
00000001
00000002
00000002
00000003
0300000D
00000007
03000013
00000015
03000015
00000017
00A2B9E0
00A2B6AC
00A2B788
00A2B73A
00A2B760
00000000
00A2BB06
00A2BB04
00A2BB7E
00A2BAF0
00A2BBEE
00A2BB6A
00A2BADE
00A2BB08
00A2BAFA
00000000
00180000
00000000
03000105
00000001
001C8000
00000000
03000103
00000002
00000000
00000000
07010101
00000003
00000000
00000000
07010105
00000004
00A00000
00000000
07010101
016E3600
00007D00
00000018
40006000
016E3600
00000064
0000C350
44008030
4400802C
44008800
FFFFFF03
4B1E3C2D
00000001
4B0F2D2D
00000020
5A87A52D
00000031
4B1E3C2D
4B0F2D2D
CB9E063C
5A87A52D
00A33FE8
00000004
00A2DAF8
6C696E28
00000029
6C756E28
0000296C
00000028
0000006E
00000075
0000006C
0000006C
00000029
00000000
00000000
00000000
00A31D80
FFFFFFFF
00000000
00000000
00000000
00000000
00000000
00000000
00000000
00000000
00000000
00000000
00000000
00000000
00000000
00000000
00000000
00000000
00000000
00000000
00000000
00000000
00000000
00000000
00000000
00000000
00000000
00000000
00000000
00000000
00000000
00000000
00000000
00000000
00000000
00000000
00000000
00000000
00000000
00000000
00000000
00000000
00000000
00000000
00000000
00000000
00000000
00000000
00000000
00000000
00000000
00000000
00000000
00000000
00000000
00000000
00000000
00000000
00000000
00000000
00000000
00000000
00000000
00000000
00000000
00000000
