Not searching for unused variables given on the command line.
-- BUILD_PLATFORM: linux
-- BUILD_PLATFORM: linux
-- The C compiler identification is GNU 7.3.0
-- The ASM compiler identification is GNU
-- Found assembler: /home/sueiny/fbb_ws63/src/tools/bin/compiler/riscv/cc_riscv32_musl_105/cc_riscv32_musl/bin/riscv32-linux-musl-gcc
-- The CXX compiler identification is GNU 7.3.0
-- Detecting C compiler ABI info
-- Detecting C compiler ABI info - done
-- Detecting C compile features
-- Detecting C compile features - done
-- Detecting CXX compiler ABI info
-- Detecting CXX compiler ABI info - done
-- Detecting CXX compile features
-- Detecting CXX compile features - done
GEN_TARGET_SRC = /home/sueiny/fbb_ws63/src/output/ws63/acore/acore.c
PRECOMPILE_TARGET = /home/sueiny/fbb_ws63/src/output/ws63/acore/acore.etypes
TARGET_INCLUDE = /home/sueiny/fbb_ws63/src/middleware/chips/ws63/nv/nv_config/include;/home/sueiny/fbb_ws63/src/middleware/utils/common_headers/native
BGTP_PROJECT=ws63
BGTP_ROM_VERSION=false
BGTP_DEVICE_ONLY=false
BG COMMON BTH_ROM_LIST:__null__
BTH_ROM_LIST:__null__
-- project_name:
-- project_name:
-- Configuring done
-- Generating done
-- Build files have been written to: /home/sueiny/fbb_ws63/src/output/ws63/acore/ws63-flashboot
Scanning dependencies of target common_boot_libc
Scanning dependencies of target non_os
Scanning dependencies of target common_boot
Scanning dependencies of target tcxo
Scanning dependencies of target nonos_malloc
Scanning dependencies of target systick
Scanning dependencies of target pinctrl
Scanning dependencies of target osal
Scanning dependencies of target drv_timer
[  0%] Building C object bootloader/commonboot/libc/CMakeFiles/common_boot_libc.dir/src/string/memcpy.c.obj
Scanning dependencies of target pmp
[  0%] Building C object bootloader/commonboot/libc/CMakeFiles/common_boot_libc.dir/src/string/strcmp.c.obj
[  0%] Building C object bootloader/commonboot/libc/CMakeFiles/common_boot_libc.dir/src/string/strlen.c.obj
[  0%] Building C object bootloader/commonboot/libc/CMakeFiles/common_boot_libc.dir/src/string/memset.c.obj
Scanning dependencies of target watchdog
[  1%] Building C object bootloader/commonboot/libc/CMakeFiles/common_boot_libc.dir/src/string/memcmp.c.obj
Scanning dependencies of target hal_pinctrl
Scanning dependencies of target flashboot_common
Scanning dependencies of target hal_reboot
Scanning dependencies of target efuse
Scanning dependencies of target hal_efuse_v151
Scanning dependencies of target hal_timer
Scanning dependencies of target rtc_unified
[  1%] Building C object kernel/non_os/non_os/CMakeFiles/non_os.dir/non_os_utils.c.obj
Scanning dependencies of target hal_cpu_core
Scanning dependencies of target hal_tcxo
[  2%] Building C object kernel/osal/CMakeFiles/osal.dir/src/nonos/osal_atomic.c.obj
[  3%] Building C object driver/tcxo/CMakeFiles/tcxo.dir/tcxo.c.obj
[  3%] Building C object kernel/non_os/malloc/CMakeFiles/nonos_malloc.dir/malloc.c.obj
Scanning dependencies of target hal_pmp
[  5%] Building C object bootloader/commonboot/libc/CMakeFiles/common_boot_libc.dir/src/string/memmove.c.obj
Scanning dependencies of target hal_reg_config
[  6%] Building C object driver/systick/CMakeFiles/systick.dir/systick.c.obj
Scanning dependencies of target libboundscheck
[  7%] Building C object driver/timer/CMakeFiles/drv_timer.dir/timer.c.obj
[  7%] Building C object bootloader/commonboot/CMakeFiles/common_boot.dir/src/boot_reset.c.obj
Scanning dependencies of target uart
[  7%] Building C object driver/pmp/CMakeFiles/pmp.dir/pmp.c.obj
[  7%] Building C object driver/pinmux/CMakeFiles/pinctrl.dir/pinctrl.c.obj
[  7%] Building C object hal/pinmux/CMakeFiles/hal_pinctrl.dir/ws63/hal_pinctrl_ws63.c.obj
[  7%] Building C object kernel/non_os/non_os/CMakeFiles/non_os.dir/non_os_nmi.c.obj
[  7%] Building C object kernel/osal/CMakeFiles/osal.dir/src/nonos/osal_debug.c.obj
[  7%] Building C object hal/pinmux/CMakeFiles/hal_pinctrl.dir/common/hal_pinctrl.c.obj
Scanning dependencies of target hal_uart
[  8%] Building C object bootloader/flashboot_ws63/CMakeFiles/flashboot_common.dir/startup/main.c.obj
[  8%] Building C object driver/watchdog/CMakeFiles/watchdog.dir/watchdog.c.obj
[  8%] Building C object driver/efuse/CMakeFiles/efuse.dir/efuse.c.obj
[ 10%] Building C object bootloader/commonboot/CMakeFiles/common_boot.dir/src/boot_flash.c.obj
[ 10%] Linking C static library libnonos_malloc.a
[ 11%] Building C object driver/rtc_unified/CMakeFiles/rtc_unified.dir/rtc.c.obj
[ 11%] Linking C static library libcommon_boot_libc.a
[ 11%] Building C object bootloader/commonboot/CMakeFiles/common_boot.dir/src/boot_debug.c.obj
[ 11%] Building C object hal/pmp/CMakeFiles/hal_pmp.dir/hal_pmp.c.obj
[ 11%] Building C object bootloader/commonboot/CMakeFiles/common_boot.dir/src/boot_jump.c.obj
[ 12%] Building C object hal/efuse/CMakeFiles/hal_efuse_v151.dir/hal_efuse.c.obj
[ 12%] Linking C static library libtcxo.a
[ 14%] Linking C static library libpmp.a
[ 14%] Building C object open_source/libboundscheck/CMakeFiles/libboundscheck.dir/src/memcpy_s.c.obj
[ 14%] Linking C static library libdrv_timer.a
[ 14%] Building C object kernel/osal/CMakeFiles/osal.dir/src/nonos/osal_interrupt.c.obj
[ 15%] Building C object driver/uart/CMakeFiles/uart.dir/uart.c.obj
[ 15%] Building C object hal/cpu_core/CMakeFiles/hal_cpu_core.dir/hal_cpu_core.c.obj
[ 16%] Building C object hal/reboot/CMakeFiles/hal_reboot.dir/hal_reboot.c.obj
[ 17%] Linking C static library libnon_os.a
[ 17%] Building C object hal/timer/CMakeFiles/hal_timer.dir/hal_drv_timer.c.obj
[ 17%] Linking C static library libsystick.a
[ 17%] Building C object hal/reg_config/CMakeFiles/hal_reg_config.dir/hal_reg_config.c.obj
[ 19%] Linking C static library libhal_pinctrl.a
[ 20%] Building C object kernel/osal/CMakeFiles/osal.dir/src/nonos/osal_mutex.c.obj
[ 20%] Linking C static library libpinctrl.a
[ 21%] Building C object hal/uart/CMakeFiles/hal_uart.dir/hal_uart.c.obj
[ 21%] Linking C static library librtc_unified.a
[ 21%] Building C object open_source/libboundscheck/CMakeFiles/libboundscheck.dir/src/memmove_s.c.obj
Scanning dependencies of target hal_watchdog
[ 23%] Building C object hal/pmp/CMakeFiles/hal_pmp.dir/v31/hal_pmp_riscv31.c.obj
[ 23%] Building C object hal/tcxo/CMakeFiles/hal_tcxo.dir/hal_tcxo.c.obj
[ 24%] Linking C static library libwatchdog.a
[ 25%] Linking C static library libefuse.a
[ 26%] Linking C static library libcommon_boot.a
[ 26%] Building C object hal/tcxo/CMakeFiles/hal_tcxo.dir/hal_tcxo_v150.c.obj
[ 26%] Linking C static library libhal_cpu_core.a
Scanning dependencies of target hal_security_unified
[ 26%] Linking C static library libuart.a
[ 26%] Building ASM object bootloader/flashboot_ws63/CMakeFiles/flashboot_common.dir/startup/riscv_init.S.obj
[ 26%] Building C object hal/efuse/CMakeFiles/hal_efuse_v151.dir/v151/hal_efuse_v151.c.obj
[ 26%] Linking C static library libhal_reboot.a
[ 26%] Building C object hal/pmp/CMakeFiles/hal_pmp.dir/v31/hal_pmp_riscv31_regs_op.c.obj
Scanning dependencies of target hal_sfc
[ 28%] Building C object open_source/libboundscheck/CMakeFiles/libboundscheck.dir/src/memset_s.c.obj
[ 28%] Building C object hal/uart/CMakeFiles/hal_uart.dir/v151/hal_uart_v151.c.obj
[ 29%] Linking C static library libhal_reg_config.a
[ 29%] Building C object kernel/osal/CMakeFiles/osal.dir/src/nonos/osal_semaphore.c.obj
Scanning dependencies of target drv_security_unified
[ 29%] Building C object hal/watchdog/CMakeFiles/hal_watchdog.dir/hal_watchdog.c.obj
[ 30%] Building C object hal/tcxo/CMakeFiles/hal_tcxo.dir/hal_tcxo_v150_regs_op.c.obj
[ 30%] Building C object hal/uart/CMakeFiles/hal_uart.dir/v151/hal_uart_v151_regs_op.c.obj
[ 30%] Building C object open_source/libboundscheck/CMakeFiles/libboundscheck.dir/src/secureprintoutput_a.c.obj
[ 32%] Building C object hal/timer/CMakeFiles/hal_timer.dir/v150/hal_timer_v150.c.obj
[ 32%] Building C object open_source/libboundscheck/CMakeFiles/libboundscheck.dir/src/securecutil.c.obj
[ 32%] Building C object hal/security_unified/CMakeFiles/hal_security_unified.dir/hal_km/hal_rkp.c.obj
[ 32%] Building C object kernel/osal/CMakeFiles/osal.dir/src/nonos/osal_spinlock.c.obj
[ 32%] Built target nonos_malloc
[ 33%] Building C object hal/sfc/CMakeFiles/hal_sfc.dir/hal_sfc.c.obj
[ 33%] Building C object hal/efuse/CMakeFiles/hal_efuse_v151.dir/v151/hal_efuse_v151_reg_op.c.obj
[ 33%] Building C object bootloader/flashboot_ws63/CMakeFiles/flashboot_common.dir/__/commonboot/src/secure_verify_boot.c.obj
[ 33%] Linking C static library libhal_pmp.a
[ 33%] Building C object kernel/osal/CMakeFiles/osal.dir/src/nonos/osal_task.c.obj
[ 34%] Building C object kernel/osal/CMakeFiles/osal.dir/src/nonos/osal_wait.c.obj
[ 35%] Building C object open_source/libboundscheck/CMakeFiles/libboundscheck.dir/src/snprintf_s.c.obj
[ 35%] Building C object hal/watchdog/CMakeFiles/hal_watchdog.dir/v151/hal_watchdog_v151.c.obj
[ 37%] Linking C static library libhal_uart.a
[ 37%] Built target hal_cpu_core
[ 37%] Building C object driver/security_unified/CMakeFiles/drv_security_unified.dir/romable/hash_romable.c.obj
[ 37%] Linking C static library libhal_tcxo.a
[ 37%] Building C object hal/timer/CMakeFiles/hal_timer.dir/v150/hal_timer_v150_regs_op.c.obj
[ 37%] Built target common_boot_libc
[ 37%] Built target pinctrl
[ 37%] Built target drv_timer
[ 38%] Building C object hal/security_unified/CMakeFiles/hal_security_unified.dir/hal_km/hal_keyslot.c.obj
[ 38%] Building C object open_source/libboundscheck/CMakeFiles/libboundscheck.dir/src/sprintf_s.c.obj
[ 38%] Built target systick
[ 38%] Built target tcxo
[ 38%] Built target watchdog
[ 38%] Built target common_boot
[ 38%] Built target pmp
[ 38%] Built target non_os
[ 39%] Building C object driver/security_unified/CMakeFiles/drv_security_unified.dir/drv_flashboot_cipher.c.obj
[ 39%] Building C object driver/security_unified/CMakeFiles/drv_security_unified.dir/drv_flashboot_symc.c.obj
[ 39%] Building C object hal/sfc/CMakeFiles/hal_sfc.dir/hal_sfc_v150.c.obj
[ 39%] Built target efuse
[ 39%] Built target rtc_unified
[ 41%] Linking C static library libflashboot_common.a
[ 41%] Built target hal_pinctrl
[ 42%] Linking C static library libhal_efuse_v151.a
[ 42%] Building C object hal/security_unified/CMakeFiles/hal_security_unified.dir/hal_km/hal_klad.c.obj
[ 42%] Building C object open_source/libboundscheck/CMakeFiles/libboundscheck.dir/src/strcpy_s.c.obj
[ 43%] Building C object open_source/libboundscheck/CMakeFiles/libboundscheck.dir/src/strcat_s.c.obj
[ 43%] Linking C static library libosal.a
[ 43%] Building C object driver/security_unified/CMakeFiles/drv_security_unified.dir/drv_cipher/drv_code/crypto_drv_common.c.obj
[ 43%] Built target hal_reg_config
[ 43%] Linking C static library libhal_timer.a
[ 43%] Building C object open_source/libboundscheck/CMakeFiles/libboundscheck.dir/src/strncat_s.c.obj
[ 43%] Built target hal_reboot
[ 44%] Linking C static library libhal_watchdog.a
[ 44%] Building C object hal/security_unified/CMakeFiles/hal_security_unified.dir/hal_fapc/hal_fapc.c.obj
[ 44%] Built target uart
[ 46%] Building C object hal/security_unified/CMakeFiles/hal_security_unified.dir/crypto_osal/cfbb/boot/crypto_osal_lib.c.obj
[ 47%] Building C object driver/security_unified/CMakeFiles/drv_security_unified.dir/drv_km/drv_keyslot.c.obj
[ 47%] Building C object driver/security_unified/CMakeFiles/drv_security_unified.dir/drv_km/drv_klad.c.obj
Scanning dependencies of target hal_rtc_unified
[ 48%] Building C object driver/security_unified/CMakeFiles/drv_security_unified.dir/init/cfbb/crypto_curve_param.c.obj
Scanning dependencies of target pmp_cfg_ws63
Scanning dependencies of target chip_ws63
[ 48%] Building C object driver/security_unified/CMakeFiles/drv_security_unified.dir/drv_fapc/drv_fapc.c.obj
[ 48%] Building C object hal/sfc/CMakeFiles/hal_sfc.dir/hal_sfc_v150_regs_op.c.obj
[ 48%] Building C object hal/security_unified/CMakeFiles/hal_security_unified.dir/crypto_osal/cfbb/crypto_security.c.obj
[ 50%] Building C object open_source/libboundscheck/CMakeFiles/libboundscheck.dir/src/strncpy_s.c.obj
Scanning dependencies of target systick_port
[ 50%] Building C object hal/security_unified/CMakeFiles/hal_security_unified.dir/hal_cipher/pke/arch/ecc_data_ram_addr.c.obj
[ 50%] Building C object hal/security_unified/CMakeFiles/hal_security_unified.dir/hal_cipher/pke/alg/drv_common_pke.c.obj
[ 51%] Building C object hal/security_unified/CMakeFiles/hal_security_unified.dir/hal_cipher/pke/alg/ecc_ec_fp_sign_verify_common.c.obj
Scanning dependencies of target timer_port
Scanning dependencies of target tcxo_port
[ 51%] Building C object driver/security_unified/CMakeFiles/drv_security_unified.dir/drv_cipher/drv_pke_v5/sm2/drv_pke_sm2_verify.c.obj
[ 51%] Building C object open_source/libboundscheck/CMakeFiles/libboundscheck.dir/src/vsnprintf_s.c.obj
[ 51%] Building C object hal/rtc_unified/CMakeFiles/hal_rtc_unified.dir/hal_rtc.c.obj
Scanning dependencies of target watchdog_port
[ 51%] Built target hal_pmp
[ 51%] Building C object open_source/libboundscheck/CMakeFiles/libboundscheck.dir/src/vsprintf_s.c.obj
[ 51%] Building C object hal/rtc_unified/CMakeFiles/hal_rtc_unified.dir/v100/hal_rtc_v100.c.obj
Scanning dependencies of target uart_port
[ 51%] Building C object driver/security_unified/CMakeFiles/drv_security_unified.dir/drv_cipher/drv_pke_v5/drv_pke_ecdsa.c.obj
[ 51%] Built target hal_uart
[ 51%] Building C object drivers/chips/ws63/porting/arch/CMakeFiles/pmp_cfg_ws63.dir/riscv/pmp_cfg.c.obj
[ 51%] Building C object hal/security_unified/CMakeFiles/hal_security_unified.dir/hal_cipher/pke/arch/rom_lib.c.obj
[ 52%] Building C object hal/security_unified/CMakeFiles/hal_security_unified.dir/hal_cipher/pke/alg/ecc_ec_fp_verify_common.c.obj
[ 53%] Building C object driver/security_unified/CMakeFiles/drv_security_unified.dir/drv_pke_weak_func.c.obj
[ 53%] Building C object drivers/chips/ws63/CMakeFiles/chip_ws63.dir/arch/riscv/riscv31/interrupt.c.obj
[ 53%] Building C object driver/security_unified/CMakeFiles/drv_security_unified.dir/rom_drv_api/hal_rom_table.c.obj
[ 53%] Building C object driver/security_unified/CMakeFiles/drv_security_unified.dir/drv_cipher/drv_pke_v5/sm2/drv_pke_sm2_dsa_hash.c.obj
[ 55%] Linking C static library libhal_sfc.a
[ 56%] Building C object open_source/libboundscheck/CMakeFiles/libboundscheck.dir/src/strtok_s.c.obj
[ 56%] Built target hal_tcxo
[ 57%] Building C object drivers/chips/ws63/porting/systick/CMakeFiles/systick_port.dir/hal_systick_ws63.c.obj
[ 57%] Building C object drivers/chips/ws63/porting/timer/CMakeFiles/timer_port.dir/timer_porting.c.obj
[ 57%] Building C object hal/security_unified/CMakeFiles/hal_security_unified.dir/hal_cipher/pke/alg/sm2_ec_fp_sign_verify.c.obj
[ 57%] Building C object drivers/chips/ws63/porting/systick/CMakeFiles/systick_port.dir/hal_systick.c.obj
[ 57%] Building C object drivers/chips/ws63/porting/tcxo/CMakeFiles/tcxo_port.dir/tcxo_porting.c.obj
[ 60%] Building C object drivers/chips/ws63/CMakeFiles/chip_ws63.dir/arch/riscv/riscv31/interrupt_handler.c.obj
[ 61%] Building C object drivers/chips/ws63/porting/watchdog/CMakeFiles/watchdog_port.dir/watchdog_porting.c.obj
[ 61%] Building C object hal/rtc_unified/CMakeFiles/hal_rtc_unified.dir/v100/hal_rtc_v100_op.c.obj
[ 60%] Building C object driver/security_unified/CMakeFiles/drv_security_unified.dir/drv_rom_cipher.c.obj
[ 60%] Building C object drivers/chips/ws63/porting/uart/CMakeFiles/uart_port.dir/uart_porting.c.obj
[ 60%] Building C object drivers/chips/ws63/porting/systick/CMakeFiles/systick_port.dir/systick_porting.c.obj
[ 61%] Building C object driver/security_unified/CMakeFiles/drv_security_unified.dir/rom_drv_api/drv_rom_table.c.obj
[ 61%] Building ASM object drivers/chips/ws63/CMakeFiles/chip_ws63.dir/arch/riscv/riscv31/vectors.s.obj
[ 61%] Linking C static library libpmp_cfg_ws63.a
[ 61%] Built target hal_timer
[ 61%] Built target hal_watchdog
[ 61%] Built target hal_efuse_v151
[ 61%] Built target flashboot_common
Scanning dependencies of target pmp_port
[ 61%] Building C object drivers/chips/ws63/CMakeFiles/chip_ws63.dir/arch/riscv/riscv31/flash_patch.c.obj
Scanning dependencies of target pinctrl_port_ws63
[ 61%] Built target osal
[ 62%] Building C object drivers/chips/ws63/CMakeFiles/chip_ws63.dir/vectors/vectors.c.obj
[ 62%] Building C object drivers/chips/ws63/CMakeFiles/chip_ws63.dir/interrupt/interrupt_adapter.c.obj
Scanning dependencies of target sfc_flash_config_ws63
[ 62%] Linking C static library libtimer_port.a
[ 62%] Linking C static library liblibboundscheck.a
Scanning dependencies of target sfc_boot
Scanning dependencies of target rtc_unified_port
[ 62%] Linking C static library libhal_security_unified.a
[ 64%] Linking C static library libtcxo_port.a
Scanning dependencies of target efuse_port
[ 64%] Linking C static library libsystick_port.a
[ 65%] Linking C static library libwatchdog_port.a
[ 65%] Linking C static library libhal_rtc_unified.a
Scanning dependencies of target nonos_malloc_port
[ 66%] Building C object drivers/chips/ws63/porting/pmp/CMakeFiles/pmp_port.dir/pmp_porting.c.obj
[ 66%] Linking C static library libdrv_security_unified.a
[ 67%] Linking C static library libuart_port.a
[ 69%] Building C object drivers/chips/ws63/porting/pinctrl/CMakeFiles/pinctrl_port_ws63.dir/pinctrl_porting_ws63.c.obj
Scanning dependencies of target reboot_port
[ 69%] Building C object drivers/chips/ws63/porting/sfc/flash_config/CMakeFiles/sfc_flash_config_ws63.dir/flash_config_info.c.obj
Scanning dependencies of target sfc_port_ws63
[ 69%] Linking C static library libchip_ws63.a
Scanning dependencies of target soc_port
Scanning dependencies of target partition_ws63
Scanning dependencies of target chip_boot_port
[ 69%] Building C object drivers/chips/ws63/porting/sfc/driver/CMakeFiles/sfc_boot.dir/sfc.c.obj
Scanning dependencies of target update_common_ws63
[ 69%] Linking C static library libpmp_port.a
[ 69%] Building C object drivers/chips/ws63/porting/efuse/CMakeFiles/efuse_port.dir/efuse_porting.c.obj
Scanning dependencies of target update_ab_ws63
[ 70%] Building C object drivers/chips/ws63/porting/mem/CMakeFiles/nonos_malloc_port.dir/malloc_porting.c.obj
[ 70%] Building C object drivers/chips/ws63/porting/rtc_unified/CMakeFiles/rtc_unified_port.dir/rtc_porting.c.obj
[ 70%] Linking C static library libpinctrl_port_ws63.a
[ 71%] Building C object drivers/chips/ws63/porting/sfc/porting/CMakeFiles/sfc_port_ws63.dir/sfc_porting.c.obj
Scanning dependencies of target update_local_ws63
[ 71%] Building C object drivers/chips/ws63/porting/sfc/porting/CMakeFiles/sfc_port_ws63.dir/sfc_protect.c.obj
[ 71%] Building C object drivers/chips/ws63/porting/reboot/CMakeFiles/reboot_port.dir/reboot_porting.c.obj
[ 71%] Linking C static library libsfc_flash_config_ws63.a
Scanning dependencies of target dfx_exception
[ 71%] Building C object drivers/chips/ws63/porting/sfc/porting/CMakeFiles/sfc_port_ws63.dir/sfc_protect_gd25q32.c.obj
[ 71%] Building C object drivers/chips/ws63/porting/soc/CMakeFiles/soc_port.dir/soc_porting.c.obj
[ 71%] Building C object middleware/chips/ws63/partition/CMakeFiles/partition_ws63.dir/partition_porting.c.obj
[ 71%] Built target hal_sfc
[ 71%] Building C object drivers/chips/ws63/boot/boot_porting/CMakeFiles/chip_boot_port.dir/delay/delay.c.obj
[ 71%] Building C object drivers/chips/ws63/boot/boot_porting/CMakeFiles/chip_boot_port.dir/serial/serial.c.obj
[ 71%] Building C object middleware/chips/ws63/update/ab_upg/CMakeFiles/update_ab_ws63.dir/upg_ab.c.obj
[ 71%] Built target pmp_cfg_ws63
[ 71%] Linking C static library libefuse_port.a
[ 71%] Built target timer_port
[ 73%] Linking C static library libsfc_boot.a
Scanning dependencies of target factory_ws63
[ 73%] Building C object middleware/chips/ws63/update/local_update/CMakeFiles/update_local_ws63.dir/upg_encry_porting.c.obj
[ 73%] Linking C static library libnonos_malloc_port.a
[ 73%] Building C object middleware/chips/ws63/update/common/CMakeFiles/update_common_ws63.dir/upg_common_porting.c.obj
[ 73%] Built target watchdog_port
[ 74%] Building C object drivers/chips/ws63/boot/boot_porting/CMakeFiles/chip_boot_port.dir/watchdog/boot_watchdog.c.obj
[ 74%] Built target libboundscheck
[ 74%] Built target systick_port
[ 74%] Building C object drivers/chips/ws63/boot/boot_porting/CMakeFiles/chip_boot_port.dir/reset/reset_porting.c.obj
[ 74%] Building ASM object middleware/chips/ws63/exception/CMakeFiles/dfx_exception.dir/exception_riscv.s.obj
[ 74%] Built target tcxo_port
[ 74%] Linking C static library libsoc_port.a
[ 74%] Built target hal_rtc_unified
[ 74%] Built target uart_port
[ 74%] Building C object drivers/chips/ws63/boot/boot_porting/CMakeFiles/chip_boot_port.dir/validate_chip/validate_chip.c.obj
[ 75%] Linking C static library libsfc_port_ws63.a
[ 75%] Building C object middleware/chips/ws63/exception/CMakeFiles/dfx_exception.dir/exception_riscv.c.obj
[ 76%] Linking C static library librtc_unified_port.a
[ 76%] Built target drv_security_unified
[ 76%] Linking C static library libupdate_ab_ws63.a
[ 76%] Built target hal_security_unified
[ 78%] Linking C static library libpartition_ws63.a
[ 78%] Linking C static library libupdate_common_ws63.a
[ 78%] Building C object middleware/chips/ws63/factory/CMakeFiles/factory_ws63.dir/factory.c.obj
[ 78%] Built target chip_ws63
[ 78%] Linking C static library libreboot_port.a
[ 78%] Built target pmp_port
Scanning dependencies of target dfx_preserve
[ 78%] Linking C static library libupdate_local_ws63.a
Scanning dependencies of target error_code
Scanning dependencies of target nv_config_ws63
Scanning dependencies of target dfx_panic
Scanning dependencies of target partition
[ 78%] Built target pinctrl_port_ws63
Scanning dependencies of target cpu_utils
[ 79%] Linking C static library libchip_boot_port.a
Scanning dependencies of target reboot
[ 79%] Built target sfc_flash_config_ws63
[ 80%] Linking C static library libdfx_exception.a
Scanning dependencies of target lzma_22.00
Scanning dependencies of target update_storage
[ 82%] Linking C static library libfactory_ws63.a
[ 82%] Built target sfc_boot
[ 83%] Building C object utils/dfx/CMakeFiles/dfx_preserve.dir/preserve/private/crash_data.c.obj
Scanning dependencies of target update_common
[ 84%] Building C object utils/error_code/CMakeFiles/error_code.dir/private/error_code.c.obj
[ 84%] Building C object utils/dfx/CMakeFiles/dfx_preserve.dir/preserve/private/preserve.c.obj
[ 84%] Generating NV_SRC
[ 85%] Building C object utils/partition/CMakeFiles/partition.dir/partition.c.obj
[ 85%] Built target efuse_port
[ 87%] Building C object utils/dfx/CMakeFiles/dfx_panic.dir/panic/private/panic_rom.c.obj
[ 87%] Building C object utils/dfx/CMakeFiles/dfx_panic.dir/panic/private/panic.c.obj
[ 87%] Built target update_ab_ws63
[ 87%] Built target soc_port
[ 87%] Building C object utils/dfx/dfx_reboot/cpu_utils/CMakeFiles/cpu_utils.dir/private/cpu_utils.c.obj
[ 87%] Built target nonos_malloc_port
[ 87%] Built target rtc_unified_port
[ 87%] Building C object open_source/7-zip-lzma-sdk/CMakeFiles/lzma_22.00.dir/lzma_22.00/C/LzmaDec.c.obj
[ 88%] Building C object utils/update/storage/CMakeFiles/update_storage.dir/upg_storage.c.obj
[ 88%] Built target sfc_port_ws63
[ 88%] Building C object utils/dfx/dfx_reboot/reboot/CMakeFiles/reboot.dir/shared/non_os_reboot.c.obj
[ 88%] Linking C static library liberror_code.a
[ 88%] Building C object utils/update/common/CMakeFiles/update_common.dir/upg_verify.c.obj
Scanning dependencies of target update_local
[ 88%] Building C object utils/update/common/CMakeFiles/update_common.dir/upg_common.c.obj
[ 89%] Building C object utils/update/common/CMakeFiles/update_common.dir/upg_alloc.c.obj
[ 89%] Linking C static library libdfx_preserve.a
[ 89%] Built target reboot_port
[ 89%] Linking C static library libdfx_panic.a
[ 89%] Built target partition_ws63
[ 89%] Linking C static library libpartition.a
[ 91%] Linking C static library libcpu_utils.a
[ 92%] Building C object utils/update/local_update/CMakeFiles/update_local.dir/upg_encry.c.obj
[ 92%] Built target update_local_ws63
[ 92%] Building C object utils/update/local_update/CMakeFiles/update_local.dir/upg_patch.c.obj
[ 92%] Linking C static library libupdate_storage.a
[ 92%] Built target chip_boot_port
[ 92%] Building C object utils/update/local_update/CMakeFiles/update_local.dir/upg_resource.c.obj
[ 93%] Linking C static library liblzma_22.00.a
[ 93%] Building C object utils/update/local_update/CMakeFiles/update_local.dir/upg_lzmadec.c.obj
[ 93%] Built target update_common_ws63
[ 93%] Built target dfx_exception
[ 94%] Linking C static library libupdate_common.a
[ 96%] Building C object utils/update/local_update/CMakeFiles/update_local.dir/upg_process.c.obj
[ 97%] Linking C static library libreboot.a
[ 97%] Building C object utils/update/local_update/CMakeFiles/update_local.dir/upg_upgrade.c.obj
[ 97%] Built target factory_ws63
[ 98%] Linking C static library libupdate_local.a
[ 98%] Built target nv_config_ws63
[ 98%] Built target error_code
[ 98%] Built target dfx_preserve
[ 98%] Built target dfx_panic
[ 98%] Built target partition
[ 98%] Built target cpu_utils
[ 98%] Built target update_storage
[ 98%] Built target reboot
[ 98%] Built target update_common
[ 98%] Built target lzma_22.00
[ 98%] Built target update_local
Scanning dependencies of target flashboot
[ 98%] Building C object CMakeFiles/flashboot.dir/temp/__null___.c.obj
[ 98%] Linking C executable flashboot.elf
Generating /home/sueiny/fbb_ws63/src/drivers/boards/ws63/evb/linker/flashboot_linker/linker.prelds -> /home/sueiny/fbb_ws63/src/output/ws63/acore/ws63-flashboot/linker.lds
Memory region         Used Size  Region Size  %age Used
           STACK:          9 KB         9 KB    100.00%
            SRAM:        1544 B       119 KB      1.27%
FLASHBOOT_ROM_ADDR:       48704 B        64 KB     74.32%
[ 98%] Built target flashboot
Scanning dependencies of target GENERAT_LST
Scanning dependencies of target GENERAT_BIN
Scanning dependencies of target GENERAT_ASM
Scanning dependencies of target GENERAT_NM
[ 98%] post_build:gen bin file
[ 98%] Built target GENERAT_NM
[ 98%] Built target GENERAT_BIN
[ 98%] Built target GENERAT_ASM
Scanning dependencies of target GENERAT_HEX
Scanning dependencies of target WS63_GENERAT_SIGNBIN
Scanning dependencies of target GENERAT_STD_HEX
[100%] ws63 image sign
[100%] Built target GENERAT_STD_HEX
[100%] Built target GENERAT_LST
[100%] Built target GENERAT_HEX
Scanning dependencies of target GENERAT_MEM_LIMIT
Scanning dependencies of target GENERAT_MEM
[100%] MEM_LIMIT
[100%] Built target GENERAT_MEM_LIMIT
generate params.bin...
Build params success!
params.bin size:  1024
params.bin generate successfully!!!
params_sign.bin generate successfully!!!
generate fill root_pubk.bin
merge out path:  /home/sueiny/fbb_ws63/src/build/config/target_config/ws63/sign_config
root_params_sign.bin generate successfully!!!
sign name:  ../../../../../output/ws63/acore/ws63-ssb/ssb.bin
../../../../../output/ws63/acore/ws63-ssb/ssb.bin size:  20928
../../../../../output/ws63/acore/ws63-ssb/ssb.bin  generated successfully!!!
ssb_sign.bin generated successfully!!!
../../../../../output/ws63/acore/ws63-flashboot/flashboot.bin size:  48704
flash_sign.bin generated successfully!!!
../../../../../output/ws63/acore/ws63-loaderboot/loaderboot.bin size:  30912
loaderboot_sign.bin generated successfully!!!
merge out path:  /home/sueiny/fbb_ws63/src/output/ws63/acore/ws63-loaderboot
root_loaderboot_sign.bin generated successfully!!!
sign name:  ../../../../../output/ws63/acore/ws63-liteos-app/ws63-liteos-app.bin
../../../../../output/ws63/acore/ws63-liteos-app/ws63-liteos-app.bin size:  1302272
../../../../../output/ws63/acore/ws63-liteos-app/ws63-liteos-app.bin  generated successfully!!!
sign name:  ../../../../../output/ws63/acore/boot_bin/ws63-liteos-mfg.bin
../../../../../output/ws63/acore/boot_bin/ws63-liteos-mfg.bin size:  1262848
../../../../../output/ws63/acore/boot_bin/ws63-liteos-mfg.bin  generated successfully!!!
[100%] Built target WS63_GENERAT_SIGNBIN
[100%] Built target GENERAT_MEM
[!][copy_files_to_interim] File `/home/sueiny/fbb_ws63/src/output/ws63/acore/ws63-ssb/ssb.bin` not found, will skip it !
[!][copy_files_to_interim] File `/home/sueiny/fbb_ws63/src/output/ws63/acore/ws63-ssb/ssb_sign.bin` not found, will skip it !
[!][copy_files_to_interim] File `/home/sueiny/fbb_ws63/src/output/ws63/acore/ws63-liteos-hilink/ws63-liteos-hilink.bin` not found, will skip it !
[!][copy_files_to_interim] File `/home/sueiny/fbb_ws63/src/output/ws63/acore/ws63-liteos-hilink/ws63-liteos-hilink-sign.bin` not found, will skip it !
current work direction:  /home/sueiny/fbb_ws63/src
NV file reading:  ./output/ws63/acore/nv_bin/temp/cfg/acore_nv.json
nv xml writing in:  ./output/ws63/database/cco/system/hdbcfg/mss_nvi_db.xml
struct file reading:  ./output/ws63/acore/nv_bin/temp/acore.etypes
struct writing in: ./output/ws63/database/cco/system/nv/nv_struct_def.txt
python path:  /usr/bin/python3
[ws63][acore] run custom cmd success!
/home/sueiny/fbb_ws63/src/build/script/./../../config.in
/home/sueiny/fbb_ws63/src
Kconfig header saved to '/home/sueiny/fbb_ws63/src/output/ws63/acore/ws63-flashboot/mconfig.h'
######### Build target:ws63_flashboot success
ws63-flashboot takes 1.647823 s
python path:  /usr/bin/python3
copy_files_to_interim ing...
['/usr/bin/python3', '/home/sueiny/fbb_ws63/src/build/config/target_config/ws63/script/copy_files_to_interim.py', '/home/sueiny/fbb_ws63/src']
copy_files_to_interim done!
['/usr/bin/python3', '/home/sueiny/fbb_ws63/src/build/config/target_config/ws63/script/nv_handle.py']
[ws63][acore] run custom cmd success!
Not searching for unused variables given on the command line.
-- BUILD_PLATFORM: linux
-- BUILD_PLATFORM: linux
-- The C compiler identification is GNU 7.3.0
-- The ASM compiler identification is GNU
-- Found assembler: /home/sueiny/fbb_ws63/src/tools/bin/compiler/riscv/cc_riscv32_musl_105/cc_riscv32_musl/bin/riscv32-linux-musl-gcc
-- The CXX compiler identification is GNU 7.3.0
-- Detecting C compiler ABI info
-- Detecting C compiler ABI info - done
-- Detecting C compile features
-- Detecting C compile features - done
-- Detecting CXX compiler ABI info
-- Detecting CXX compiler ABI info - done
-- Detecting CXX compile features
-- Detecting CXX compile features - done
GEN_TARGET_SRC = /home/sueiny/fbb_ws63/src/output/ws63/acore/acore.c
PRECOMPILE_TARGET = /home/sueiny/fbb_ws63/src/output/ws63/acore/acore.etypes
TARGET_INCLUDE = /home/sueiny/fbb_ws63/src/middleware/chips/ws63/nv/nv_config/include;/home/sueiny/fbb_ws63/src/middleware/utils/common_headers/native
BGTP_PROJECT=ws63
BGTP_ROM_VERSION=false
BGTP_DEVICE_ONLY=false
BG COMMON BTH_ROM_LIST:__null__
BTH_ROM_LIST:__null__
-- project_name:
-- project_name:
-- Configuring done
-- Generating done
-- Build files have been written to: /home/sueiny/fbb_ws63/src/output/ws63/acore/ws63-loaderboot
Scanning dependencies of target nonos_malloc
Scanning dependencies of target common_boot_libc
Scanning dependencies of target non_os
Scanning dependencies of target hal_cpu_core
Scanning dependencies of target systick
Scanning dependencies of target rtc_unified
Scanning dependencies of target hal_efuse_v151
Scanning dependencies of target drv_timer
Scanning dependencies of target pinctrl
Scanning dependencies of target hal_timer
Scanning dependencies of target osal
Scanning dependencies of target uart
Scanning dependencies of target hal_tcxo
Scanning dependencies of target tcxo
Scanning dependencies of target hal_reboot
Scanning dependencies of target watchdog
Scanning dependencies of target common_boot
Scanning dependencies of target loaderboot_common
Scanning dependencies of target hal_reg_config
Scanning dependencies of target libboundscheck
Scanning dependencies of target hal_watchdog
[  0%] Building C object bootloader/commonboot/libc/CMakeFiles/common_boot_libc.dir/src/string/memset.c.obj
[  1%] Building C object bootloader/commonboot/libc/CMakeFiles/common_boot_libc.dir/src/string/memcmp.c.obj
Scanning dependencies of target hal_sfc
[  1%] Building C object bootloader/commonboot/libc/CMakeFiles/common_boot_libc.dir/src/string/memcpy.c.obj
Scanning dependencies of target hal_pinctrl
Scanning dependencies of target efuse
[  2%] Building C object kernel/non_os/malloc/CMakeFiles/nonos_malloc.dir/malloc.c.obj
[  2%] Building C object kernel/non_os/non_os/CMakeFiles/non_os.dir/non_os_utils.c.obj
Scanning dependencies of target hal_rtc_unified
[  2%] Building C object driver/systick/CMakeFiles/systick.dir/systick.c.obj
[  2%] Building C object driver/pinmux/CMakeFiles/pinctrl.dir/pinctrl.c.obj
[  2%] Building C object driver/timer/CMakeFiles/drv_timer.dir/timer.c.obj
[  2%] Building C object driver/watchdog/CMakeFiles/watchdog.dir/watchdog.c.obj
[  3%] Building C object hal/cpu_core/CMakeFiles/hal_cpu_core.dir/hal_cpu_core.c.obj
[  3%] Building C object driver/rtc_unified/CMakeFiles/rtc_unified.dir/rtc.c.obj
Scanning dependencies of target chip_ws63
Scanning dependencies of target hal_uart
[  6%] Building C object driver/uart/CMakeFiles/uart.dir/uart.c.obj
[  6%] Building C object kernel/osal/CMakeFiles/osal.dir/src/nonos/osal_atomic.c.obj
[  6%] Building C object bootloader/commonboot/CMakeFiles/common_boot.dir/src/boot_reset.c.obj
[  6%] Building C object hal/efuse/CMakeFiles/hal_efuse_v151.dir/hal_efuse.c.obj
[  6%] Building C object driver/tcxo/CMakeFiles/tcxo.dir/tcxo.c.obj
[  6%] Building C object bootloader/commonboot/CMakeFiles/common_boot.dir/src/boot_flash.c.obj
[  7%] Building C object kernel/non_os/non_os/CMakeFiles/non_os.dir/non_os_nmi.c.obj
[  7%] Building C object driver/efuse/CMakeFiles/efuse.dir/efuse.c.obj
[  8%] Building C object open_source/libboundscheck/CMakeFiles/libboundscheck.dir/src/memcpy_s.c.obj
[  8%] Building C object hal/reboot/CMakeFiles/hal_reboot.dir/hal_reboot.c.obj
[  8%] Building C object hal/pinmux/CMakeFiles/hal_pinctrl.dir/common/hal_pinctrl.c.obj
[  8%] Linking C static library libnonos_malloc.a
[  8%] Building C object hal/reg_config/CMakeFiles/hal_reg_config.dir/hal_reg_config.c.obj
[  8%] Building C object bootloader/commonboot/libc/CMakeFiles/common_boot_libc.dir/src/string/strcmp.c.obj
[  8%] Building C object bootloader/provision_ws63/CMakeFiles/loaderboot_common.dir/startup/main.c.obj
[ 10%] Building C object hal/tcxo/CMakeFiles/hal_tcxo.dir/hal_tcxo.c.obj
[ 10%] Building C object kernel/osal/CMakeFiles/osal.dir/src/nonos/osal_debug.c.obj
[ 10%] Linking C static library libsystick.a
Scanning dependencies of target uart_port
[ 10%] Building C object hal/sfc/CMakeFiles/hal_sfc.dir/hal_sfc.c.obj
[ 11%] Linking C static library libdrv_timer.a
Scanning dependencies of target hal_security_unified
[ 12%] Linking C static library libwatchdog.a
[ 12%] Building C object hal/watchdog/CMakeFiles/hal_watchdog.dir/hal_watchdog.c.obj
[ 12%] Linking C static library libhal_cpu_core.a
[ 12%] Building C object hal/timer/CMakeFiles/hal_timer.dir/hal_drv_timer.c.obj
[ 13%] Building C object hal/efuse/CMakeFiles/hal_efuse_v151.dir/v151/hal_efuse_v151.c.obj
[ 15%] Building C object hal/uart/CMakeFiles/hal_uart.dir/hal_uart.c.obj
[ 16%] Building C object hal/rtc_unified/CMakeFiles/hal_rtc_unified.dir/hal_rtc.c.obj
[ 16%] Linking C static library libuart.a
[ 17%] Linking C static library libpinctrl.a
[ 17%] Building C object drivers/chips/ws63/CMakeFiles/chip_ws63.dir/arch/riscv/riscv31/interrupt.c.obj
[ 17%] Linking C static library libnon_os.a
[ 18%] Building C object bootloader/commonboot/CMakeFiles/common_boot.dir/src/boot_debug.c.obj
Scanning dependencies of target drv_security_unified
[ 18%] Building C object open_source/libboundscheck/CMakeFiles/libboundscheck.dir/src/memmove_s.c.obj
[ 20%] Linking C static library libhal_reboot.a
[ 20%] Building C object hal/efuse/CMakeFiles/hal_efuse_v151.dir/v151/hal_efuse_v151_reg_op.c.obj
[ 21%] Linking C static library libtcxo.a
[ 21%] Building C object kernel/osal/CMakeFiles/osal.dir/src/nonos/osal_interrupt.c.obj
[ 21%] Building C object hal/tcxo/CMakeFiles/hal_tcxo.dir/hal_tcxo_v150.c.obj
[ 21%] Building C object open_source/libboundscheck/CMakeFiles/libboundscheck.dir/src/memset_s.c.obj
[ 22%] Linking C static library libefuse.a
[ 24%] Building C object hal/sfc/CMakeFiles/hal_sfc.dir/hal_sfc_v150.c.obj
[ 24%] Building C object drivers/chips/ws63/porting/uart/CMakeFiles/uart_port.dir/uart_porting.c.obj
[ 22%] Linking C static library libhal_reg_config.a
[ 25%] Linking C static library librtc_unified.a
[ 25%] Building C object hal/uart/CMakeFiles/hal_uart.dir/v151/hal_uart_v151.c.obj
[ 26%] Building C object hal/watchdog/CMakeFiles/hal_watchdog.dir/v151/hal_watchdog_v151.c.obj
[ 26%] Building C object hal/security_unified/CMakeFiles/hal_security_unified.dir/hal_km/hal_rkp.c.obj
[ 27%] Building ASM object bootloader/provision_ws63/CMakeFiles/loaderboot_common.dir/startup/riscv_init.S.obj
[ 29%] Building C object hal/timer/CMakeFiles/hal_timer.dir/v150/hal_timer_v150.c.obj
[ 30%] Linking C static library libhal_efuse_v151.a
[ 30%] Building C object hal/pinmux/CMakeFiles/hal_pinctrl.dir/ws63/hal_pinctrl_ws63.c.obj
[ 30%] Building C object hal/rtc_unified/CMakeFiles/hal_rtc_unified.dir/v100/hal_rtc_v100.c.obj
[ 31%] Building C object bootloader/commonboot/libc/CMakeFiles/common_boot_libc.dir/src/string/strlen.c.obj
[ 31%] Building C object driver/security_unified/CMakeFiles/drv_security_unified.dir/romable/hash_romable.c.obj
[ 32%] Building C object drivers/chips/ws63/CMakeFiles/chip_ws63.dir/arch/riscv/riscv31/interrupt_handler.c.obj
[ 32%] Building C object bootloader/commonboot/CMakeFiles/common_boot.dir/src/boot_transfer.c.obj
[ 32%] Built target systick
[ 34%] Building C object kernel/osal/CMakeFiles/osal.dir/src/nonos/osal_mutex.c.obj
[ 34%] Building ASM object drivers/chips/ws63/CMakeFiles/chip_ws63.dir/arch/riscv/riscv31/vectors.s.obj
[ 35%] Building C object hal/uart/CMakeFiles/hal_uart.dir/v151/hal_uart_v151_regs_op.c.obj
[ 35%] Linking C static library libuart_port.a
[ 35%] Building C object bootloader/provision_ws63/CMakeFiles/loaderboot_common.dir/__/commonboot/src/boot_uart_auth.c.obj
Scanning dependencies of target timer_port
[ 36%] Building C object open_source/libboundscheck/CMakeFiles/libboundscheck.dir/src/securecutil.c.obj
[ 36%] Building C object hal/timer/CMakeFiles/hal_timer.dir/v150/hal_timer_v150_regs_op.c.obj
[ 37%] Building C object hal/sfc/CMakeFiles/hal_sfc.dir/hal_sfc_v150_regs_op.c.obj
[ 37%] Building C object hal/tcxo/CMakeFiles/hal_tcxo.dir/hal_tcxo_v150_regs_op.c.obj
[ 39%] Building C object hal/security_unified/CMakeFiles/hal_security_unified.dir/hal_km/hal_keyslot.c.obj
[ 39%] Built target nonos_malloc
[ 39%] Linking C static library libhal_watchdog.a
[ 40%] Building C object kernel/osal/CMakeFiles/osal.dir/src/nonos/osal_semaphore.c.obj
[ 40%] Linking C static library libhal_pinctrl.a
[ 40%] Built target drv_timer
[ 41%] Building C object bootloader/commonboot/CMakeFiles/common_boot.dir/src/boot_cmd_loop.c.obj
[ 41%] Built target watchdog
[ 41%] Building C object drivers/chips/ws63/CMakeFiles/chip_ws63.dir/arch/riscv/riscv31/flash_patch.c.obj
[ 43%] Building C object hal/rtc_unified/CMakeFiles/hal_rtc_unified.dir/v100/hal_rtc_v100_op.c.obj
[ 44%] Building C object bootloader/provision_ws63/CMakeFiles/loaderboot_common.dir/__/commonboot/src/boot_erase.c.obj
[ 43%] Linking C static library libhal_uart.a
[ 44%] Building C object bootloader/commonboot/libc/CMakeFiles/common_boot_libc.dir/src/string/memmove.c.obj
[ 44%] Built target hal_cpu_core
[ 45%] Building C object driver/security_unified/CMakeFiles/drv_security_unified.dir/drv_flashboot_cipher.c.obj
[ 46%] Building C object kernel/osal/CMakeFiles/osal.dir/src/nonos/osal_spinlock.c.obj
[ 46%] Linking C static library libhal_timer.a
[ 46%] Built target non_os
[ 46%] Building C object hal/security_unified/CMakeFiles/hal_security_unified.dir/hal_km/hal_klad.c.obj
[ 46%] Building C object open_source/libboundscheck/CMakeFiles/libboundscheck.dir/src/secureprintoutput_a.c.obj
[ 46%] Built target tcxo
[ 46%] Building C object open_source/libboundscheck/CMakeFiles/libboundscheck.dir/src/sprintf_s.c.obj
[ 46%] Built target hal_reg_config
[ 46%] Built target uart
[ 48%] Linking C static library libhal_tcxo.a
[ 49%] Building C object drivers/chips/ws63/CMakeFiles/chip_ws63.dir/interrupt/interrupt_adapter.c.obj
[ 49%] Built target pinctrl
[ 49%] Building C object open_source/libboundscheck/CMakeFiles/libboundscheck.dir/src/strcat_s.c.obj
[ 50%] Building C object drivers/chips/ws63/porting/timer/CMakeFiles/timer_port.dir/timer_porting.c.obj
[ 50%] Building C object open_source/libboundscheck/CMakeFiles/libboundscheck.dir/src/snprintf_s.c.obj
Scanning dependencies of target systick_port
[ 50%] Built target hal_reboot
[ 50%] Linking C static library libhal_sfc.a
[ 51%] Building C object open_source/libboundscheck/CMakeFiles/libboundscheck.dir/src/strcpy_s.c.obj
[ 51%] Building C object bootloader/commonboot/CMakeFiles/common_boot.dir/src/boot_ymodem.c.obj
[ 51%] Built target rtc_unified
[ 51%] Linking C static library libloaderboot_common.a
[ 51%] Building C object kernel/osal/CMakeFiles/osal.dir/src/nonos/osal_wait.c.obj
[ 51%] Building C object drivers/chips/ws63/CMakeFiles/chip_ws63.dir/vectors/vectors.c.obj
[ 51%] Building C object bootloader/commonboot/CMakeFiles/common_boot.dir/src/boot_crc16.c.obj
[ 51%] Built target hal_efuse_v151
[ 53%] Building C object bootloader/commonboot/CMakeFiles/common_boot.dir/src/boot_load.c.obj
[ 53%] Built target efuse
[ 54%] Building C object drivers/chips/ws63/porting/systick/CMakeFiles/systick_port.dir/hal_systick.c.obj
Scanning dependencies of target tcxo_port
[ 54%] Building C object kernel/osal/CMakeFiles/osal.dir/src/nonos/osal_task.c.obj
[ 54%] Building C object open_source/libboundscheck/CMakeFiles/libboundscheck.dir/src/strncat_s.c.obj
[ 54%] Linking C static library libhal_rtc_unified.a
[ 54%] Linking C static library libcommon_boot_libc.a
[ 55%] Building C object hal/security_unified/CMakeFiles/hal_security_unified.dir/hal_fapc/hal_fapc.c.obj
[ 55%] Building C object hal/security_unified/CMakeFiles/hal_security_unified.dir/crypto_osal/cfbb/crypto_security.c.obj
[ 55%] Building C object hal/security_unified/CMakeFiles/hal_security_unified.dir/crypto_osal/cfbb/boot/crypto_osal_lib.c.obj
[ 56%] Building C object open_source/libboundscheck/CMakeFiles/libboundscheck.dir/src/strncpy_s.c.obj
[ 56%] Built target uart_port
[ 56%] Building C object driver/security_unified/CMakeFiles/drv_security_unified.dir/drv_flashboot_symc.c.obj
[ 56%] Building C object open_source/libboundscheck/CMakeFiles/libboundscheck.dir/src/vsnprintf_s.c.obj
[ 56%] Linking C static library libtimer_port.a
[ 56%] Building C object bootloader/commonboot/CMakeFiles/common_boot.dir/src/boot_efuse_opt.c.obj
Scanning dependencies of target watchdog_port
[ 56%] Building C object drivers/chips/ws63/porting/systick/CMakeFiles/systick_port.dir/hal_systick_ws63.c.obj
[ 58%] Building C object drivers/chips/ws63/porting/systick/CMakeFiles/systick_port.dir/systick_porting.c.obj
[ 58%] Building C object drivers/chips/ws63/porting/tcxo/CMakeFiles/tcxo_port.dir/tcxo_porting.c.obj
[ 58%] Building C object driver/security_unified/CMakeFiles/drv_security_unified.dir/drv_cipher/drv_code/crypto_drv_common.c.obj
[ 59%] Building C object open_source/libboundscheck/CMakeFiles/libboundscheck.dir/src/vsprintf_s.c.obj
[ 59%] Linking C static library libchip_ws63.a
Scanning dependencies of target pinctrl_port_ws63
[ 59%] Built target hal_pinctrl
[ 60%] Building C object hal/security_unified/CMakeFiles/hal_security_unified.dir/hal_cipher/pke/alg/drv_common_pke.c.obj
Scanning dependencies of target sfc_flash_config_ws63
[ 62%] Building C object open_source/libboundscheck/CMakeFiles/libboundscheck.dir/src/strtok_s.c.obj
[ 62%] Built target hal_watchdog
[ 63%] Linking C static library libosal.a
[ 63%] Building C object hal/security_unified/CMakeFiles/hal_security_unified.dir/hal_cipher/pke/alg/ecc_ec_fp_sign_verify_common.c.obj
[ 63%] Built target hal_timer
[ 64%] Linking C static library libcommon_boot.a
[ 65%] Building C object driver/security_unified/CMakeFiles/drv_security_unified.dir/drv_km/drv_keyslot.c.obj
[ 67%] Building C object hal/security_unified/CMakeFiles/hal_security_unified.dir/hal_cipher/pke/arch/ecc_data_ram_addr.c.obj
[ 67%] Linking C static library libsystick_port.a
[ 67%] Building C object hal/security_unified/CMakeFiles/hal_security_unified.dir/hal_cipher/pke/arch/rom_lib.c.obj
Scanning dependencies of target sfc_boot
[ 67%] Built target hal_uart
[ 67%] Building C object drivers/chips/ws63/porting/watchdog/CMakeFiles/watchdog_port.dir/watchdog_porting.c.obj
[ 67%] Building C object driver/security_unified/CMakeFiles/drv_security_unified.dir/drv_km/drv_klad.c.obj
[ 69%] Building C object driver/security_unified/CMakeFiles/drv_security_unified.dir/drv_fapc/drv_fapc.c.obj
[ 69%] Building C object hal/security_unified/CMakeFiles/hal_security_unified.dir/hal_cipher/spacc/hal_hash.c.obj
[ 69%] Building C object drivers/chips/ws63/porting/pinctrl/CMakeFiles/pinctrl_port_ws63.dir/pinctrl_porting_ws63.c.obj
Scanning dependencies of target efuse_port
[ 69%] Building C object driver/security_unified/CMakeFiles/drv_security_unified.dir/init/cfbb/crypto_curve_param.c.obj
[ 69%] Linking C static library liblibboundscheck.a
[ 69%] Built target hal_tcxo
[ 70%] Linking C static library libtcxo_port.a
[ 70%] Building C object hal/security_unified/CMakeFiles/hal_security_unified.dir/hal_cipher/pke/hal_pke.c.obj
Scanning dependencies of target rtc_unified_port
[ 70%] Built target loaderboot_common
[ 70%] Building C object hal/security_unified/CMakeFiles/hal_security_unified.dir/hal_cipher/trng/hal_trng.c.obj
Scanning dependencies of target nonos_malloc_port
Scanning dependencies of target sfc_port_ws63
[ 72%] Building C object drivers/chips/ws63/porting/sfc/flash_config/CMakeFiles/sfc_flash_config_ws63.dir/flash_config_info.c.obj
[ 72%] Built target hal_sfc
[ 72%] Building C object driver/security_unified/CMakeFiles/drv_security_unified.dir/drv_cipher/drv_pke_v5/sm2/drv_pke_sm2_verify.c.obj
[ 73%] Building C object driver/security_unified/CMakeFiles/drv_security_unified.dir/drv_cipher/drv_pke_v5/drv_pke_ecdsa.c.obj
[ 73%] Linking C static library libpinctrl_port_ws63.a
[ 73%] Building C object drivers/chips/ws63/porting/sfc/driver/CMakeFiles/sfc_boot.dir/sfc.c.obj
[ 73%] Building C object driver/security_unified/CMakeFiles/drv_security_unified.dir/drv_pke_weak_func.c.obj
[ 74%] Linking C static library libwatchdog_port.a
[ 74%] Building C object drivers/chips/ws63/porting/efuse/CMakeFiles/efuse_port.dir/efuse_porting.c.obj
[ 74%] Building C object drivers/chips/ws63/porting/rtc_unified/CMakeFiles/rtc_unified_port.dir/rtc_porting.c.obj
Scanning dependencies of target soc_port
[ 74%] Built target timer_port
[ 75%] Building C object driver/security_unified/CMakeFiles/drv_security_unified.dir/drv_rom_cipher.c.obj
[ 75%] Built target common_boot_libc
[ 77%] Linking C static library libhal_security_unified.a
[ 77%] Building C object drivers/chips/ws63/porting/mem/CMakeFiles/nonos_malloc_port.dir/malloc_porting.c.obj
[ 77%] Built target chip_ws63
[ 77%] Building C object drivers/chips/ws63/porting/sfc/porting/CMakeFiles/sfc_port_ws63.dir/sfc_protect.c.obj
Scanning dependencies of target boot_port_malloc
Scanning dependencies of target reboot_port
[ 78%] Building C object drivers/chips/ws63/porting/sfc/porting/CMakeFiles/sfc_port_ws63.dir/sfc_porting.c.obj
[ 78%] Built target hal_rtc_unified
[ 78%] Built target osal
[ 79%] Linking C static library librtc_unified_port.a
Scanning dependencies of target chip_boot_port
Scanning dependencies of target error_code
[ 79%] Building C object drivers/chips/ws63/porting/sfc/porting/CMakeFiles/sfc_port_ws63.dir/sfc_protect_gd25q32.c.obj
[ 79%] Linking C static library libsfc_flash_config_ws63.a
[ 79%] Linking C static library libsfc_boot.a
Scanning dependencies of target dfx_exception
[ 79%] Building C object drivers/chips/ws63/porting/soc/CMakeFiles/soc_port.dir/soc_porting.c.obj
[ 79%] Built target systick_port
[ 79%] Linking C static library libefuse_port.a
Scanning dependencies of target cpu_utils
Scanning dependencies of target nv_config_ws63
[ 79%] Linking C static library libdrv_security_unified.a
Scanning dependencies of target dfx_panic
[ 81%] Building C object drivers/chips/ws63/porting/reboot/CMakeFiles/reboot_port.dir/reboot_porting.c.obj
Scanning dependencies of target dfx_preserve
[ 81%] Built target common_boot
Scanning dependencies of target reboot
[ 81%] Built target tcxo_port
[ 82%] Linking C static library libnonos_malloc_port.a
[ 82%] Building C object drivers/chips/ws63/boot/boot_porting/CMakeFiles/boot_port_malloc.dir/malloc/boot_malloc.c.obj
[ 83%] Building C object utils/error_code/CMakeFiles/error_code.dir/private/error_code.c.obj
[ 84%] Building C object drivers/chips/ws63/boot/boot_porting/CMakeFiles/chip_boot_port.dir/delay/delay.c.obj
[ 87%] Building C object drivers/chips/ws63/boot/boot_porting/CMakeFiles/chip_boot_port.dir/validate_chip/validate_chip.c.obj
[ 88%] Linking C static library libsfc_port_ws63.a
[ 87%] Building C object drivers/chips/ws63/boot/boot_porting/CMakeFiles/chip_boot_port.dir/watchdog/boot_watchdog.c.obj
[ 89%] Building C object utils/dfx/dfx_reboot/cpu_utils/CMakeFiles/cpu_utils.dir/private/cpu_utils.c.obj
[ 89%] Building C object drivers/chips/ws63/boot/boot_porting/CMakeFiles/chip_boot_port.dir/serial/serial.c.obj
[ 89%] Building C object drivers/chips/ws63/boot/boot_porting/CMakeFiles/chip_boot_port.dir/reset/reset_porting.c.obj
[ 88%] Linking C static library libsoc_port.a
[ 89%] Built target libboundscheck
[ 89%] Built target pinctrl_port_ws63
[ 89%] Building C object middleware/chips/ws63/exception/CMakeFiles/dfx_exception.dir/exception_riscv.c.obj
[ 89%] Generating NV_SRC
[ 91%] Building C object utils/dfx/CMakeFiles/dfx_panic.dir/panic/private/panic_rom.c.obj
[ 91%] Building ASM object middleware/chips/ws63/exception/CMakeFiles/dfx_exception.dir/exception_riscv.s.obj
[ 92%] Building C object utils/dfx/CMakeFiles/dfx_panic.dir/panic/private/panic.c.obj
[ 92%] Linking C static library libreboot_port.a
[ 92%] Building C object utils/dfx/CMakeFiles/dfx_preserve.dir/preserve/private/crash_data.c.obj
[ 92%] Building C object utils/dfx/CMakeFiles/dfx_preserve.dir/preserve/private/preserve.c.obj
[ 93%] Building C object utils/dfx/dfx_reboot/reboot/CMakeFiles/reboot.dir/shared/non_os_reboot.c.obj
[ 93%] Built target watchdog_port
[ 93%] Linking C static library liberror_code.a
[ 93%] Linking C static library libcpu_utils.a
[ 93%] Linking C static library libboot_port_malloc.a
[ 93%] Linking C static library libdfx_exception.a
[ 93%] Built target rtc_unified_port
[ 94%] Linking C static library libchip_boot_port.a
[ 94%] Built target hal_security_unified
[ 94%] Built target sfc_flash_config_ws63
[ 96%] Linking C static library libdfx_panic.a
[ 96%] Linking C static library libreboot.a
[ 97%] Linking C static library libdfx_preserve.a
[ 97%] Built target sfc_boot
[ 97%] Built target nonos_malloc_port
[ 97%] Built target efuse_port
[ 97%] Built target drv_security_unified
[ 97%] Built target sfc_port_ws63
[ 97%] Built target reboot_port
[ 97%] Built target soc_port
[ 97%] Built target error_code
[ 97%] Built target nv_config_ws63
[ 97%] Built target dfx_panic
[ 97%] Built target chip_boot_port
[ 97%] Built target cpu_utils
[ 97%] Built target dfx_exception
[ 97%] Built target reboot
[ 97%] Built target boot_port_malloc
[ 97%] Built target dfx_preserve
Scanning dependencies of target loaderboot
[ 98%] Building C object CMakeFiles/loaderboot.dir/temp/__null___.c.obj
[ 98%] Linking C executable loaderboot.elf
Generating /home/sueiny/fbb_ws63/src/drivers/boards/ws63/evb/linker/loaderboot_linker/linker.prelds -> /home/sueiny/fbb_ws63/src/output/ws63/acore/ws63-loaderboot/linker.lds
Memory region         Used Size  Region Size  %age Used
           STACK:          9 KB         9 KB    100.00%
            SRAM:       18080 B       119 KB     14.84%
LOADERBOOT_ROM_ADDR:       30860 B        40 KB     75.34%
[ 98%] Built target loaderboot
Scanning dependencies of target GENERAT_LST
Scanning dependencies of target GENERAT_ASM
Scanning dependencies of target GENERAT_BIN
Scanning dependencies of target GENERAT_NM
[ 98%] post_build:gen bin file
[ 98%] Built target GENERAT_NM
[ 98%] Built target GENERAT_BIN
[ 98%] Built target GENERAT_ASM
Scanning dependencies of target GENERAT_STD_HEX
Scanning dependencies of target GENERAT_HEX
Scanning dependencies of target WS63_GENERAT_SIGNBIN
[100%] ws63 image sign
[100%] Built target GENERAT_STD_HEX
[100%] Built target GENERAT_LST
[100%] Built target GENERAT_HEX
Scanning dependencies of target GENERAT_MEM
Scanning dependencies of target GENERAT_MEM_LIMIT
[100%] MEM_LIMIT
[100%] Built target GENERAT_MEM_LIMIT
generate params.bin...
Build params success!
params.bin size:  1024
params.bin generate successfully!!!
params_sign.bin generate successfully!!!
generate fill root_pubk.bin
merge out path:  /home/sueiny/fbb_ws63/src/build/config/target_config/ws63/sign_config
root_params_sign.bin generate successfully!!!
sign name:  ../../../../../output/ws63/acore/ws63-ssb/ssb.bin
../../../../../output/ws63/acore/ws63-ssb/ssb.bin size:  20928
../../../../../output/ws63/acore/ws63-ssb/ssb.bin  generated successfully!!!
ssb_sign.bin generated successfully!!!
../../../../../output/ws63/acore/ws63-flashboot/flashboot.bin size:  48704
flash_sign.bin generated successfully!!!
../../../../../output/ws63/acore/ws63-loaderboot/loaderboot.bin size:  30860
loaderboot_sign.bin generated successfully!!!
merge out path:  /home/sueiny/fbb_ws63/src/output/ws63/acore/ws63-loaderboot
root_loaderboot_sign.bin generated successfully!!!
sign name:  ../../../../../output/ws63/acore/ws63-liteos-app/ws63-liteos-app.bin
../../../../../output/ws63/acore/ws63-liteos-app/ws63-liteos-app.bin size:  1302272
../../../../../output/ws63/acore/ws63-liteos-app/ws63-liteos-app.bin  generated successfully!!!
sign name:  ../../../../../output/ws63/acore/boot_bin/ws63-liteos-mfg.bin
../../../../../output/ws63/acore/boot_bin/ws63-liteos-mfg.bin size:  1262848
../../../../../output/ws63/acore/boot_bin/ws63-liteos-mfg.bin  generated successfully!!!
[100%] Built target WS63_GENERAT_SIGNBIN
[100%] Built target GENERAT_MEM
[!][copy_files_to_interim] File `/home/sueiny/fbb_ws63/src/output/ws63/acore/ws63-ssb/ssb.bin` not found, will skip it !
[!][copy_files_to_interim] File `/home/sueiny/fbb_ws63/src/output/ws63/acore/ws63-ssb/ssb_sign.bin` not found, will skip it !
[!][copy_files_to_interim] File `/home/sueiny/fbb_ws63/src/output/ws63/acore/ws63-liteos-hilink/ws63-liteos-hilink.bin` not found, will skip it !
[!][copy_files_to_interim] File `/home/sueiny/fbb_ws63/src/output/ws63/acore/ws63-liteos-hilink/ws63-liteos-hilink-sign.bin` not found, will skip it !
current work direction:  /home/sueiny/fbb_ws63/src
NV file reading:  ./output/ws63/acore/nv_bin/temp/cfg/acore_nv.json
nv xml writing in:  ./output/ws63/database/cco/system/hdbcfg/mss_nvi_db.xml
struct file reading:  ./output/ws63/acore/nv_bin/temp/acore.etypes
struct writing in: ./output/ws63/database/cco/system/nv/nv_struct_def.txt
python path:  /usr/bin/python3
[ws63][acore] run custom cmd success!
/home/sueiny/fbb_ws63/src/build/script/./../../config.in
/home/sueiny/fbb_ws63/src
Kconfig header saved to '/home/sueiny/fbb_ws63/src/output/ws63/acore/ws63-loaderboot/mconfig.h'
######### Build target:ws63_loaderboot success
ws63-loaderboot takes 1.504309 s
python path:  /usr/bin/python3
copy_files_to_interim ing...
['/usr/bin/python3', '/home/sueiny/fbb_ws63/src/build/config/target_config/ws63/script/copy_files_to_interim.py', '/home/sueiny/fbb_ws63/src']
copy_files_to_interim done!
['/usr/bin/python3', '/home/sueiny/fbb_ws63/src/build/config/target_config/ws63/script/nv_handle.py']
[ws63][acore] run custom cmd success!
Not searching for unused variables given on the command line.
-- BUILD_PLATFORM: linux
-- BUILD_PLATFORM: linux
-- The C compiler identification is GNU 7.3.0
-- The ASM compiler identification is GNU
-- Found assembler: /home/sueiny/fbb_ws63/src/tools/bin/compiler/riscv/cc_riscv32_musl_105/cc_riscv32_musl_fp/bin/riscv32-linux-musl-gcc
-- The CXX compiler identification is GNU 7.3.0
-- Detecting C compiler ABI info
-- Detecting C compiler ABI info - done
-- Detecting C compile features
-- Detecting C compile features - done
-- Detecting CXX compiler ABI info
-- Detecting CXX compiler ABI info - done
-- Detecting CXX compile features
-- Detecting CXX compile features - done
LOSCFG_PLATFORM is set to ws63
LOSCFG_COMPILER_GNU_BINUTILS is set to y
LOSCFG_COMPILER_GCC is set to y
LOSCFG_COMPILER_TOOLCHAIN_MUSL is set to y
LOSCFG_COMPILER_RISCV_GCC_MUSL is set to y
LOSCFG_COMPILER_RISCV_UNKNOWN is set to y
LOSCFG_RISCV_COMPILER_OPTIONS_USER_DEFINED is set to 
LOSCFG_RISCV_COMPILER_OPTIONS_LDM_STM is set to y
LOSCFG_RISCV_COMPILER_OPTIONS_EMIT_LLI is set to y
LOSCFG_COMPILER_OPTIMIZE_SIZE is set to y
LOSCFG_FAMILY_AIOT is set to y
LOSCFG_FAMILY is set to aiot
LOSCFG_PLATFORM is set to ws63
LOSCFG_PLATFORM_WS63 is set to y
LOSCFG_USING_BOARD_LD is set to y
LOSCFG_USING_BOARD_RESET_VECTOR is set to y
LOSCFG_ARCH_FPU_ENABLE is set to y
LOSCFG_APC_ENABLE is set to y
LOSCFG_ARCH_PMU is set to y
LOSCFG_ARCH_RISCV32 is set to y
LOSCFG_ARCH_RISCV_RV32IMC is set to y
LOSCFG_ARCH_RISCV_RV32F is set to y
LOSCFG_ARCH_LINXCORE_131 is set to y
LOSCFG_KERNEL_MIN is set to y
LOSCFG_SCHED is set to y
LOSCFG_SCHED_SQ is set to y
LOSCFG_BASE_CORE_TIMESLICE is set to y
LOSCFG_BASE_CORE_TIMESLICE_TIMEOUT is set to 2
LOSCFG_BASE_CORE_TSK_MONITOR is set to y
LOSCFG_TASK_STACK_DYNAMIC_ALLOCATION is set to y
LOSCFG_BASE_CORE_TSK_LIMIT is set to 28
LOSCFG_BASE_CORE_TSK_MIN_STACK_SIZE is set to 1024
LOSCFG_BASE_CORE_TSK_DEFAULT_STACK_SIZE is set to 2048
LOSCFG_BASE_CORE_TSK_SWTMR_STACK_SIZE is set to 2048
LOSCFG_BASE_CORE_TSK_IDLE_STACK_SIZE is set to 1024
LOSCFG_BASE_CORE_TSK_DEFAULT_PRIO is set to 10
LOSCFG_BASE_CORE_TICK_PER_SECOND is set to 100
LOSCFG_BASE_CORE_USE_SINGLE_LIST is set to y
LOSCFG_STARTUP_STACK_SIZE is set to 0x4000
LOSCFG_KERNEL_MEM_ALLOC is set to y
LOSCFG_KERNEL_MEM_BESTFIT is set to y
LOSCFG_KERNEL_MEM_SLAB_EXTENTION is set to y
LOSCFG_MEM_TASK_STAT is set to y
LOSCFG_ARCH_INTERRUPT_TAKEOVER is set to y
LOSCFG_ARCH_INTERRUPT_PREEMPTION is set to y
LOSCFG_HWI_PRE_POST_PROCESS is set to y
LOSCFG_HWI_WITH_ARG is set to y
LOSCFG_IRQ_STACK_SIZE is set to 0x2000
LOSCFG_NMI_STACK_SIZE is set to 0x800
LOSCFG_PLATFORM_HWI_LIMIT is set to 96
LOSCFG_HWI_PRIO_LIMIT is set to 7
LOSCFG_EXC_STACK_SIZE is set to 0x800
LOSCFG_BASE_CORE_SWTMR is set to y
LOSCFG_BASE_CORE_SWTMR_LIMIT is set to 16
LOSCFG_BASE_IPC_QUEUE is set to y
LOSCFG_QUEUE_DYNAMIC_ALLOCATION is set to y
LOSCFG_BASE_IPC_QUEUE_LIMIT is set to 16
LOSCFG_BASE_IPC_EVENT is set to y
LOSCFG_BASE_IPC_MUX is set to y
LOSCFG_MUTEX_WAITMODE_PRIO is set to y
LOSCFG_BASE_IPC_MUX_LIMIT is set to 60
LOSCFG_BASE_IPC_SEM is set to y
LOSCFG_BASE_IPC_SEM_LIMIT is set to 32
LOSCFG_KERNEL_PRINTF is set to y
LOSCFG_KERNEL_PRINTF_SIZE_EXTEND is set to y
LOSCFG_KERNEL_RINGBUF is set to y
LOSCFG_BASE_CORE_SYS_RES_CHECK is set to y
LOSCFG_LIB_LIBC is set to y
LOSCFG_LIB_LIBM is set to y
LOSCFG_LIB_FORMAT is set to y
LOSCFG_COMPAT_CMSIS is set to y
LOSCFG_COMPAT_CMSIS_VER_2 is set to y
LOSCFG_COMPAT_LINUX is set to y
LOSCFG_COMPAT_LINUX_PENDLIST is set to y
LOSCFG_COMPAT_LINUX_TIMER is set to y
LOSCFG_COMPAT_LINUX_COMPLETION is set to y
LOSCFG_COMPAT_LINUX_WAITQUEUE is set to y
LOSCFG_COMPAT_LINUX_DRIVER_BASE is set to y
LOSCFG_NET_IPERF is set to y
LOSCFG_BACKTRACE is set to y
LOSCFG_DEBUG_RESOURCE_INFO is set to y
LOSCFG_SERIAL_OUTPUT_ENABLE is set to y
LOSCFG_KERNEL_CPUP is set to y
LOSCFG_DRIVERS_BASE is set to y
LOSCFG_RISCV_HIMIDEERV200_PLIC is set to y
LOSCFG_TIMER_VENDOR is set to y
LOSCFG_DRIVERS_UART_VENDOR is set to y
LOSCFG_DRIVERS_SIMPLE_UART is set to y
LOSCFG_CC_NO_STACKPROTECTOR is set to y
CMAKE_TOOLCHAIN_FILE is defined ahead, skip auto-config compiler
CMAKE_TOOLCHAIN_FILE is defined ahead, skip auto-config compiler
OUT:/home/sueiny/fbb_ws63/src/output/ws63/acore/ws63-liteos-app/kernel/liteos/liteos_v208.5.0
LITEOS_MODULE_DEP_LIBS_PATH:
LITEOS_DEP_LIBS_INT:
LITEOS_DEP_LIBS_EXT:gcc;gcc_eh
LITEOS_BASELIB:m;gcc;gcc_eh
LOS_INTF_DEP_TARGETS:
-- COM_HEADER-include/home/sueiny/fbb_ws63/src/output/ws63/acore/ws63-liteos-app/kernel/liteos/liteos_v208.5.0/menuconfig/include/menuconfig.h
-- /home/sueiny/fbb_ws63/src/drivers/chips/ws63/porting/patch/sfc_patch.c is not found, finding libplat_patch.a in /home/sueiny/fbb_ws63/src/drivers/chips/ws63/porting/patch/ws63-liteos-app
-- /home/sueiny/fbb_ws63/src/drivers/chips/ws63/rom_config/acore/output/rom_callback.S is not found, finding librom_callback.a in /home/sueiny/fbb_ws63/src/drivers/chips/ws63/ws63-liteos-app
GEN_TARGET_SRC = /home/sueiny/fbb_ws63/src/output/ws63/acore/acore.c
PRECOMPILE_TARGET = /home/sueiny/fbb_ws63/src/output/ws63/acore/acore.etypes
TARGET_INCLUDE = /home/sueiny/fbb_ws63/src/middleware/chips/ws63/nv/nv_config/include;/home/sueiny/fbb_ws63/src/middleware/utils/common_headers/native
-- /home/sueiny/fbb_ws63/src/middleware/utils/at/at_bt_cmd/src/at_bt_cmd_register.c is not found, finding libbt_at.a in /home/sueiny/fbb_ws63/src/middleware/utils/at/at_bt_cmd/ws63-liteos-app
-- /home/sueiny/fbb_ws63/src/middleware/utils/at/at_radar_cmd/at/at_radar.c is not found, finding libradar_at.a in /home/sueiny/fbb_ws63/src/middleware/utils/at/at_radar_cmd/ws63-liteos-app
Build wifi device with rom repo!
-- /home/sueiny/fbb_ws63/src/protocol/wifi/rom_code/ws63/source/alg/iot_alg/device/alg_main.c is not found, finding libwifi_driver_dmac.a in /home/sueiny/fbb_ws63/src/protocol/wifi/ws63-liteos-app
-- /home/sueiny/fbb_ws63/src/protocol/wifi/rom_code/ws63/source/common/romable/wifi_rom_data.c is not found, finding libwifi_rom_data.a in /home/sueiny/fbb_ws63/src/protocol/wifi/ws63-liteos-app
-- /home/sueiny/fbb_ws63/src/protocol/wifi/source/host/feature/interface/hmac_feature_interface.c is not found, finding libwifi_driver_hmac.a in /home/sueiny/fbb_ws63/src/protocol/wifi/ws63-liteos-app
-- /home/sueiny/fbb_ws63/src/protocol/wifi/source/host/forward/hmac_rx_data.c is not found, finding libwifi_driver_tcm.a in /home/sueiny/fbb_ws63/src/protocol/wifi/ws63-liteos-app
-- /home/sueiny/fbb_ws63/src/protocol/wifi/source/alg/iot_alg/host/alg_txbf.c is not found, finding libwifi_alg_txbf.a in /home/sueiny/fbb_ws63/src/protocol/wifi/ws63-liteos-app
-- /home/sueiny/fbb_ws63/src/protocol/wifi/source/alg/iot_alg/host/alg_temp_protect.c is not found, finding libwifi_alg_temp_protect.a in /home/sueiny/fbb_ws63/src/protocol/wifi/ws63-liteos-app
-- /home/sueiny/fbb_ws63/src/protocol/wifi/source/alg/iot_alg/host/alg_anti_interference.c is not found, finding libwifi_alg_anti_interference.a in /home/sueiny/fbb_ws63/src/protocol/wifi/ws63-liteos-app
-- /home/sueiny/fbb_ws63/src/protocol/wifi/source/alg/iot_alg/host/alg_edca_opt.c is not found, finding libwifi_alg_edca_opt.a in /home/sueiny/fbb_ws63/src/protocol/wifi/ws63-liteos-app
-- /home/sueiny/fbb_ws63/src/protocol/wifi/source/alg/iot_alg/host/alg_cca_intrf_mode.c is not found, finding libwifi_alg_cca_opt.a in /home/sueiny/fbb_ws63/src/protocol/wifi/ws63-liteos-app
BGTP_PROJECT=ws63
BGTP_ROM_VERSION=true
BGTP_DEVICE_ONLY=false
-- /home/sueiny/fbb_ws63/src/protocol/bt/controller/bgtp/__null__ is not found, finding libbgtp.a in /home/sueiny/fbb_ws63/src/protocol/bt/controller/bgtp/ws63-liteos-app
-- /home/sueiny/fbb_ws63/src/protocol/bt/controller/bgtp/__null__ is not found, finding libbgtp_rom_data.a in /home/sueiny/fbb_ws63/src/protocol/bt/controller/bgtp/ws63-liteos-app
-- /home/sueiny/fbb_ws63/src/protocol/bt/host/bg_common/__null__ is not found, finding libbg_common.a in /home/sueiny/fbb_ws63/src/protocol/bt/host/bg_common/ws63-liteos-app
BG COMMON BTH_ROM_LIST:__null__
BTH_ROM_LIST:__null__
-- /home/sueiny/fbb_ws63/src/protocol/bt/host/bt/__null__ is not found, finding libbt_app.a in /home/sueiny/fbb_ws63/src/protocol/bt/host/bt/ws63-liteos-app
-- /home/sueiny/fbb_ws63/src/protocol/bt/host/bt/sdk/__null__ is not found, finding libbth_sdk.a in /home/sueiny/fbb_ws63/src/protocol/bt/host/bt/sdk/ws63-liteos-app
-- /home/sueiny/fbb_ws63/src/protocol/bt/host/bt/__null__ is not found, finding libbt_host.a in /home/sueiny/fbb_ws63/src/protocol/bt/host/bt/ws63-liteos-app
BTH_ROM_LIST:__null__
BTH_PUBLIC_HEADER_LIST=
-- /home/sueiny/fbb_ws63/src/protocol/bt/host/gle/__null__ is not found, finding libbth_gle.a in /home/sueiny/fbb_ws63/src/protocol/bt/host/gle/ws63-liteos-app
-- /home/sueiny/fbb_ws63/src/protocol/radar/alg_ai/radar_ai_attention_layer.c is not found, finding libradar_ai.a in /home/sueiny/fbb_ws63/src/protocol/radar/alg_ai/ws63-liteos-app
-- project_name:
-- /home/sueiny/fbb_ws63/src/protocol/radar/plat/utils/radar_fft.c is not found, finding libradar_sensing.a in /home/sueiny/fbb_ws63/src/protocol/radar/plat/ws63-liteos-app
-- project_name:
-- Configuring done
-- Generating done
-- Build files have been written to: /home/sueiny/fbb_ws63/src/output/ws63/acore/ws63-liteos-app
Scanning dependencies of target adc
Scanning dependencies of target tsensor
Scanning dependencies of target pmp
Scanning dependencies of target dma
Scanning dependencies of target non_os
Scanning dependencies of target i2s
Scanning dependencies of target hal_cpu_core
Scanning dependencies of target pwm
Scanning dependencies of target hal_pwm
Scanning dependencies of target hal_pmp
[  0%] Building C object driver/pmp/CMakeFiles/pmp.dir/pmp.c.obj
[  0%] Building C object driver/adc/CMakeFiles/adc.dir/adc.c.obj
Scanning dependencies of target hal_mips
[  0%] Building C object driver/dma/CMakeFiles/dma.dir/dma.c.obj
[  0%] Building C object kernel/non_os/non_os/CMakeFiles/non_os.dir/non_os_utils.c.obj
Scanning dependencies of target lpm
Scanning dependencies of target hal_efuse_v151
Scanning dependencies of target gpio
[  0%] Building C object driver/i2s/CMakeFiles/i2s.dir/i2s.c.obj
Scanning dependencies of target i2c
[  0%] Building C object driver/tsensor/CMakeFiles/tsensor.dir/tsensor.c.obj
Scanning dependencies of target osal_adapt
Scanning dependencies of target efuse
[  1%] Building C object hal/pmp/CMakeFiles/hal_pmp.dir/hal_pmp.c.obj
[  1%] Building C object hal/cpu_core/CMakeFiles/hal_cpu_core.dir/hal_cpu_core.c.obj
[  1%] Building C object driver/pwm/CMakeFiles/pwm.dir/pwm.c.obj
Scanning dependencies of target spi
[  1%] Building C object hal/pwm/CMakeFiles/hal_pwm.dir/hal_pwm.c.obj
[  1%] Building C object hal/mips/CMakeFiles/hal_mips.dir/hal_mips.c.obj
Scanning dependencies of target uart
Scanning dependencies of target hal_gpio_v150
Scanning dependencies of target hal_dma_v151
Scanning dependencies of target hal_i2c
Scanning dependencies of target hal_adc
[  2%] Building C object driver/lpm/CMakeFiles/lpm.dir/lpm_dev_ops.c.obj
[  2%] Building C object hal/efuse/CMakeFiles/hal_efuse_v151.dir/hal_efuse.c.obj
Scanning dependencies of target hal_reboot
[  2%] Building C object driver/efuse/CMakeFiles/efuse.dir/efuse.c.obj
[  2%] Building C object kernel/osal_adapt/CMakeFiles/osal_adapt.dir/src/osal_adapt_atomic.c.obj
[  2%] Building C object driver/gpio/CMakeFiles/gpio.dir/gpio.c.obj
[  2%] Building C object driver/i2c/CMakeFiles/i2c.dir/i2c.c.obj
[  2%] Linking C static library libadc.a
[  3%] Building C object driver/spi/CMakeFiles/spi.dir/spi.c.obj
[  3%] Linking C static library libpmp.a
[  3%] Linking C static library libi2s.a
[  3%] Building C object hal/dma/CMakeFiles/hal_dma_v151.dir/hal_dma.c.obj
[  3%] Building C object driver/uart/CMakeFiles/uart.dir/uart.c.obj
[  3%] Building C object hal/gpio/CMakeFiles/hal_gpio_v150.dir/hal_gpio.c.obj
Scanning dependencies of target ws63_liteos_app
Scanning dependencies of target samples
[  3%] Building C object hal/i2c/CMakeFiles/hal_i2c.dir/hal_i2c.c.obj
[  3%] Building C object hal/reboot/CMakeFiles/hal_reboot.dir/hal_reboot.c.obj
[  3%] Building C object hal/pmp/CMakeFiles/hal_pmp.dir/v31/hal_pmp_riscv31.c.obj
[  3%] Building C object hal/adc/CMakeFiles/hal_adc.dir/hal_adc.c.obj
[  3%] Linking C static library libdma.a
[  3%] Building C object kernel/non_os/non_os/CMakeFiles/non_os.dir/non_os_nmi.c.obj
[  3%] Building C object hal/pwm/CMakeFiles/hal_pwm.dir/v151/hal_pwm_v151.c.obj
[  3%] Linking C static library libtsensor.a
[  3%] Linking C static library libhal_mips.a
[  3%] Linking C static library libhal_cpu_core.a
[  3%] Linking C static library libpwm.a
[  3%] Building C object application/ws63/ws63_liteos_application/CMakeFiles/ws63_liteos_app.dir/main.c.obj
[  3%] Building C object hal/efuse/CMakeFiles/hal_efuse_v151.dir/v151/hal_efuse_v151.c.obj
[  3%] Building C object application/samples/CMakeFiles/samples.dir/Dtu/service/dtu_service.c.obj
[  4%] Building C object kernel/osal_adapt/CMakeFiles/osal_adapt.dir/src/osal_adapt_event.c.obj
[  4%] Linking C static library libefuse.a
[  4%] Built target i2s
[  4%] Linking C static library libspi.a
[  4%] Built target pmp
[  4%] Building C object hal/pmp/CMakeFiles/hal_pmp.dir/v31/hal_pmp_riscv31_regs_op.c.obj
[  4%] Linking C static library liblpm.a
[  5%] Building C object hal/adc/CMakeFiles/hal_adc.dir/v154/hal_adc_v154.c.obj
[  5%] Linking C static library libgpio.a
[  5%] Building C object hal/gpio/CMakeFiles/hal_gpio_v150.dir/v150/hal_gpio_v150.c.obj
Scanning dependencies of target osal
[  5%] Building C object hal/dma/CMakeFiles/hal_dma_v151.dir/hal_dma_mem.c.obj
[  6%] Linking C static library libhal_reboot.a
[  6%] Built target dma
[  6%] Building C object hal/i2c/CMakeFiles/hal_i2c.dir/v150/hal_i2c_v150_master.c.obj
[  6%] Building C object hal/pwm/CMakeFiles/hal_pwm.dir/v151/hal_pwm_v151_regs_op.c.obj
[  6%] Built target adc
[  7%] Linking C static library libnon_os.a
[  7%] Building C object kernel/osal_adapt/CMakeFiles/osal_adapt.dir/src/osal_adapt_string.c.obj
[  7%] Built target hal_mips
[  7%] Linking C static library libuart.a
[  7%] Linking C static library libi2c.a
[  7%] Building C object hal/i2c/CMakeFiles/hal_i2c.dir/v150/hal_i2c_v150.c.obj
[  7%] Building C object hal/efuse/CMakeFiles/hal_efuse_v151.dir/v151/hal_efuse_v151_reg_op.c.obj
[  7%] Built target pwm
[  7%] Building ASM object application/ws63/ws63_liteos_application/CMakeFiles/ws63_liteos_app.dir/reset_vector.S.obj
[  7%] Built target tsensor
[  7%] Building C object kernel/osal/CMakeFiles/osal.dir/adapt/liteos/osal_debug_adapt.c.obj
[  7%] Linking C static library libhal_pmp.a
[  7%] Built target hal_cpu_core
[  7%] Building C object hal/i2c/CMakeFiles/hal_i2c.dir/v150/hal_i2c_v150_comm.c.obj
[  7%] Building C object hal/gpio/CMakeFiles/hal_gpio_v150.dir/v150/hal_gpio_v150_regs_op.c.obj
[  7%] Built target spi
[  7%] Linking C static library libhal_pwm.a
[  7%] Building C object hal/dma/CMakeFiles/hal_dma_v151.dir/v151/hal_dmac_v151.c.obj
[  7%] Built target hal_reboot
[  7%] Built target efuse
[  7%] Building C object kernel/osal_adapt/CMakeFiles/osal_adapt.dir/src/osal_adapt_task.c.obj
[  7%] Building C object application/samples/CMakeFiles/samples.dir/Dtu/service/flow/dtu_input.c.obj
[  7%] Built target lpm
[  7%] Building C object hal/adc/CMakeFiles/hal_adc.dir/v154/hal_adc_v154_regs_op.c.obj
[  7%] Built target i2c
[  7%] Built target gpio
[  7%] Building C object hal/i2c/CMakeFiles/hal_i2c.dir/v150/hal_i2c_v150_regs_op.c.obj
[  7%] Building C object application/ws63/ws63_liteos_application/CMakeFiles/ws63_liteos_app.dir/clock_init.c.obj
[  7%] Building C object application/samples/CMakeFiles/samples.dir/Dtu/service/flow/dtu_output.c.obj
[  7%] Linking C static library libhal_efuse_v151.a
[  7%] Building C object application/samples/CMakeFiles/samples.dir/Dtu/service/flow/dtu_dispatch.c.obj
[  7%] Built target uart
[  7%] Building C object kernel/osal_adapt/CMakeFiles/osal_adapt.dir/src/osal_adapt_timer.c.obj
[  7%] Building C object hal/gpio/CMakeFiles/hal_gpio_v150.dir/v150/hal_gpio_v150_comm.c.obj
[  7%] Building C object kernel/osal/CMakeFiles/osal.dir/adapt/liteos/oal_onetrack.c.obj
Scanning dependencies of target hal_spi
[  7%] Built target non_os
[  7%] Building C object kernel/osal_adapt/CMakeFiles/osal_adapt.dir/src/osal_adapt_debug.c.obj
[  7%] Building C object kernel/osal/CMakeFiles/osal.dir/adapt/liteos/osal_cpp_adapt.c.obj
Scanning dependencies of target hal_tsensor
[  7%] Built target hal_pmp
[  7%] Building C object hal/dma/CMakeFiles/hal_dma_v151.dir/v151/hal_dmac_v151_regs_op.c.obj
[  7%] Building C object kernel/osal/CMakeFiles/osal.dir/src/liteos/osal_addr.c.obj
[  7%] Building C object application/samples/CMakeFiles/samples.dir/Dtu/service/protocol/dtu_protocol.c.obj
[  7%] Built target hal_pwm
[  8%] Building C object hal/spi/CMakeFiles/hal_spi.dir/hal_spi.c.obj
[ 10%] Building C object application/samples/CMakeFiles/samples.dir/Dtu/transport/dtu_channel_uart.c.obj
[ 10%] Building C object hal/tsensor/CMakeFiles/hal_tsensor.dir/hal_tsensor.c.obj
[ 10%] Building C object application/samples/CMakeFiles/samples.dir/Dtu/service/mode/dtu_mode_config.c.obj
[ 10%] Building C object application/samples/CMakeFiles/samples.dir/Dtu/service/storage/dtu_storage.c.obj
[ 10%] Linking C static library libhal_adc.a
Scanning dependencies of target hal_uart
Scanning dependencies of target pmp_cfg_ws63
[ 10%] Built target hal_efuse_v151
[ 10%] Building C object hal/spi/CMakeFiles/hal_spi.dir/v151/hal_spi_v151.c.obj
[ 10%] Linking C static library libosal_adapt.a
[ 10%] Linking C static library libws63_liteos_app.a
[ 10%] Building C object hal/tsensor/CMakeFiles/hal_tsensor.dir/v151/hal_tsensor_v151.c.obj
[ 10%] Linking C static library libhal_i2c.a
[ 10%] Building C object drivers/chips/ws63/porting/arch/CMakeFiles/pmp_cfg_ws63.dir/riscv/pmp_cfg.c.obj
[ 10%] Building C object hal/uart/CMakeFiles/hal_uart.dir/hal_uart.c.obj
Scanning dependencies of target wifi_csa
[ 11%] Linking C static library libhal_dma_v151.a
[ 12%] Linking C static library libhal_gpio_v150.a
[ 12%] Building C object hal/tsensor/CMakeFiles/hal_tsensor.dir/v151/hal_tsensor_v151_regs_op.c.obj
Scanning dependencies of target hal_sio
[ 12%] Building C object application/samples/CMakeFiles/samples.dir/Dtu/service/mode/dtu_mode_run.c.obj
[ 12%] Building C object kernel/osal/CMakeFiles/osal.dir/src/liteos/osal_atomic.c.obj
[ 12%] Building C object application/samples/CMakeFiles/samples.dir/Dtu/dtu_main.c.obj
Scanning dependencies of target chip_ws63
Scanning dependencies of target hal_security_unified
Scanning dependencies of target adc_port
[ 12%] Building C object kernel/osal/CMakeFiles/osal.dir/src/liteos/osal_cache.c.obj
[ 12%] Building C object hal/sio/CMakeFiles/hal_sio.dir/hal_sio.c.obj
[ 12%] Building C object kernel/osal/CMakeFiles/osal.dir/src/liteos/osal_barrier.c.obj
[ 13%] Building C object hal/uart/CMakeFiles/hal_uart.dir/v151/hal_uart_v151.c.obj
[ 13%] Built target hal_adc
[ 13%] Building C object protocol/wifi/CMakeFiles/wifi_csa.dir/source/host/feature/hmac_csa_ap.c.obj
Scanning dependencies of target gpio_port
[ 13%] Built target ws63_liteos_app
[ 13%] Building C object drivers/chips/ws63/CMakeFiles/chip_ws63.dir/arch/riscv/riscv31/interrupt.c.obj
[ 13%] Building C object hal/uart/CMakeFiles/hal_uart.dir/v151/hal_uart_v151_regs_op.c.obj
Scanning dependencies of target drv_security_unified
[ 13%] Built target osal_adapt
[ 13%] Built target hal_i2c
[ 13%] Building C object drivers/chips/ws63/porting/adc/CMakeFiles/adc_port.dir/adc_porting.c.obj
[ 13%] Building C object hal/spi/CMakeFiles/hal_spi.dir/v151/hal_spi_v151_regs_op.c.obj
[ 14%] Linking C static library libpmp_cfg_ws63.a
[ 14%] Built target hal_dma_v151
[ 15%] Building C object kernel/osal/CMakeFiles/osal.dir/src/liteos/osal_completion.c.obj
[ 15%] Building C object drivers/chips/ws63/porting/gpio/CMakeFiles/gpio_port.dir/gpio_porting.c.obj
[ 15%] Linking C static library libhal_tsensor.a
[ 15%] Building C object hal/sio/CMakeFiles/hal_sio.dir/hal_sio_v151/hal_sio_v151.c.obj
[ 15%] Building C object protocol/wifi/CMakeFiles/wifi_csa.dir/source/host/feature/hmac_csa_sta.c.obj
[ 15%] Building C object kernel/osal/CMakeFiles/osal.dir/src/liteos/osal_debug.c.obj
[ 15%] Building C object hal/security_unified/CMakeFiles/hal_security_unified.dir/crypto_osal/cfbb/os/crypto_osal_lib.c.obj
[ 15%] Built target hal_gpio_v150
[ 15%] Building C object hal/sio/CMakeFiles/hal_sio.dir/hal_sio_v151/hal_sio_v151_regs_op.c.obj
[ 15%] Building C object kernel/osal/CMakeFiles/osal.dir/src/liteos/osal_drvbox.c.obj
[ 15%] Building C object drivers/chips/ws63/CMakeFiles/chip_ws63.dir/arch/riscv/riscv31/interrupt_handler.c.obj
[ 16%] Building ASM object drivers/chips/ws63/CMakeFiles/chip_ws63.dir/arch/riscv/riscv31/vectors.s.obj
Scanning dependencies of target liteos_port
[ 16%] Building C object hal/security_unified/CMakeFiles/hal_security_unified.dir/crypto_osal/cfbb/crypto_security.c.obj
[ 16%] Linking C static library libhal_spi.a
Scanning dependencies of target pwm_port
[ 16%] Building C object kernel/osal/CMakeFiles/osal.dir/src/liteos/osal_event.c.obj
Scanning dependencies of target pmp_port
[ 16%] Building C object drivers/chips/ws63/CMakeFiles/chip_ws63.dir/arch/riscv/riscv31/flash_patch.c.obj
[ 17%] Building C object drivers/chips/ws63/porting/liteos/CMakeFiles/liteos_port.dir/riscv31/idle_config.c.obj
[ 17%] Linking C static library libhal_uart.a
[ 19%] Building C object driver/security_unified/CMakeFiles/drv_security_unified.dir/drv_cipher/drv_code/drv_symc_mac_hard.c.obj
[ 19%] Linking C static library libhal_sio.a
[ 19%] Building C object driver/security_unified/CMakeFiles/drv_security_unified.dir/drv_cipher/drv_code/drv_symc.c.obj
[ 19%] Building C object kernel/osal/CMakeFiles/osal.dir/src/liteos/osal_fileops.c.obj
[ 19%] Built target pmp_cfg_ws63
[ 19%] Building C object drivers/chips/ws63/porting/pwm/CMakeFiles/pwm_port.dir/pwm_porting.c.obj
[ 19%] Building C object drivers/chips/ws63/CMakeFiles/chip_ws63.dir/interrupt/interrupt_adapter.c.obj
[ 19%] Building C object drivers/chips/ws63/porting/pmp/CMakeFiles/pmp_port.dir/pmp_porting.c.obj
[ 19%] Built target hal_tsensor
[ 19%] Linking C static library libgpio_port.a
[ 19%] Linking C static library libadc_port.a
[ 19%] Building C object hal/security_unified/CMakeFiles/hal_security_unified.dir/hal_cipher/pke/alg/drv_common_pke.c.obj
[ 19%] Building C object drivers/chips/ws63/porting/liteos/CMakeFiles/liteos_port.dir/riscv31/tick_timer.c.obj
[ 19%] Building C object hal/security_unified/CMakeFiles/hal_security_unified.dir/hal_cipher/pke/arch/ecc_data_ram_addr.c.obj
[ 19%] Building C object hal/security_unified/CMakeFiles/hal_security_unified.dir/hal_cipher/pke/alg/ecc_ec_fp_sign_verify_common.c.obj
[ 19%] Building C object drivers/chips/ws63/porting/liteos/CMakeFiles/liteos_port.dir/riscv31/memory_info.c.obj
[ 19%] Building C object hal/security_unified/CMakeFiles/hal_security_unified.dir/hal_cipher/pke/arch/rom_lib.c.obj
[ 19%] Building C object driver/security_unified/CMakeFiles/drv_security_unified.dir/drv_cipher/drv_code/crypto_drv_common.c.obj
[ 19%] Built target hal_spi
[ 19%] Building C object kernel/osal/CMakeFiles/osal.dir/src/liteos/osal_interrupt.c.obj
[ 19%] Building C object drivers/chips/ws63/CMakeFiles/chip_ws63.dir/vectors/vectors.c.obj
Scanning dependencies of target i2c_porting
[ 19%] Linking C static library libpmp_port.a
Scanning dependencies of target dma_port
[ 19%] Building C object kernel/osal/CMakeFiles/osal.dir/src/liteos/osal_math.c.obj
[ 19%] Built target hal_uart
[ 19%] Linking C static library libpwm_port.a
Scanning dependencies of target sfc_flash_config_ws63
Scanning dependencies of target uart_port
[ 19%] Building C object kernel/osal/CMakeFiles/osal.dir/src/liteos/osal_msgqueue.c.obj
[ 19%] Built target adc_port
[ 19%] Built target hal_sio
[ 19%] Building C object driver/security_unified/CMakeFiles/drv_security_unified.dir/drv_cipher/drv_code/drv_hash.c.obj
[ 19%] Building C object drivers/chips/ws63/porting/i2c/CMakeFiles/i2c_porting.dir/i2c_porting.c.obj
[ 19%] Building C object kernel/osal/CMakeFiles/osal.dir/src/liteos/osal_mutex.c.obj
[ 19%] Building C object drivers/chips/ws63/porting/sfc/flash_config/CMakeFiles/sfc_flash_config_ws63.dir/flash_config_info.c.obj
Scanning dependencies of target coap
[ 19%] Building C object hal/security_unified/CMakeFiles/hal_security_unified.dir/hal_cipher/pke/hal_pke.c.obj
[ 19%] Built target gpio_port
[ 19%] Building C object drivers/chips/ws63/porting/dma/CMakeFiles/dma_port.dir/dma_porting.c.obj
[ 20%] Building C object kernel/osal/CMakeFiles/osal.dir/src/liteos/osal_semaphore.c.obj
[ 20%] Building C object drivers/chips/ws63/CMakeFiles/chip_ws63.dir/interrupt/interrupt_os_adapter.c.obj
[ 20%] Building C object drivers/chips/ws63/porting/uart/CMakeFiles/uart_port.dir/uart_porting.c.obj
[ 20%] Building C object drivers/chips/ws63/CMakeFiles/chip_ws63.dir/arch/riscv/riscv31/oam_trace.c.obj
[ 20%] Building C object driver/security_unified/CMakeFiles/drv_security_unified.dir/drv_cipher/drv_code/drv_pbkdf2_hard.c.obj
Scanning dependencies of target tsensor_port
[ 20%] Building C object driver/security_unified/CMakeFiles/drv_security_unified.dir/drv_cipher/drv_code/drv_trng.c.obj
[ 20%] Built target pmp_port
[ 20%] Building C object kernel/osal/CMakeFiles/osal.dir/src/liteos/osal_spinlock.c.obj
[ 20%] Building C object hal/security_unified/CMakeFiles/hal_security_unified.dir/hal_cipher/spacc/hal_hash.c.obj
[ 20%] Linking C static library libliteos_port.a
[ 20%] Building C object driver/security_unified/CMakeFiles/drv_security_unified.dir/drv_fapc/drv_fapc.c.obj
[ 20%] Built target pwm_port
[ 20%] Building C object drivers/chips/ws63/porting/tsensor/CMakeFiles/tsensor_port.dir/tsensor_porting.c.obj
Scanning dependencies of target spi_porting
[ 20%] Building C object CMakeFiles/coap.dir/open_source/libcoap/libcoap/src/coap_block.c.obj
[ 21%] Building C object hal/security_unified/CMakeFiles/hal_security_unified.dir/hal_cipher/spacc/hal_symc.c.obj
Scanning dependencies of target sfc_port_ws63
Scanning dependencies of target efuse_port
[ 21%] Linking C static library libsfc_flash_config_ws63.a
[ 21%] Linking C static library libi2c_porting.a
[ 21%] Linking C static library libdma_port.a
[ 21%] Linking C static library libsamples.a
[ 21%] Building C object kernel/osal/CMakeFiles/osal.dir/src/liteos/osal_task.c.obj
[ 21%] Building C object kernel/osal/CMakeFiles/osal.dir/src/liteos/osal_string.c.obj
[ 21%] Building C object drivers/chips/ws63/porting/spi/CMakeFiles/spi_porting.dir/spi_porting.c.obj
[ 21%] Building C object kernel/osal/CMakeFiles/osal.dir/src/liteos/osal_timer.c.obj
[ 21%] Building C object CMakeFiles/coap.dir/open_source/libcoap/libcoap/src/coap_hashkey.c.obj
[ 21%] Building C object driver/security_unified/CMakeFiles/drv_security_unified.dir/drv_km/drv_keyslot.c.obj
[ 21%] Building C object hal/security_unified/CMakeFiles/hal_security_unified.dir/hal_cipher/trng/hal_trng.c.obj
Scanning dependencies of target sio_port
[ 21%] Building C object drivers/chips/ws63/porting/sfc/porting/CMakeFiles/sfc_port_ws63.dir/sfc_protect.c.obj
[ 21%] Linking C static library libtsensor_port.a
[ 22%] Building C object drivers/chips/ws63/porting/efuse/CMakeFiles/efuse_port.dir/efuse_porting.c.obj
[ 22%] Built target liteos_port
[ 22%] Building C object drivers/chips/ws63/porting/sfc/porting/CMakeFiles/sfc_port_ws63.dir/sfc_porting.c.obj
[ 22%] Linking C static library libchip_ws63.a
[ 23%] Linking C static library libuart_port.a
[ 23%] Building C object CMakeFiles/coap.dir/open_source/libcoap/libcoap/src/coap_io_lwip.c.obj
[ 23%] Building C object CMakeFiles/coap.dir/open_source/libcoap/libcoap/src/coap_session.c.obj
[ 23%] Building C object drivers/chips/ws63/porting/sio/CMakeFiles/sio_port.dir/sio_porting.c.obj
[ 24%] Building C object drivers/chips/ws63/porting/sfc/porting/CMakeFiles/sfc_port_ws63.dir/sfc_protect_gd25q32.c.obj
Scanning dependencies of target reboot_port
[ 24%] Building C object kernel/osal/CMakeFiles/osal.dir/src/liteos/osal_wait.c.obj
[ 24%] Building C object CMakeFiles/coap.dir/open_source/libcoap/libcoap/src/coap_encode.c.obj
[ 24%] Building C object kernel/osal/CMakeFiles/osal.dir/src/liteos/osal_workqueue.c.obj
[ 24%] Building C object driver/security_unified/CMakeFiles/drv_security_unified.dir/drv_km/drv_klad.c.obj
[ 24%] Building C object hal/security_unified/CMakeFiles/hal_security_unified.dir/hal_fapc/hal_fapc.c.obj
[ 24%] Built target i2c_porting
[ 24%] Linking C static library ../../../../../../interim_binary/ws63/libs/wifi/ws63-liteos-app/libwifi_csa.a
[ 24%] Built target sfc_flash_config_ws63
[ 24%] Built target dma_port
[ 24%] Building C object hal/security_unified/CMakeFiles/hal_security_unified.dir/hal_km/hal_rkp.c.obj
[ 24%] Built target samples
[ 25%] Building C object drivers/chips/ws63/porting/reboot/CMakeFiles/reboot_port.dir/reboot_porting.c.obj
[ 25%] Linking C static library libspi_porting.a
[ 25%] Built target tsensor_port
[ 25%] Building C object hal/security_unified/CMakeFiles/hal_security_unified.dir/hal_km/hal_keyslot.c.obj
[ 25%] Building C object CMakeFiles/coap.dir/open_source/libcoap/libcoap/src/coap_net.c.obj
[ 25%] Linking C static library libefuse_port.a
[ 25%] Building C object CMakeFiles/coap.dir/open_source/libcoap/libcoap/src/coap_option.c.obj
[ 25%] Built target uart_port
[ 25%] Building C object CMakeFiles/coap.dir/open_source/libcoap/libcoap/src/coap_pdu.c.obj
[ 25%] Linking C static library libsfc_port_ws63.a
[ 25%] Building C object driver/security_unified/CMakeFiles/drv_security_unified.dir/init/cfbb/crypto_curve_param.c.obj
Scanning dependencies of target soc_port
[ 26%] Building C object CMakeFiles/coap.dir/open_source/libcoap/libcoap/src/coap_resource.c.obj
[ 25%] Building C object hal/security_unified/CMakeFiles/hal_security_unified.dir/hal_km/hal_klad.c.obj
[ 28%] Building C object driver/security_unified/CMakeFiles/drv_security_unified.dir/drv_cipher/drv_pke_v5/drv_pke_ecdsa.c.obj
[ 28%] Built target chip_ws63
[ 28%] Linking C static library libsio_port.a
[ 28%] Building C object drivers/chips/ws63/porting/soc/CMakeFiles/soc_port.dir/soc_porting.c.obj
Scanning dependencies of target xo_trim_port
Scanning dependencies of target dyn_mem
Scanning dependencies of target version_port
[ 28%] Building C object driver/security_unified/CMakeFiles/drv_security_unified.dir/drv_pke_weak_func.c.obj
[ 28%] Built target wifi_csa
[ 28%] Built target spi_porting
[ 28%] Building C object hal/security_unified/CMakeFiles/hal_security_unified.dir/hal_cipher/pke/alg/rsa.c.obj
[ 28%] Building C object hal/security_unified/CMakeFiles/hal_security_unified.dir/hal_cipher/pke/arch/rsa_data_ram_addr.c.obj
[ 28%] Building C object CMakeFiles/coap.dir/open_source/libcoap/libcoap/src/coap_str.c.obj
Scanning dependencies of target pm_port_ws63
[ 28%] Linking C static library libreboot_port.a
[ 28%] Linking C static library libosal.a
[ 28%] Building C object drivers/chips/ws63/porting/version/CMakeFiles/version_port.dir/version_porting.c.obj
[ 28%] Building C object drivers/chips/ws63/porting/xo_trim/CMakeFiles/xo_trim_port.dir/xo_trim_porting.c.obj
[ 28%] Built target efuse_port
[ 28%] Building C object hal/security_unified/CMakeFiles/hal_security_unified.dir/hal_cipher/pke/alg/sm2_ec_fp_sign_verify.c.obj
[ 28%] Building C object drivers/chips/ws63/dyn_mem/CMakeFiles/dyn_mem.dir/dyn_mem.c.obj
[ 28%] Built target sfc_port_ws63
[ 29%] Building C object hal/security_unified/CMakeFiles/hal_security_unified.dir/hal_cipher/pke/alg/ecc_ec_fp_sign_common.c.obj
[ 29%] Building C object driver/security_unified/CMakeFiles/drv_security_unified.dir/kapi/source/kapi_hash.c.obj
[ 29%] Building C object driver/security_unified/CMakeFiles/drv_security_unified.dir/kapi/source/kapi_hash_simple.c.obj
[ 29%] Building C object drivers/chips/ws63/porting/pm/CMakeFiles/pm_port_ws63.dir/pm_porting.c.obj
[ 29%] Building C object driver/security_unified/CMakeFiles/drv_security_unified.dir/kapi/source/kapi_init.c.obj
[ 29%] Building C object CMakeFiles/coap.dir/open_source/libcoap/libcoap/src/coap_subscribe.c.obj
[ 29%] Building C object driver/security_unified/CMakeFiles/drv_security_unified.dir/kapi/source/kapi_pke.c.obj
[ 29%] Linking C static library libsoc_port.a
Scanning dependencies of target partition_ws63
[ 29%] Built target sio_port
[ 29%] Building C object hal/security_unified/CMakeFiles/hal_security_unified.dir/hal_cipher/pke/alg/ecc_ec_fp_verify_common.c.obj
[ 29%] Building C object hal/security_unified/CMakeFiles/hal_security_unified.dir/hal_cipher/pke/alg/ecc_ec_fp_sign.c.obj
[ 29%] Building C object CMakeFiles/coap.dir/open_source/libcoap/libcoap/src/coap_uri.c.obj
[ 29%] Built target reboot_port
[ 29%] Building C object CMakeFiles/coap.dir/open_source/libcoap/libcoap/src/coap_debug.c.obj
Scanning dependencies of target dfx_exception
[ 29%] Building C object driver/security_unified/CMakeFiles/drv_security_unified.dir/kapi/source/kapi_symc.c.obj
[ 29%] Building C object CMakeFiles/coap.dir/open_source/libcoap/libcoap/src/coap_io.c.obj
[ 29%] Built target osal
[ 30%] Linking C static library libxo_trim_port.a
[ 30%] Building C object middleware/chips/ws63/partition/CMakeFiles/partition_ws63.dir/partition_porting.c.obj
[ 30%] Building C object hal/security_unified/CMakeFiles/hal_security_unified.dir/hal_cipher/pke/alg/ecc_ec_fp_verify.c.obj
[ 30%] Linking C static library libdyn_mem.a
[ 30%] Linking C static library libversion_port.a
[ 30%] Building C object driver/security_unified/CMakeFiles/drv_security_unified.dir/kapi/source/kapi_trng.c.obj
[ 30%] Building ASM object middleware/chips/ws63/exception/CMakeFiles/dfx_exception.dir/exception_riscv.s.obj
/home/sueiny/fbb_ws63/src/open_source/libcoap/libcoap/src/coap_net.c: In function ‘coap_send_internal’:
/home/sueiny/fbb_ws63/src/open_source/libcoap/libcoap/src/coap_net.c:1512:7: warning: jump skips variable initialization [-Wjump-misses-init]
       goto error;
       ^~~~
/home/sueiny/fbb_ws63/src/open_source/libcoap/libcoap/src/coap_net.c:1617:1: note: label ‘error’ defined here
 error:
 ^~~~~
/home/sueiny/fbb_ws63/src/open_source/libcoap/libcoap/src/coap_net.c:1605:17: note: ‘node’ declared here
   coap_queue_t *node = coap_new_node();
                 ^~~~
/home/sueiny/fbb_ws63/src/open_source/libcoap/libcoap/src/coap_net.c:1525:5: warning: jump skips variable initialization [-Wjump-misses-init]
     goto error;
     ^~~~
/home/sueiny/fbb_ws63/src/open_source/libcoap/libcoap/src/coap_net.c:1617:1: note: label ‘error’ defined here
 error:
 ^~~~~
/home/sueiny/fbb_ws63/src/open_source/libcoap/libcoap/src/coap_net.c:1605:17: note: ‘node’ declared here
   coap_queue_t *node = coap_new_node();
                 ^~~~
/home/sueiny/fbb_ws63/src/open_source/libcoap/libcoap/src/coap_net.c:1582:5: warning: jump skips variable initialization [-Wjump-misses-init]
     goto error;
     ^~~~
/home/sueiny/fbb_ws63/src/open_source/libcoap/libcoap/src/coap_net.c:1617:1: note: label ‘error’ defined here
 error:
 ^~~~~
/home/sueiny/fbb_ws63/src/open_source/libcoap/libcoap/src/coap_net.c:1605:17: note: ‘node’ declared here
   coap_queue_t *node = coap_new_node();
                 ^~~~
[ 30%] Building C object CMakeFiles/coap.dir/open_source/libcoap/libcoap/src/coap_address.c.obj
[ 30%] Building C object middleware/chips/ws63/exception/CMakeFiles/dfx_exception.dir/exception_riscv.c.obj
[ 31%] Linking C static library libpartition_ws63.a
[ 31%] Built target soc_port
[ 31%] Building C object driver/security_unified/CMakeFiles/drv_security_unified.dir/kapi/source/kapi_km.c.obj
Scanning dependencies of target update_ab_ws63
[ 31%] Building C object CMakeFiles/coap.dir/open_source/libcoap/libcoap/src/coap_cache.c.obj
[ 31%] Built target xo_trim_port
Scanning dependencies of target update_storage_ws63
[ 31%] Built target dyn_mem
[ 31%] Building C object CMakeFiles/coap.dir/open_source/libcoap/libcoap/src/coap_netif.c.obj
[ 31%] Linking C static library libpm_port_ws63.a
[ 32%] Building C object driver/security_unified/CMakeFiles/drv_security_unified.dir/service_layer/sl_common.c.obj
Scanning dependencies of target nv_ws63
Scanning dependencies of target app_init
[ 32%] Built target version_port
Scanning dependencies of target nv_zdiag_ws63
[ 32%] Building C object middleware/chips/ws63/update/storage/CMakeFiles/update_storage_ws63.dir/upg_backup.c.obj
[ 32%] Linking C static library libhal_security_unified.a
[ 32%] Building C object driver/security_unified/CMakeFiles/drv_security_unified.dir/service_layer/trng.c.obj
[ 32%] Building C object middleware/chips/ws63/update/ab_upg/CMakeFiles/update_ab_ws63.dir/upg_ab.c.obj
[ 32%] Building C object middleware/chips/ws63/nv/nv_porting/CMakeFiles/nv_ws63.dir/nv_flash.c.obj
Scanning dependencies of target update_common_ws63
[ 32%] Building C object utils/app_init/CMakeFiles/app_init.dir/app_init.c.obj
[ 33%] Building C object CMakeFiles/coap.dir/open_source/libcoap/libcoap/src/coap_dtls.c.obj
Scanning dependencies of target factory_ws63
Scanning dependencies of target mac_addr_ws63
[ 34%] Building C object middleware/chips/ws63/nv/nv_zdiag/CMakeFiles/nv_zdiag_ws63.dir/nv_adapt_zdiag.c.obj
Scanning dependencies of target algorithm
Scanning dependencies of target dfx_port_ws63
[ 34%] Built target pm_port_ws63
[ 34%] Building C object middleware/chips/ws63/update/common/CMakeFiles/update_common_ws63.dir/upg_common_porting.c.obj
[ 34%] Building C object middleware/chips/ws63/factory/CMakeFiles/factory_ws63.dir/factory.c.obj
[ 34%] Building C object CMakeFiles/coap.dir/open_source/libcoap/libcoap/src/coap_tcp.c.obj
[ 34%] Built target partition_ws63
[ 34%] Building C object driver/security_unified/CMakeFiles/drv_security_unified.dir/service_layer/cipher.c.obj
[ 34%] Building C object CMakeFiles/coap.dir/open_source/libcoap/libcoap/src/coap_ws.c.obj
[ 34%] Building C object driver/security_unified/CMakeFiles/drv_security_unified.dir/service_layer/pke.c.obj
[ 34%] Building C object driver/security_unified/CMakeFiles/drv_security_unified.dir/service_layer/km.c.obj
[ 34%] Linking C static library libapp_init.a
[ 34%] Linking C static library libdfx_exception.a
[ 34%] Building C object middleware/chips/ws63/mac_addr/CMakeFiles/mac_addr_ws63.dir/mac_addr.c.obj
[ 34%] Building C object utils/algorithm/CMakeFiles/algorithm.dir/crc/uapi_crc16.c.obj
[ 34%] Building C object middleware/chips/ws63/dfx/CMakeFiles/dfx_port_ws63.dir/dfx_channel.c.obj
[ 34%] Built target hal_security_unified
[ 34%] Building C object driver/security_unified/CMakeFiles/drv_security_unified.dir/service_layer/security_init.c.obj
[ 34%] Linking C static library libnv_ws63.a
[ 34%] Linking C static library libupdate_ab_ws63.a
[ 34%] Linking C static library libupdate_storage_ws63.a
[ 34%] Building C object CMakeFiles/coap.dir/open_source/libcoap/libcoap/src/coap_layers.c.obj
Scanning dependencies of target plt_at
[ 34%] Building C object middleware/chips/ws63/dfx/CMakeFiles/dfx_port_ws63.dir/dfx_system_init.c.obj
Scanning dependencies of target at
[ 34%] Building C object utils/algorithm/CMakeFiles/algorithm.dir/crc/uapi_crc32.c.obj
[ 34%] Building C object utils/at/at_plt_cmd/CMakeFiles/plt_at.dir/at/at_plt.c.obj
[ 34%] Linking C static library libupdate_common_ws63.a
[ 34%] Linking C static library libfactory_ws63.a
[ 34%] Building C object driver/security_unified/CMakeFiles/drv_security_unified.dir/init/cfbb/os/crypto_drv_init.c.obj
[ 34%] Building C object driver/security_unified/CMakeFiles/drv_security_unified.dir/service_layer/security_sha256.c.obj
[ 34%] Built target app_init
[ 34%] Building C object utils/algorithm/CMakeFiles/algorithm.dir/sha256/sha256.c.obj
[ 34%] Linking C static library libmac_addr_ws63.a
[ 34%] Building C object CMakeFiles/coap.dir/open_source/libcoap/libcoap/src/coap_notls.c.obj
Scanning dependencies of target wifi_service
[ 34%] Building C object utils/at/at/CMakeFiles/at.dir/src/at_cmd.c.obj
[ 34%] Linking C static library libnv_zdiag_ws63.a
[ 34%] Built target dfx_exception
[ 34%] Built target update_ab_ws63
[ 34%] Building C object CMakeFiles/coap.dir/open_source/libcoap/libcoap/src/coap_async.c.obj
[ 34%] Building C object utils/at/at/CMakeFiles/at.dir/src/at_msg.c.obj
[ 35%] Building C object driver/security_unified/CMakeFiles/drv_security_unified.dir/drv_cipher/drv_pke_v5/drv_pke_ecc_cal.c.obj
[ 35%] Building C object driver/security_unified/CMakeFiles/drv_security_unified.dir/init/cfbb/os/crypto_drv_irq.c.obj
[ 35%] Built target nv_ws63
Scanning dependencies of target dfx_log_reader
[ 35%] Built target update_storage_ws63
[ 35%] Building C object driver/security_unified/CMakeFiles/drv_security_unified.dir/kapi/source/kapi_pke_ecc_cal.c.obj
[ 35%] Building C object utils/at/at_plt_cmd/CMakeFiles/plt_at.dir/src/at_plt_cmd_register.c.obj
[ 35%] Built target update_common_ws63
Scanning dependencies of target tiot_driver
[ 35%] Built target factory_ws63
[ 35%] Building C object services/wifi_service/service/CMakeFiles/wifi_service.dir/soc_wifi_service_api.c.obj
[ 35%] Building C object driver/security_unified/CMakeFiles/drv_security_unified.dir/drv_cipher/drv_pke_v5/drv_pke_cal.c.obj
[ 35%] Building C object utils/at/at/CMakeFiles/at.dir/src/at_parse.c.obj
[ 35%] Building C object utils/algorithm/CMakeFiles/algorithm.dir/sec_random/sec_random.c.obj
[ 35%] Built target mac_addr_ws63
[ 35%] Building C object middleware/chips/ws63/dfx/CMakeFiles/dfx_port_ws63.dir/diag_adapt_cmd_mem.c.obj
[ 37%] Building C object middleware/chips/ws63/dfx/CMakeFiles/dfx_port_ws63.dir/last_dump_adapt.c.obj
[ 37%] Building C object utils/dfx/CMakeFiles/dfx_log_reader.dir/log_reader/log_uart.c.obj
[ 37%] Building C object middleware/chips/ws63/dfx/CMakeFiles/dfx_port_ws63.dir/sample_data_adapt.c.obj
Scanning dependencies of target dfx_printer
Scanning dependencies of target wifi_at
[ 37%] Building C object driver/security_unified/CMakeFiles/drv_security_unified.dir/drv_cipher/drv_pke_v5/drv_pke_rsa.c.obj
[ 37%] Built target nv_zdiag_ws63
Scanning dependencies of target dfx_preserve
[ 37%] Building C object services/srv_tiot_host/CMakeFiles/tiot_driver.dir/tiot_driver/device/w33/w33_dev_customize.c.obj
[ 38%] Building C object utils/algorithm/CMakeFiles/algorithm.dir/cstl/cstl_hash.c.obj
Scanning dependencies of target soc_log
[ 38%] Building C object utils/at/at/CMakeFiles/at.dir/src/at_report.c.obj
[ 39%] Building C object utils/at/at/CMakeFiles/at.dir/src/at_channel.c.obj
[ 39%] Building C object utils/algorithm/CMakeFiles/algorithm.dir/cstl/cstl_rawlist.c.obj
[ 40%] Building C object utils/dfx/CMakeFiles/dfx_printer.dir/dfx_print/dfx_print.c.obj
[ 40%] Building C object utils/at/at/CMakeFiles/at.dir/src/at_process.c.obj
[ 40%] Building C object middleware/chips/ws63/dfx/CMakeFiles/dfx_port_ws63.dir/diag_adapt_sdt.c.obj
[ 40%] Linking C static library libplt_at.a
[ 40%] Building C object driver/security_unified/CMakeFiles/drv_security_unified.dir/drv_cipher/drv_pke_v5/ecc/drv_pke_ecc_sign.c.obj
[ 40%] Building C object utils/at/at_wifi_cmd/CMakeFiles/wifi_at.dir/at/at_ccpriv.c.obj
Scanning dependencies of target cpu_utils
[ 40%] Building C object utils/at/at/CMakeFiles/at.dir/src/at_base.c.obj
[ 40%] Building C object utils/dfx/CMakeFiles/dfx_preserve.dir/preserve/private/crash_data.c.obj
[ 40%] Building C object utils/algorithm/CMakeFiles/algorithm.dir/cstl/cstl_public.c.obj
[ 40%] Building C object middleware/chips/ws63/dfx/CMakeFiles/dfx_port_ws63.dir/diag_adapt_psd.c.obj
[ 40%] Building C object utils/dfx/CMakeFiles/dfx_preserve.dir/preserve/private/preserve.c.obj
Scanning dependencies of target dfx_panic
[ 40%] Building C object middleware/chips/ws63/dfx/CMakeFiles/dfx_port_ws63.dir/diag_sample_data.c.obj
[ 40%] Building C object services/srv_tiot_host/CMakeFiles/tiot_driver.dir/tiot_driver/device/w33/w33_device_info.c.obj
[ 40%] Building C object utils/dfx/CMakeFiles/soc_log.dir/soc_log/soc_log.c.obj
[ 40%] Building C object utils/dfx/dfx_reboot/cpu_utils/CMakeFiles/cpu_utils.dir/private/cpu_utils.c.obj
[ 40%] Linking C static library libdfx_log_reader.a
Scanning dependencies of target reboot
[ 40%] Building C object utils/dfx/CMakeFiles/dfx_panic.dir/panic/private/panic.c.obj
Scanning dependencies of target log_file
[ 40%] Building C object utils/at/at/CMakeFiles/at.dir/src/at_notify.c.obj
[ 40%] Building C object utils/at/at_wifi_cmd/CMakeFiles/wifi_at.dir/at/at_mfg.c.obj
[ 40%] Building C object services/srv_tiot_host/CMakeFiles/tiot_driver.dir/tiot_driver/device/w33/w33_service.c.obj
[ 40%] Building C object utils/dfx/CMakeFiles/soc_log.dir/soc_log/soc_log_uart_instance.c.obj
[ 40%] Building C object driver/security_unified/CMakeFiles/drv_security_unified.dir/drv_cipher/drv_pke_v5/ecc/drv_pke_ecc_verify.c.obj
[ 40%] Linking C static library libdfx_printer.a
[ 40%] Building C object utils/dfx/CMakeFiles/dfx_panic.dir/panic/private/panic_rom.c.obj
[ 40%] Building C object services/srv_tiot_host/CMakeFiles/tiot_driver.dir/tiot_driver/common/controller/tiot_controller.c.obj
[ 40%] Building C object utils/at/at/CMakeFiles/at.dir/src/at_zdiag.c.obj
[ 40%] Building C object utils/dfx/dfx_reboot/reboot/CMakeFiles/reboot.dir/shared/non_os_reboot.c.obj
[ 40%] Building C object services/srv_tiot_host/CMakeFiles/tiot_driver.dir/tiot_driver/common/fw_load/tiot_firmware.c.obj
[ 40%] Linking C static library libcoap.a
[ 40%] Building C object utils/dfx/CMakeFiles/log_file.dir/log_file/log_file.c.obj
[ 40%] Built target plt_at
[ 40%] Building C object utils/at/at_wifi_cmd/CMakeFiles/wifi_at.dir/at/at_register.c.obj
[ 40%] Linking C static library libalgorithm.a
[ 41%] Building C object services/srv_tiot_host/CMakeFiles/tiot_driver.dir/tiot_driver/common/fw_load/cfg_handle_priv/tiot_cfg_handle_priv.c.obj
[ 41%] Linking C static library ../../../../../../../interim_binary/ws63/libs/wifi/ws63-liteos-app/libwifi_service.a
[ 42%] Building C object utils/at/at_wifi_cmd/CMakeFiles/wifi_at.dir/at/at_wifi.c.obj
[ 42%] Linking C static library libdfx_preserve.a
[ 42%] Building C object services/srv_tiot_host/CMakeFiles/tiot_driver.dir/tiot_driver/common/interface/board_interface/board_internal/tiot_board_xmit_ops.c.obj
[ 42%] Building C object utils/at/at_wifi_cmd/CMakeFiles/wifi_at.dir/at/at_utils.c.obj
[ 42%] Built target dfx_log_reader
[ 42%] Building C object driver/security_unified/CMakeFiles/drv_security_unified.dir/drv_cipher/drv_pke_v5/drv_pke_ecc_gen_key.c.obj
[ 42%] Building C object driver/security_unified/CMakeFiles/drv_security_unified.dir/drv_cipher/drv_pke_v5/drv_pke_ecc_ecdh.c.obj
[ 42%] Linking C static library libcpu_utils.a
Scanning dependencies of target partition
[ 42%] Linking C static library libdfx_port_ws63.a
[ 42%] Built target dfx_printer
[ 42%] Building C object driver/security_unified/CMakeFiles/drv_security_unified.dir/mbedtls_harden_adapt/mbedtls_harden_adapt.c.obj
[ 42%] Building C object utils/dfx/CMakeFiles/log_file.dir/log_file/log_file_file.c.obj
[ 42%] Linking C static library libsoc_log.a
[ 42%] Building C object services/srv_tiot_host/CMakeFiles/tiot_driver.dir/tiot_driver/common/interface/device_interface/tiot_service_interface.c.obj
[ 42%] Building C object services/srv_tiot_host/CMakeFiles/tiot_driver.dir/tiot_driver/common/pm/pm_default/tiot_pm_default.c.obj
[ 43%] Building C object driver/security_unified/CMakeFiles/drv_security_unified.dir/mbedtls_harden_adapt/ecp_harden_impl.c.obj
[ 43%] Built target algorithm
[ 43%] Linking C static library libreboot.a
[ 43%] Building C object utils/partition/CMakeFiles/partition.dir/partition.c.obj
[ 43%] Building C object utils/dfx/CMakeFiles/log_file.dir/log_file/log_file_flash.c.obj
[ 43%] Building C object services/srv_tiot_host/CMakeFiles/tiot_driver.dir/tiot_driver/common/pm/tiot_pm.c.obj
[ 43%] Building C object driver/security_unified/CMakeFiles/drv_security_unified.dir/mbedtls_harden_adapt/hash_harden_impl_long_term.c.obj
Scanning dependencies of target wpa_supplicant
[ 43%] Built target coap
Scanning dependencies of target diag_dfx_cmd
[ 43%] Linking C static library libdfx_panic.a
[ 43%] Building C object services/srv_tiot_host/CMakeFiles/tiot_driver.dir/tiot_driver/common/pm/tiot_pm_wakelock.c.obj
[ 43%] Building C object services/srv_tiot_host/CMakeFiles/tiot_driver.dir/tiot_driver/common/transfer/packet_handle/tiot_packet/tiot_packet_manager.c.obj
[ 43%] Linking C static library libat.a
[ 43%] Built target wifi_service
[ 43%] Building C object services/srv_tiot_host/CMakeFiles/tiot_driver.dir/tiot_driver/common/transfer/packet_handle/tiot_packet/tiot_packet.c.obj
[ 43%] Building C object utils/at/at_wifi_cmd/CMakeFiles/wifi_at.dir/src/at_cmd_register.c.obj
[ 43%] Built target dfx_preserve
[ 43%] Building C object utils/dfx/diag_dfx_cmd/CMakeFiles/diag_dfx_cmd.dir/diag_dfx_cmd_init.c.obj
[ 43%] Building C object utils/at/at_wifi_cmd/CMakeFiles/wifi_at.dir/at/at_sendtest.c.obj
[ 43%] Linking C static library libpartition.a
[ 43%] Building C object services/srv_tiot_host/CMakeFiles/tiot_driver.dir/tiot_driver/common/transfer/tiot_xfer.c.obj
[ 43%] Built target cpu_utils
[ 43%] Building C object driver/security_unified/CMakeFiles/drv_security_unified.dir/mbedtls_harden_adapt/aes_harden_impl_long_term.c.obj
[ 43%] Built target soc_log
[ 43%] Built target dfx_port_ws63
[ 43%] Built target reboot
[ 43%] Building C object services/srv_tiot_host/CMakeFiles/tiot_driver.dir/tiot_driver/common/sys_msg_handler/tiot_sys_msg_handle.c.obj
[ 43%] Building C object services/srv_tiot_host/CMakeFiles/tiot_driver.dir/tiot_driver/common/utils/circ_queue/tiot_circ_queue.c.obj
[ 44%] Building C object services/srv_tiot_host/CMakeFiles/tiot_driver.dir/tiot_driver/common/transfer/tiot_xfer_utils.c.obj
Scanning dependencies of target mips
Scanning dependencies of target dfx_diag
[ 44%] Building C object services/srv_tiot_host/CMakeFiles/tiot_driver.dir/tiot_driver/common/utils/fileops/tiot_fileops.c.obj
Scanning dependencies of target dfx_log
[ 44%] Built target at
[ 44%] Built target dfx_panic
[ 44%] Building C object services/srv_tiot_host/CMakeFiles/tiot_driver.dir/tiot_driver/common/utils/misc/tiot_misc.c.obj
[ 44%] Building C object utils/mips/CMakeFiles/mips.dir/private/mips.c.obj
[ 44%] Built target partition
[ 44%] Building C object services/srv_tiot_host/CMakeFiles/tiot_driver.dir/tiot_driver/product_porting/common/w33_board_port.c.obj
[ 44%] Linking C static library liblog_file.a
Scanning dependencies of target nv
[ 44%] Building C object CMakeFiles/wpa_supplicant.dir/open_source/wpa_supplicant/wpa_supplicant/bss.c.obj
[ 44%] Linking C static library libdiag_dfx_cmd.a
[ 44%] Building C object services/srv_tiot_host/CMakeFiles/tiot_driver.dir/tiot_driver/product_porting/common/tiot_board_uart_port.c.obj
[ 44%] Building C object CMakeFiles/wpa_supplicant.dir/open_source/wpa_supplicant/wpa_supplicant/config.c.obj
[ 44%] Building C object services/srv_tiot_host/CMakeFiles/tiot_driver.dir/tiot_driver/product_porting/common/tiot_board_pin_port.c.obj
[ 46%] Building C object utils/dfx/CMakeFiles/dfx_diag.dir/zdiag/romable/diag_oam_log.c.obj
Scanning dependencies of target update_common
Scanning dependencies of target nv_config_ws63
Scanning dependencies of target update_storage
[ 46%] Linking C static library libdrv_security_unified.a
[ 46%] Building C object utils/dfx/CMakeFiles/dfx_log.dir/log/log.c.obj
Scanning dependencies of target cjson
[ 46%] Building C object utils/dfx/CMakeFiles/dfx_diag.dir/zdiag/romable/diag_rom_api.c.obj
[ 46%] Building C object services/srv_tiot_host/CMakeFiles/tiot_driver.dir/tiot_driver/product_porting/common/tiot_board_misc_port.c.obj
[ 47%] Building C object services/srv_tiot_host/CMakeFiles/tiot_driver.dir/tiot_driver/product_porting/ws63_w33_evb/firmware/w33_fw_file_array.c.obj
[ 47%] Linking C static library libmips.a
[ 47%] Building C object utils/dfx/CMakeFiles/dfx_diag.dir/zdiag/zdiag_channel.c.obj
[ 47%] Building C object utils/nv/CMakeFiles/nv.dir/nv_storage_app/soc_nv_storage_handle.c.obj
Scanning dependencies of target mbedtls
[ 47%] Building C object CMakeFiles/wpa_supplicant.dir/open_source/wpa_supplicant/wpa_supplicant/ctrl_iface.c.obj
[ 47%] Building C object open_source/cjson/CMakeFiles/cjson.dir/cjson/cJSON.c.obj
[ 48%] Building C object utils/update/storage/CMakeFiles/update_storage.dir/upg_storage.c.obj
[ 48%] Building C object utils/update/common/CMakeFiles/update_common.dir/upg_alloc.c.obj
[ 48%] Generating NV_SRC
[ 48%] Built target log_file
[ 48%] Building C object open_source/cjson/CMakeFiles/cjson.dir/cjson/cJSON_Utils.c.obj
[ 48%] Building C object utils/nv/CMakeFiles/nv.dir/nv_storage_app/soc_nv_storage.c.obj
[ 48%] Building C object utils/dfx/CMakeFiles/dfx_log.dir/log/log_oam_mem_query.c.obj
[ 49%] Building C object utils/dfx/CMakeFiles/dfx_log.dir/log/log_oam_logger.c.obj
[ 49%] Linking C static library libwifi_at.a
[ 49%] Built target diag_dfx_cmd
[ 49%] Building C object utils/dfx/CMakeFiles/dfx_log.dir/log/log_oam_ota.c.obj
[ 49%] Building C object CMakeFiles/wpa_supplicant.dir/open_source/wpa_supplicant/wpa_supplicant/eap_register.c.obj
[ 49%] Building C object utils/update/common/CMakeFiles/update_common.dir/upg_common.c.obj
[ 49%] Building C object utils/update/common/CMakeFiles/update_common.dir/upg_verify.c.obj
[ 49%] Linking C static library libtiot_driver.a
[ 49%] Building C object utils/nv/CMakeFiles/nv.dir/nv_storage_lib/nv_key.c.obj
[ 49%] Built target drv_security_unified
[ 49%] Built target mips
[ 49%] Building C object utils/nv/CMakeFiles/nv.dir/nv_storage_lib/nv_notify.c.obj
[ 49%] Building C object utils/dfx/CMakeFiles/dfx_diag.dir/zdiag/zdiag_cmd_dst.c.obj
[ 49%] Building C object utils/nv/CMakeFiles/nv.dir/nv_storage_lib/nv_page.c.obj
[ 49%] Building C object utils/dfx/CMakeFiles/dfx_diag.dir/zdiag/zdiag_cmd_src.c.obj
[ 49%] Building C object utils/nv/CMakeFiles/nv.dir/nv_storage_lib/nv_nvregion.c.obj
[ 49%] Building C object CMakeFiles/wpa_supplicant.dir/open_source/wpa_supplicant/wpa_supplicant/events.c.obj
[ 49%] Built target nv_config_ws63
[ 49%] Linking C static library libupdate_storage.a
[ 50%] Linking C static library ../../../../../../interim_binary/ws63/libs/wifi/ws63-liteos-app/libcjson.a
[ 50%] Building C object utils/dfx/CMakeFiles/dfx_log.dir/log/log_oam_pcm.c.obj
[ 50%] Building C object CMakeFiles/mbedtls.dir/open_source/mbedtls/mbedtls_v3.1.0/library/aes.c.obj
[ 50%] Building C object utils/nv/CMakeFiles/nv.dir/nv_storage_lib/nv_reset.c.obj
[ 50%] Building C object utils/dfx/CMakeFiles/dfx_log.dir/log/log_oam_reg_query.c.obj
[ 50%] Built target wifi_at
[ 50%] Building C object CMakeFiles/wpa_supplicant.dir/open_source/wpa_supplicant/wpa_supplicant/scan.c.obj
[ 50%] Building C object utils/dfx/CMakeFiles/dfx_log.dir/log/log_oam_status.c.obj
[ 50%] Building C object utils/nv/CMakeFiles/nv.dir/nv_storage_lib/nv_rpc.c.obj
[ 50%] Building C object CMakeFiles/wpa_supplicant.dir/open_source/wpa_supplicant/wpa_supplicant/wpa_supplicant.c.obj
[ 50%] Building C object utils/dfx/CMakeFiles/dfx_diag.dir/zdiag/zdiag_debug.c.obj
[ 50%] Building C object utils/dfx/CMakeFiles/dfx_diag.dir/zdiag/zdiag_dfx.c.obj
[ 50%] Building C object CMakeFiles/wpa_supplicant.dir/open_source/wpa_supplicant/wpa_supplicant/wpas_glue.c.obj
[ 50%] Linking C static library libupdate_common.a
[ 51%] Building C object CMakeFiles/mbedtls.dir/open_source/mbedtls/mbedtls_v3.1.0/library/aesni.c.obj
[ 51%] Built target tiot_driver
[ 51%] Building C object utils/dfx/CMakeFiles/dfx_log.dir/log/log_oam_dscr_cb.c.obj
[ 51%] Building C object utils/dfx/CMakeFiles/dfx_diag.dir/zdiag/zdiag_filter.c.obj
[ 51%] Building C object CMakeFiles/mbedtls.dir/open_source/mbedtls/mbedtls_v3.1.0/library/aria.c.obj
[ 51%] Building C object CMakeFiles/mbedtls.dir/open_source/mbedtls/mbedtls_v3.1.0/library/asn1parse.c.obj
[ 51%] Built target update_storage
[ 52%] Building C object utils/nv/CMakeFiles/nv.dir/nv_storage_lib/nv_store.c.obj
[ 52%] Building C object utils/dfx/CMakeFiles/dfx_log.dir/log/log_oml_exception.c.obj
[ 52%] Building C object utils/dfx/CMakeFiles/dfx_log.dir/log/log_oml_ota_rom.c.obj
[ 52%] Building C object utils/dfx/CMakeFiles/dfx_diag.dir/zdiag/zdiag_ind_dst.c.obj
[ 53%] Building C object CMakeFiles/wpa_supplicant.dir/open_source/wpa_supplicant/wpa_supplicant/ap.c.obj
[ 53%] Built target cjson
[ 53%] Building C object utils/nv/CMakeFiles/nv.dir/nv_storage_lib/nv_update.c.obj
[ 53%] Building C object utils/dfx/CMakeFiles/dfx_diag.dir/zdiag/zdiag_msg.c.obj
[ 55%] Building C object utils/dfx/CMakeFiles/dfx_diag.dir/zdiag/zdiag_ind_src.c.obj
[ 55%] Building C object utils/dfx/CMakeFiles/dfx_diag.dir/zdiag/zdiag_mem.c.obj
[ 55%] Building C object utils/nv/CMakeFiles/nv.dir/nv_storage_lib/nv_upg.c.obj
Scanning dependencies of target wifi_auto_adjust_freq
[ 55%] Building C object CMakeFiles/mbedtls.dir/open_source/mbedtls/mbedtls_v3.1.0/library/asn1write.c.obj
[ 55%] Building C object utils/nv/CMakeFiles/nv.dir/nv_storage_lib/nv_debug.c.obj
Scanning dependencies of target wifi_radar_sensor
Scanning dependencies of target wifi_tx_amsdu
[ 55%] Built target update_common
[ 55%] Building C object CMakeFiles/wpa_supplicant.dir/middleware/services/wifi_service/hostapd/liteos_hostapd_src/hostapd_main_rtos.c.obj
[ 56%] Building C object utils/dfx/CMakeFiles/dfx_log.dir/log/log_printf.c.obj
[ 56%] Building C object CMakeFiles/mbedtls.dir/open_source/mbedtls/mbedtls_v3.1.0/library/base64.c.obj
Scanning dependencies of target wifi_frag
Scanning dependencies of target wifi_uapsd_ap
[ 56%] Building C object protocol/wifi/CMakeFiles/wifi_auto_adjust_freq.dir/source/host/feature/hmac_auto_adjust_freq.c.obj
[ 56%] Building C object utils/nv/CMakeFiles/nv.dir/nv_storage_lib/nv_async_store.c.obj
[ 56%] Building C object CMakeFiles/mbedtls.dir/open_source/mbedtls/mbedtls_v3.1.0/library/bignum.c.obj
[ 56%] Building C object CMakeFiles/wpa_supplicant.dir/middleware/services/wifi_service/hostapd/liteos_hostapd_src/hostapd_ctrl_iface_rtos.c.obj
[ 56%] Building C object utils/dfx/CMakeFiles/dfx_log.dir/log/log_printf_rom.c.obj
[ 56%] Building C object protocol/wifi/CMakeFiles/wifi_radar_sensor.dir/source/host/feature/hmac_radar_sensor.c.obj
[ 56%] Building C object CMakeFiles/mbedtls.dir/open_source/mbedtls/mbedtls_v3.1.0/library/camellia.c.obj
[ 56%] Building C object protocol/wifi/CMakeFiles/wifi_tx_amsdu.dir/source/host/feature/hmac_tx_amsdu.c.obj
[ 56%] Building C object CMakeFiles/wpa_supplicant.dir/open_source/wpa_supplicant/liteos_wpa_src/crypto_mbedtls.c.obj
[ 56%] Building C object utils/dfx/CMakeFiles/dfx_diag.dir/zdiag/zdiag_pkt.c.obj
[ 56%] Building C object utils/dfx/CMakeFiles/dfx_diag.dir/zdiag/zdiag_pkt_router.c.obj
[ 56%] Building C object utils/dfx/CMakeFiles/dfx_diag.dir/zdiag/zdiag_rx_api.c.obj
[ 56%] Building C object CMakeFiles/wpa_supplicant.dir/open_source/wpa_supplicant/liteos_wpa_src/eloop_rtos.c.obj
[ 56%] Building C object utils/dfx/CMakeFiles/dfx_log.dir/log/log_reg_dump.c.obj
[ 56%] Building C object CMakeFiles/wpa_supplicant.dir/open_source/wpa_supplicant/liteos_wpa_src/ctrl_iface_rtos.c.obj
[ 56%] Building C object CMakeFiles/mbedtls.dir/open_source/mbedtls/mbedtls_v3.1.0/library/chacha20.c.obj
[ 56%] Building C object CMakeFiles/mbedtls.dir/open_source/mbedtls/mbedtls_v3.1.0/library/ccm.c.obj
[ 56%] Building C object protocol/wifi/CMakeFiles/wifi_uapsd_ap.dir/source/host/feature/hmac_uapsd.c.obj
[ 56%] Building C object CMakeFiles/wpa_supplicant.dir/open_source/wpa_supplicant/liteos_wpa_src/l2_packet_rtos.c.obj
[ 56%] Building C object protocol/wifi/CMakeFiles/wifi_frag.dir/source/host/feature/hmac_frag.c.obj
[ 56%] Building C object utils/dfx/CMakeFiles/dfx_log.dir/log/log_trigger.c.obj
[ 56%] Building C object CMakeFiles/wpa_supplicant.dir/open_source/wpa_supplicant/liteos_wpa_src/os_rtos.c.obj
[ 56%] Building C object utils/dfx/CMakeFiles/dfx_log.dir/log/log_oam_msg.c.obj
[ 56%] Building C object utils/dfx/CMakeFiles/dfx_diag.dir/zdiag/zdiag_stat.c.obj
[ 56%] Building C object CMakeFiles/wpa_supplicant.dir/open_source/wpa_supplicant/liteos_wpa_src/main_rtos.c.obj
[ 56%] Linking C static library libnv.a
[ 57%] Building C object CMakeFiles/mbedtls.dir/open_source/mbedtls/mbedtls_v3.1.0/library/chachapoly.c.obj
[ 57%] Building C object CMakeFiles/mbedtls.dir/open_source/mbedtls/mbedtls_v3.1.0/library/cipher.c.obj
In file included from /home/sueiny/fbb_ws63/src/open_source/mbedtls/mbedtls_v3.1.0/library/bignum.c:40:0:
/home/sueiny/fbb_ws63/src/open_source/mbedtls/mbedtls_v3.1.0/library/bignum.c: In function ‘mbedtls_mpi_exp_mod’:
/home/sueiny/fbb_ws63/src/open_source/mbedtls/mbedtls_v3.1.0/include/mbedtls/bignum.h:56:13: warning: jump skips variable initialization [-Wjump-misses-init]
             goto cleanup;        \
             ^
/home/sueiny/fbb_ws63/src/open_source/mbedtls/mbedtls_v3.1.0/library/bignum.c:2204:5: note: in expansion of macro ‘MBEDTLS_MPI_CHK’
     MBEDTLS_MPI_CHK( mbedtls_mpi_grow( &W[x_index], j ) );
     ^~~~~~~~~~~~~~~
/home/sueiny/fbb_ws63/src/open_source/mbedtls/mbedtls_v3.1.0/library/bignum.c:2396:1: note: label ‘cleanup’ defined here
 cleanup:
 ^~~~~~~
/home/sueiny/fbb_ws63/src/open_source/mbedtls/mbedtls_v3.1.0/library/bignum.c:2295:12: note: ‘exponent_bits_in_window’ declared here
     size_t exponent_bits_in_window = 0;
            ^~~~~~~~~~~~~~~~~~~~~~~
In file included from /home/sueiny/fbb_ws63/src/open_source/mbedtls/mbedtls_v3.1.0/library/bignum.c:40:0:
/home/sueiny/fbb_ws63/src/open_source/mbedtls/mbedtls_v3.1.0/include/mbedtls/bignum.h:56:13: warning: jump skips variable initialization [-Wjump-misses-init]
             goto cleanup;        \
             ^
/home/sueiny/fbb_ws63/src/open_source/mbedtls/mbedtls_v3.1.0/library/bignum.c:2205:5: note: in expansion of macro ‘MBEDTLS_MPI_CHK’
     MBEDTLS_MPI_CHK( mbedtls_mpi_grow( &W[1],  j ) );
     ^~~~~~~~~~~~~~~
/home/sueiny/fbb_ws63/src/open_source/mbedtls/mbedtls_v3.1.0/library/bignum.c:2396:1: note: label ‘cleanup’ defined here
 cleanup:
 ^~~~~~~
/home/sueiny/fbb_ws63/src/open_source/mbedtls/mbedtls_v3.1.0/library/bignum.c:2295:12: note: ‘exponent_bits_in_window’ declared here
     size_t exponent_bits_in_window = 0;
            ^~~~~~~~~~~~~~~~~~~~~~~
In file included from /home/sueiny/fbb_ws63/src/open_source/mbedtls/mbedtls_v3.1.0/library/bignum.c:40:0:
/home/sueiny/fbb_ws63/src/open_source/mbedtls/mbedtls_v3.1.0/include/mbedtls/bignum.h:56:13: warning: jump skips variable initialization [-Wjump-misses-init]
             goto cleanup;        \
             ^
/home/sueiny/fbb_ws63/src/open_source/mbedtls/mbedtls_v3.1.0/library/bignum.c:2206:5: note: in expansion of macro ‘MBEDTLS_MPI_CHK’
     MBEDTLS_MPI_CHK( mbedtls_mpi_grow( &T, j * 2 ) );
     ^~~~~~~~~~~~~~~
/home/sueiny/fbb_ws63/src/open_source/mbedtls/mbedtls_v3.1.0/library/bignum.c:2396:1: note: label ‘cleanup’ defined here
 cleanup:
 ^~~~~~~
/home/sueiny/fbb_ws63/src/open_source/mbedtls/mbedtls_v3.1.0/library/bignum.c:2295:12: note: ‘exponent_bits_in_window’ declared here
     size_t exponent_bits_in_window = 0;
            ^~~~~~~~~~~~~~~~~~~~~~~
In file included from /home/sueiny/fbb_ws63/src/open_source/mbedtls/mbedtls_v3.1.0/library/bignum.c:40:0:
/home/sueiny/fbb_ws63/src/open_source/mbedtls/mbedtls_v3.1.0/include/mbedtls/bignum.h:56:13: warning: jump skips variable initialization [-Wjump-misses-init]
             goto cleanup;        \
             ^
/home/sueiny/fbb_ws63/src/open_source/mbedtls/mbedtls_v3.1.0/library/bignum.c:2214:9: note: in expansion of macro ‘MBEDTLS_MPI_CHK’
         MBEDTLS_MPI_CHK( mbedtls_mpi_copy( &Apos, A ) );
         ^~~~~~~~~~~~~~~
/home/sueiny/fbb_ws63/src/open_source/mbedtls/mbedtls_v3.1.0/library/bignum.c:2396:1: note: label ‘cleanup’ defined here
 cleanup:
 ^~~~~~~
/home/sueiny/fbb_ws63/src/open_source/mbedtls/mbedtls_v3.1.0/library/bignum.c:2295:12: note: ‘exponent_bits_in_window’ declared here
     size_t exponent_bits_in_window = 0;
            ^~~~~~~~~~~~~~~~~~~~~~~
In file included from /home/sueiny/fbb_ws63/src/open_source/mbedtls/mbedtls_v3.1.0/library/bignum.c:40:0:
/home/sueiny/fbb_ws63/src/open_source/mbedtls/mbedtls_v3.1.0/include/mbedtls/bignum.h:56:13: warning: jump skips variable initialization [-Wjump-misses-init]
             goto cleanup;        \
             ^
/home/sueiny/fbb_ws63/src/open_source/mbedtls/mbedtls_v3.1.0/library/bignum.c:2240:9: note: in expansion of macro ‘MBEDTLS_MPI_CHK’
         MBEDTLS_MPI_CHK( mbedtls_mpi_mod_mpi( &W[1], A, N ) );
         ^~~~~~~~~~~~~~~
/home/sueiny/fbb_ws63/src/open_source/mbedtls/mbedtls_v3.1.0/library/bignum.c:2396:1: note: label ‘cleanup’ defined here
 cleanup:
 ^~~~~~~
/home/sueiny/fbb_ws63/src/open_source/mbedtls/mbedtls_v3.1.0/library/bignum.c:2295:12: note: ‘exponent_bits_in_window’ declared here
     size_t exponent_bits_in_window = 0;
            ^~~~~~~~~~~~~~~~~~~~~~~
In file included from /home/sueiny/fbb_ws63/src/open_source/mbedtls/mbedtls_v3.1.0/library/bignum.c:40:0:
/home/sueiny/fbb_ws63/src/open_source/mbedtls/mbedtls_v3.1.0/include/mbedtls/bignum.h:56:13: warning: jump skips variable initialization [-Wjump-misses-init]
             goto cleanup;        \
             ^
/home/sueiny/fbb_ws63/src/open_source/mbedtls/mbedtls_v3.1.0/library/bignum.c:2244:9: note: in expansion of macro ‘MBEDTLS_MPI_CHK’
         MBEDTLS_MPI_CHK( mbedtls_mpi_grow( &W[1], N->n + 1 ) );
         ^~~~~~~~~~~~~~~
/home/sueiny/fbb_ws63/src/open_source/mbedtls/mbedtls_v3.1.0/library/bignum.c:2396:1: note: label ‘cleanup’ defined here
 cleanup:
 ^~~~~~~
/home/sueiny/fbb_ws63/src/open_source/mbedtls/mbedtls_v3.1.0/library/bignum.c:2295:12: note: ‘exponent_bits_in_window’ declared here
     size_t exponent_bits_in_window = 0;
            ^~~~~~~~~~~~~~~~~~~~~~~
In file included from /home/sueiny/fbb_ws63/src/open_source/mbedtls/mbedtls_v3.1.0/library/bignum.c:40:0:
/home/sueiny/fbb_ws63/src/open_source/mbedtls/mbedtls_v3.1.0/include/mbedtls/bignum.h:56:13: warning: jump skips variable initialization [-Wjump-misses-init]
             goto cleanup;        \
             ^
/home/sueiny/fbb_ws63/src/open_source/mbedtls/mbedtls_v3.1.0/library/bignum.c:2247:9: note: in expansion of macro ‘MBEDTLS_MPI_CHK’
         MBEDTLS_MPI_CHK( mbedtls_mpi_copy( &W[1], A ) );
         ^~~~~~~~~~~~~~~
/home/sueiny/fbb_ws63/src/open_source/mbedtls/mbedtls_v3.1.0/library/bignum.c:2396:1: note: label ‘cleanup’ defined here
 cleanup:
 ^~~~~~~
/home/sueiny/fbb_ws63/src/open_source/mbedtls/mbedtls_v3.1.0/library/bignum.c:2295:12: note: ‘exponent_bits_in_window’ declared here
     size_t exponent_bits_in_window = 0;
            ^~~~~~~~~~~~~~~~~~~~~~~
In file included from /home/sueiny/fbb_ws63/src/open_source/mbedtls/mbedtls_v3.1.0/library/bignum.c:40:0:
/home/sueiny/fbb_ws63/src/open_source/mbedtls/mbedtls_v3.1.0/include/mbedtls/bignum.h:56:13: warning: jump skips variable initialization [-Wjump-misses-init]
             goto cleanup;        \
             ^
/home/sueiny/fbb_ws63/src/open_source/mbedtls/mbedtls_v3.1.0/library/bignum.c:2256:5: note: in expansion of macro ‘MBEDTLS_MPI_CHK’
     MBEDTLS_MPI_CHK( mbedtls_mpi_copy( &W[x_index], &RR ) );
     ^~~~~~~~~~~~~~~
/home/sueiny/fbb_ws63/src/open_source/mbedtls/mbedtls_v3.1.0/library/bignum.c:2396:1: note: label ‘cleanup’ defined here
 cleanup:
 ^~~~~~~
/home/sueiny/fbb_ws63/src/open_source/mbedtls/mbedtls_v3.1.0/library/bignum.c:2295:12: note: ‘exponent_bits_in_window’ declared here
     size_t exponent_bits_in_window = 0;
            ^~~~~~~~~~~~~~~~~~~~~~~
In file included from /home/sueiny/fbb_ws63/src/open_source/mbedtls/mbedtls_v3.1.0/library/bignum.c:40:0:
/home/sueiny/fbb_ws63/src/open_source/mbedtls/mbedtls_v3.1.0/include/mbedtls/bignum.h:56:13: warning: jump skips variable initialization [-Wjump-misses-init]
             goto cleanup;        \
             ^
/home/sueiny/fbb_ws63/src/open_source/mbedtls/mbedtls_v3.1.0/library/bignum.c:2274:9: note: in expansion of macro ‘MBEDTLS_MPI_CHK’
         MBEDTLS_MPI_CHK( mbedtls_mpi_grow( &W[j], N->n + 1 ) );
         ^~~~~~~~~~~~~~~
/home/sueiny/fbb_ws63/src/open_source/mbedtls/mbedtls_v3.1.0/library/bignum.c:2396:1: note: label ‘cleanup’ defined here
 cleanup:
 ^~~~~~~
/home/sueiny/fbb_ws63/src/open_source/mbedtls/mbedtls_v3.1.0/library/bignum.c:2295:12: note: ‘exponent_bits_in_window’ declared here
     size_t exponent_bits_in_window = 0;
            ^~~~~~~~~~~~~~~~~~~~~~~
In file included from /home/sueiny/fbb_ws63/src/open_source/mbedtls/mbedtls_v3.1.0/library/bignum.c:40:0:
/home/sueiny/fbb_ws63/src/open_source/mbedtls/mbedtls_v3.1.0/include/mbedtls/bignum.h:56:13: warning: jump skips variable initialization [-Wjump-misses-init]
             goto cleanup;        \
             ^
/home/sueiny/fbb_ws63/src/open_source/mbedtls/mbedtls_v3.1.0/library/bignum.c:2275:9: note: in expansion of macro ‘MBEDTLS_MPI_CHK’
         MBEDTLS_MPI_CHK( mbedtls_mpi_copy( &W[j], &W[1]    ) );
         ^~~~~~~~~~~~~~~
/home/sueiny/fbb_ws63/src/open_source/mbedtls/mbedtls_v3.1.0/library/bignum.c:2396:1: note: label ‘cleanup’ defined here
 cleanup:
 ^~~~~~~
/home/sueiny/fbb_ws63/src/open_source/mbedtls/mbedtls_v3.1.0/library/bignum.c:2295:12: note: ‘exponent_bits_in_window’ declared here
     size_t exponent_bits_in_window = 0;
            ^~~~~~~~~~~~~~~~~~~~~~~
In file included from /home/sueiny/fbb_ws63/src/open_source/mbedtls/mbedtls_v3.1.0/library/bignum.c:40:0:
/home/sueiny/fbb_ws63/src/open_source/mbedtls/mbedtls_v3.1.0/include/mbedtls/bignum.h:56:13: warning: jump skips variable initialization [-Wjump-misses-init]
             goto cleanup;        \
             ^
/home/sueiny/fbb_ws63/src/open_source/mbedtls/mbedtls_v3.1.0/library/bignum.c:2285:13: note: in expansion of macro ‘MBEDTLS_MPI_CHK’
             MBEDTLS_MPI_CHK( mbedtls_mpi_grow( &W[i], N->n + 1 ) );
             ^~~~~~~~~~~~~~~
/home/sueiny/fbb_ws63/src/open_source/mbedtls/mbedtls_v3.1.0/library/bignum.c:2396:1: note: label ‘cleanup’ defined here
 cleanup:
 ^~~~~~~
/home/sueiny/fbb_ws63/src/open_source/mbedtls/mbedtls_v3.1.0/library/bignum.c:2295:12: note: ‘exponent_bits_in_window’ declared here
     size_t exponent_bits_in_window = 0;
            ^~~~~~~~~~~~~~~~~~~~~~~
In file included from /home/sueiny/fbb_ws63/src/open_source/mbedtls/mbedtls_v3.1.0/library/bignum.c:40:0:
/home/sueiny/fbb_ws63/src/open_source/mbedtls/mbedtls_v3.1.0/include/mbedtls/bignum.h:56:13: warning: jump skips variable initialization [-Wjump-misses-init]
             goto cleanup;        \
             ^
/home/sueiny/fbb_ws63/src/open_source/mbedtls/mbedtls_v3.1.0/library/bignum.c:2286:13: note: in expansion of macro ‘MBEDTLS_MPI_CHK’
             MBEDTLS_MPI_CHK( mbedtls_mpi_copy( &W[i], &W[i - 1] ) );
             ^~~~~~~~~~~~~~~
/home/sueiny/fbb_ws63/src/open_source/mbedtls/mbedtls_v3.1.0/library/bignum.c:2396:1: note: label ‘cleanup’ defined here
 cleanup:
 ^~~~~~~
/home/sueiny/fbb_ws63/src/open_source/mbedtls/mbedtls_v3.1.0/library/bignum.c:2295:12: note: ‘exponent_bits_in_window’ declared here
     size_t exponent_bits_in_window = 0;
            ^~~~~~~~~~~~~~~~~~~~~~~
[ 58%] Building C object CMakeFiles/wpa_supplicant.dir/open_source/wpa_supplicant/liteos_wpa_src/wpa_cli_rtos.c.obj
[ 58%] Building C object utils/dfx/CMakeFiles/dfx_log.dir/log_buffer/log_buffer.c.obj
[ 58%] Building C object utils/dfx/CMakeFiles/dfx_diag.dir/zdiag/zdiag_tx.c.obj
[ 58%] Building C object CMakeFiles/wpa_supplicant.dir/middleware/services/wifi_service/wpa/liteos_wpa_api/wifi_api.c.obj
[ 58%] Building C object utils/dfx/CMakeFiles/dfx_diag.dir/zdiag/diag_system_cmd/diag_cmd_beat_heart.c.obj
[ 58%] Building C object CMakeFiles/mbedtls.dir/open_source/mbedtls/mbedtls_v3.1.0/library/cmac.c.obj
[ 58%] Building C object CMakeFiles/wpa_supplicant.dir/middleware/services/wifi_service/wpa/liteos_wpa_api/wifi_softap_api.c.obj
[ 58%] Building C object utils/dfx/CMakeFiles/dfx_log.dir/log_buffer/log_buffer_reader.c.obj
[ 58%] Building C object CMakeFiles/mbedtls.dir/open_source/mbedtls/mbedtls_v3.1.0/library/cipher_wrap.c.obj
[ 58%] Building C object utils/dfx/CMakeFiles/dfx_log.dir/log_buffer/log_memory_region.c.obj
[ 59%] Building C object utils/dfx/CMakeFiles/dfx_diag.dir/zdiag/diag_system_cmd/diag_cmd_connect.c.obj
[ 59%] Building C object CMakeFiles/mbedtls.dir/open_source/mbedtls/mbedtls_v3.1.0/library/constant_time.c.obj
[ 59%] Building C object utils/dfx/CMakeFiles/dfx_log.dir/log_buffer/log_memory_section.c.obj
[ 59%] Building C object CMakeFiles/wpa_supplicant.dir/open_source/wpa_supplicant/src/common/ieee802_11_common.c.obj
[ 59%] Building C object CMakeFiles/wpa_supplicant.dir/open_source/wpa_supplicant/src/common/wpa_common.c.obj
Scanning dependencies of target lwip_tcm
[ 59%] Building C object utils/dfx/CMakeFiles/dfx_diag.dir/zdiag/diag_system_cmd/diag_cmd_get_mem_info.c.obj
[ 59%] Building C object utils/dfx/CMakeFiles/dfx_diag.dir/zdiag/diag_system_cmd/diag_cmd_filter.c.obj
[ 59%] Building C object utils/dfx/CMakeFiles/dfx_diag.dir/zdiag/diag_system_cmd/diag_cmd_get_task_info.c.obj
[ 59%] Built target nv
[ 59%] Building C object utils/dfx/CMakeFiles/dfx_diag.dir/zdiag/diag_system_cmd/diag_cmd_get_init_info.c.obj
[ 59%] Building C object CMakeFiles/mbedtls.dir/open_source/mbedtls/mbedtls_v3.1.0/library/ctr_drbg.c.obj
[ 59%] Building C object utils/dfx/CMakeFiles/dfx_diag.dir/zdiag/diag_system_cmd/diag_cmd_get_res_info.c.obj
[ 59%] Building C object utils/dfx/CMakeFiles/dfx_diag.dir/zdiag/diag_system_cmd/diag_cmd_get_cpup.c.obj
[ 59%] Building C object CMakeFiles/mbedtls.dir/open_source/mbedtls/mbedtls_v3.1.0/library/debug.c.obj
[ 59%] Building C object CMakeFiles/mbedtls.dir/open_source/mbedtls/mbedtls_v3.1.0/library/des.c.obj
[ 59%] Building C object CMakeFiles/wpa_supplicant.dir/open_source/wpa_supplicant/src/crypto/aes-internal.c.obj
[ 59%] Building C object CMakeFiles/wpa_supplicant.dir/open_source/wpa_supplicant/src/common/hw_features_common.c.obj
[ 60%] Building C object CMakeFiles/mbedtls.dir/open_source/mbedtls/mbedtls_v3.1.0/library/dhm.c.obj
[ 60%] Building C object CMakeFiles/wpa_supplicant.dir/open_source/wpa_supplicant/src/crypto/aes-wrap.c.obj
[ 60%] Building C object CMakeFiles/wpa_supplicant.dir/open_source/wpa_supplicant/src/crypto/aes-unwrap.c.obj
[ 60%] Building C object open_source/lwip/CMakeFiles/lwip_tcm.dir/lwip_v2.1.3/src/api/sockets.c.obj
[ 60%] Building C object utils/dfx/CMakeFiles/dfx_diag.dir/zdiag/diag_system_cmd/diag_cmd_mem_read_write.c.obj
[ 61%] Building C object utils/dfx/CMakeFiles/dfx_diag.dir/zdiag/diag_system_cmd/diag_cmd_offline_log.c.obj
[ 61%] Building C object utils/dfx/CMakeFiles/dfx_diag.dir/zdiag/diag_system_cmd/diag_cmd_log_level.c.obj
[ 61%] Building C object utils/dfx/CMakeFiles/dfx_diag.dir/zdiag/diag_system_cmd/diag_cmd_trace_info.c.obj
[ 62%] Linking C static library libdfx_log.a
[ 62%] Building C object utils/dfx/CMakeFiles/dfx_diag.dir/zdiag/diag_system_cmd/diag_cmd_password.c.obj
[ 64%] Building C object open_source/lwip/CMakeFiles/lwip_tcm.dir/lwip_v2.1.3/src/core/inet_chksum.c.obj
[ 64%] Building C object CMakeFiles/wpa_supplicant.dir/open_source/wpa_supplicant/src/crypto/aes-omac1.c.obj
[ 64%] Building C object CMakeFiles/wpa_supplicant.dir/open_source/wpa_supplicant/src/crypto/crypto_internal-modexp.c.obj
[ 64%] Building C object CMakeFiles/mbedtls.dir/open_source/mbedtls/mbedtls_v3.1.0/library/ecdsa.c.obj
[ 64%] Building C object CMakeFiles/mbedtls.dir/open_source/mbedtls/mbedtls_v3.1.0/library/ecjpake.c.obj
[ 64%] Building C object utils/dfx/CMakeFiles/dfx_diag.dir/zdiag/diag_system_cmd/diag_bt_sample_data.c.obj
Scanning dependencies of target wifi_btcoex
[ 64%] Building C object utils/dfx/CMakeFiles/dfx_diag.dir/zdiag/diag_system_cmd/diag_mocked_shell.c.obj
[ 64%] Building C object open_source/lwip/CMakeFiles/lwip_tcm.dir/lwip_v2.1.3/src/core/ip.c.obj
[ 64%] Building C object utils/dfx/CMakeFiles/dfx_diag.dir/zdiag/diag_system_cmd/diag_cmd_stat.c.obj
[ 64%] Building C object utils/dfx/CMakeFiles/dfx_diag.dir/zdiag/diag_system_cmd/last_dump.c.obj
[ 64%] Building C object CMakeFiles/mbedtls.dir/open_source/mbedtls/mbedtls_v3.1.0/library/ecp.c.obj
[ 64%] Building C object CMakeFiles/mbedtls.dir/open_source/mbedtls/mbedtls_v3.1.0/library/ecdh.c.obj
[ 64%] Linking C static library ../../../../../../interim_binary/ws63/libs/wifi/ws63-liteos-app/libwifi_radar_sensor.a
[ 64%] Building C object open_source/lwip/CMakeFiles/lwip_tcm.dir/lwip_v2.1.3/src/core/udp.c.obj
[ 64%] Linking C static library ../../../../../../interim_binary/ws63/libs/wifi/ws63-liteos-app/libwifi_auto_adjust_freq.a
[ 64%] Building C object utils/dfx/CMakeFiles/dfx_diag.dir/dfx_os/liteos_v1/dfx_mem.c.obj
[ 64%] Building C object CMakeFiles/mbedtls.dir/open_source/mbedtls/mbedtls_v3.1.0/library/ecp_curves.c.obj
[ 64%] Building C object CMakeFiles/wpa_supplicant.dir/open_source/wpa_supplicant/src/crypto/dh_groups.c.obj
[ 65%] Building C object utils/dfx/CMakeFiles/dfx_diag.dir/dfx_os/liteos_v1/dfx_task.c.obj
[ 65%] Built target dfx_log
[ 65%] Building C object open_source/lwip/CMakeFiles/lwip_tcm.dir/lwip_v2.1.3/src/core/ipv4/etharp.c.obj
[ 65%] Linking C static library ../../../../../../interim_binary/ws63/libs/wifi/ws63-liteos-app/libwifi_tx_amsdu.a
[ 65%] Building C object open_source/lwip/CMakeFiles/lwip_tcm.dir/lwip_v2.1.3/src/core/ipv4/ip4.c.obj
[ 65%] Building C object CMakeFiles/wpa_supplicant.dir/open_source/wpa_supplicant/src/crypto/md5.c.obj
[ 65%] Building C object open_source/lwip/CMakeFiles/lwip_tcm.dir/lwip_v2.1.3/src/core/ipv4/ip4_addr.c.obj
/home/sueiny/fbb_ws63/src/open_source/mbedtls/mbedtls_v3.1.0/library/ecdsa.c: In function ‘ecdsa_verify_restartable’:
/home/sueiny/fbb_ws63/src/open_source/mbedtls/mbedtls_v3.1.0/library/ecdsa.c:546:29: warning: passing argument 2 of ‘get_curve_type’ from incompatible pointer type [-Wincompatible-pointer-types]
     get_curve_type(grp->id, &curve_type, &klen);
                             ^
In file included from /home/sueiny/fbb_ws63/src/open_source/mbedtls/mbedtls_v3.1.0/library/ecdsa.c:526:0:
/home/sueiny/fbb_ws63/src/open_source/mbedtls/mbedtls_v3.1.0/harden/src/internal_include/ecc_harden_common.h:13:6: note: expected ‘drv_pke_ecc_curve_type * {aka enum <anonymous> *}’ but argument is of type ‘mbedtls_alt_ecp_curve_type * {aka enum <anonymous> *}’
 void get_curve_type( mbedtls_ecp_group_id grp_id, drv_pke_ecc_curve_type *curve_type, unsigned int *klen );
      ^~~~~~~~~~~~~~
[ 66%] Linking C static library ../../../../../../interim_binary/ws63/libs/wifi/ws63-liteos-app/libwifi_frag.a
[ 67%] Linking C static library ../../../../../../interim_binary/ws63/libs/wifi/ws63-liteos-app/libwifi_uapsd_ap.a
[ 67%] Building C object protocol/wifi/CMakeFiles/wifi_btcoex.dir/source/host/feature/hmac_btcoex.c.obj
[ 67%] Building C object open_source/lwip/CMakeFiles/lwip_tcm.dir/lwip_v2.1.3/src/core/ipv4/ip4_frag.c.obj
[ 67%] Building C object CMakeFiles/wpa_supplicant.dir/open_source/wpa_supplicant/src/crypto/random.c.obj
[ 67%] Built target wifi_radar_sensor
[ 67%] Building C object utils/dfx/CMakeFiles/dfx_diag.dir/dfx_os/liteos_v1/dfx_res.c.obj
[ 67%] Building C object protocol/wifi/CMakeFiles/wifi_btcoex.dir/source/host/feature/hmac_btcoex_ba.c.obj
[ 67%] Building C object CMakeFiles/wpa_supplicant.dir/open_source/wpa_supplicant/src/crypto/rc4.c.obj
[ 67%] Building C object open_source/lwip/CMakeFiles/lwip_tcm.dir/lwip_v2.1.3/src/core/pbuf.c.obj
[ 68%] Building C object protocol/wifi/CMakeFiles/wifi_btcoex.dir/source/host/feature/hmac_btcoex_btsta.c.obj
[ 69%] Building C object open_source/lwip/CMakeFiles/lwip_tcm.dir/lwip_v2.1.3/src/core/ip_addr.c.obj
[ 69%] Building C object CMakeFiles/mbedtls.dir/open_source/mbedtls/mbedtls_v3.1.0/library/error.c.obj
[ 69%] Building C object open_source/lwip/CMakeFiles/lwip_tcm.dir/lwip_v2.1.3/src/core/mem.c.obj
[ 69%] Building C object CMakeFiles/mbedtls.dir/open_source/mbedtls/mbedtls_v3.1.0/library/gcm.c.obj
[ 69%] Building C object CMakeFiles/mbedtls.dir/open_source/mbedtls/mbedtls_v3.1.0/library/entropy.c.obj
[ 70%] Building C object CMakeFiles/mbedtls.dir/open_source/mbedtls/mbedtls_v3.1.0/library/hmac_drbg.c.obj
[ 70%] Built target wifi_uapsd_ap
[ 70%] Building C object utils/dfx/CMakeFiles/dfx_diag.dir/dfx_os/liteos_v1/dfx_trace.c.obj
[ 70%] Building C object protocol/wifi/CMakeFiles/wifi_btcoex.dir/source/host/feature/hmac_btcoex_m2s.c.obj
[ 70%] Building C object CMakeFiles/wpa_supplicant.dir/open_source/wpa_supplicant/src/crypto/sha1-prf.c.obj
[ 70%] Building C object utils/dfx/CMakeFiles/dfx_diag.dir/dfx_os/liteos_v1/dfx_cpup.c.obj
[ 70%] Building C object protocol/wifi/CMakeFiles/wifi_btcoex.dir/source/host/feature/hmac_btcoex_notify.c.obj
[ 70%] Built target wifi_frag
[ 70%] Built target wifi_tx_amsdu
[ 70%] Building C object protocol/wifi/CMakeFiles/wifi_btcoex.dir/source/host/feature/hmac_btcoex_ps.c.obj
[ 70%] Built target wifi_auto_adjust_freq
[ 70%] Building C object open_source/lwip/CMakeFiles/lwip_tcm.dir/lwip_v2.1.3/src/core/memp.c.obj
[ 70%] Building C object open_source/lwip/CMakeFiles/lwip_tcm.dir/lwip_v2.1.3/src/core/netif.c.obj
[ 70%] Building C object open_source/lwip/CMakeFiles/lwip_tcm.dir/lwip_v2.1.3/src/core/raw.c.obj
[ 70%] Building C object CMakeFiles/wpa_supplicant.dir/open_source/wpa_supplicant/src/crypto/sha256-prf.c.obj
[ 70%] Building C object open_source/lwip/CMakeFiles/lwip_tcm.dir/lwip_v2.1.3/src/core/tcp.c.obj
[ 70%] Building C object CMakeFiles/mbedtls.dir/open_source/mbedtls/mbedtls_v3.1.0/library/md.c.obj
[ 70%] Building C object open_source/lwip/CMakeFiles/lwip_tcm.dir/lwip_v2.1.3/src/netif/ethernet.c.obj
[ 70%] Building C object CMakeFiles/mbedtls.dir/open_source/mbedtls/mbedtls_v3.1.0/library/hkdf.c.obj
[ 70%] Building C object CMakeFiles/mbedtls.dir/open_source/mbedtls/mbedtls_v3.1.0/library/memory_buffer_alloc.c.obj
[ 70%] Building C object CMakeFiles/mbedtls.dir/open_source/mbedtls/mbedtls_v3.1.0/library/md5.c.obj
[ 70%] Building C object open_source/lwip/CMakeFiles/lwip_tcm.dir/lwip_v2.1.3/src/netif/driverif.c.obj
[ 71%] Building C object open_source/lwip/CMakeFiles/lwip_tcm.dir/lwip_v2.1.3/src/api/netbuf.c.obj
[ 71%] Building C object CMakeFiles/mbedtls.dir/open_source/mbedtls/mbedtls_v3.1.0/library/mps_reader.c.obj
[ 73%] Linking C static library libdfx_diag.a
[ 73%] Building C object CMakeFiles/wpa_supplicant.dir/open_source/wpa_supplicant/src/drivers/driver_common.c.obj
[ 73%] Building C object CMakeFiles/mbedtls.dir/open_source/mbedtls/mbedtls_v3.1.0/library/mps_trace.c.obj
[ 73%] Building C object CMakeFiles/wpa_supplicant.dir/open_source/wpa_supplicant/src/eapol_supp/eapol_supp_sm.c.obj
[ 73%] Building C object CMakeFiles/wpa_supplicant.dir/open_source/wpa_supplicant/src/drivers/drivers.c.obj
[ 73%] Building C object CMakeFiles/wpa_supplicant.dir/open_source/wpa_supplicant/src/eap_peer/eap.c.obj
[ 73%] Building C object open_source/lwip/CMakeFiles/lwip_tcm.dir/lwip_v2.1.3/src/api/tcpip.c.obj
[ 73%] Building C object CMakeFiles/wpa_supplicant.dir/open_source/wpa_supplicant/src/eap_peer/eap_methods.c.obj
[ 73%] Building C object open_source/lwip/CMakeFiles/lwip_tcm.dir/lwip_v2.1.3/src/api/api_msg.c.obj
[ 73%] Building C object open_source/lwip/CMakeFiles/lwip_tcm.dir/lwip_v2.1.3/src/api/api_lib.c.obj
[ 73%] Building C object CMakeFiles/mbedtls.dir/open_source/mbedtls/mbedtls_v3.1.0/library/nist_kw.c.obj
[ 73%] Building C object open_source/lwip/CMakeFiles/lwip_tcm.dir/lwip_adapter/liteos_207/src/arch/sys_arch.c.obj
Scanning dependencies of target mqtt
[ 73%] Building C object CMakeFiles/wpa_supplicant.dir/open_source/wpa_supplicant/src/eap_common/eap_common.c.obj
[ 74%] Building C object CMakeFiles/mbedtls.dir/open_source/mbedtls/mbedtls_v3.1.0/library/padlock.c.obj
[ 74%] Building C object CMakeFiles/mbedtls.dir/open_source/mbedtls/mbedtls_v3.1.0/library/oid.c.obj
[ 74%] Building C object CMakeFiles/wpa_supplicant.dir/open_source/wpa_supplicant/src/eapol_auth/eapol_auth_sm.c.obj
[ 74%] Building C object CMakeFiles/wpa_supplicant.dir/open_source/wpa_supplicant/src/eap_server/eap_server.c.obj
[ 74%] Building C object CMakeFiles/wpa_supplicant.dir/open_source/wpa_supplicant/src/eap_server/eap_server_identity.c.obj
[ 74%] Building C object open_source/mqtt/CMakeFiles/mqtt.dir/paho.mqtt.c/src/Base64.c.obj
[ 74%] Building C object CMakeFiles/wpa_supplicant.dir/open_source/wpa_supplicant/src/eap_server/eap_server_methods.c.obj
[ 75%] Building C object CMakeFiles/wpa_supplicant.dir/open_source/wpa_supplicant/src/rsn_supp/wpa.c.obj
[ 75%] Building C object CMakeFiles/mbedtls.dir/open_source/mbedtls/mbedtls_v3.1.0/library/pk_wrap.c.obj
[ 75%] Building C object CMakeFiles/mbedtls.dir/open_source/mbedtls/mbedtls_v3.1.0/library/pem.c.obj
[ 75%] Building C object CMakeFiles/mbedtls.dir/open_source/mbedtls/mbedtls_v3.1.0/library/pk.c.obj
[ 75%] Built target dfx_diag
[ 75%] Building C object open_source/mqtt/CMakeFiles/mqtt.dir/paho.mqtt.c/src/Clients.c.obj
[ 75%] Building C object CMakeFiles/mbedtls.dir/open_source/mbedtls/mbedtls_v3.1.0/library/pkcs5.c.obj
[ 75%] Building C object open_source/mqtt/CMakeFiles/mqtt.dir/paho.mqtt.c/src/Heap.c.obj
[ 75%] Building C object CMakeFiles/wpa_supplicant.dir/open_source/wpa_supplicant/src/rsn_supp/wpa_ie.c.obj
[ 75%] Building C object open_source/mqtt/CMakeFiles/mqtt.dir/paho.mqtt.c/src/LinkedList.c.obj
[ 75%] Building C object open_source/mqtt/CMakeFiles/mqtt.dir/paho.mqtt.c/src/Log.c.obj
[ 76%] Building C object open_source/mqtt/CMakeFiles/mqtt.dir/paho.mqtt.c/src/Messages.c.obj
[ 76%] Building C object CMakeFiles/wpa_supplicant.dir/open_source/wpa_supplicant/src/utils/wpa_debug.c.obj
[ 76%] Building C object CMakeFiles/wpa_supplicant.dir/open_source/wpa_supplicant/src/utils/common.c.obj
[ 76%] Building C object CMakeFiles/wpa_supplicant.dir/open_source/wpa_supplicant/src/utils/uuid.c.obj
[ 76%] Building C object CMakeFiles/mbedtls.dir/open_source/mbedtls/mbedtls_v3.1.0/library/pkcs12.c.obj
[ 76%] Building C object CMakeFiles/wpa_supplicant.dir/open_source/wpa_supplicant/src/utils/base64.c.obj
[ 76%] Building C object open_source/mqtt/CMakeFiles/mqtt.dir/paho.mqtt.c/src/MQTTClient.c.obj
[ 76%] Building C object open_source/mqtt/CMakeFiles/mqtt.dir/paho.mqtt.c/src/MQTTPacket.c.obj
[ 76%] Building C object open_source/mqtt/CMakeFiles/mqtt.dir/paho.mqtt.c/src/MQTTPacketOut.c.obj
[ 76%] Building C object CMakeFiles/mbedtls.dir/open_source/mbedtls/mbedtls_v3.1.0/library/pkwrite.c.obj
[ 76%] Building C object open_source/mqtt/CMakeFiles/mqtt.dir/paho.mqtt.c/src/MQTTPersistence.c.obj
[ 76%] Building C object open_source/mqtt/CMakeFiles/mqtt.dir/paho.mqtt.c/src/MQTTPersistenceDefault.c.obj
[ 76%] Building C object CMakeFiles/wpa_supplicant.dir/open_source/wpa_supplicant/src/utils/wpabuf.c.obj
[ 76%] Building C object CMakeFiles/mbedtls.dir/open_source/mbedtls/mbedtls_v3.1.0/library/pkparse.c.obj
[ 76%] Building C object CMakeFiles/mbedtls.dir/open_source/mbedtls/mbedtls_v3.1.0/library/platform.c.obj
[ 76%] Building C object CMakeFiles/wpa_supplicant.dir/open_source/wpa_supplicant/src/tls/bignum.c.obj
[ 77%] Building C object CMakeFiles/mbedtls.dir/open_source/mbedtls/mbedtls_v3.1.0/library/platform_util.c.obj
[ 77%] Building C object CMakeFiles/mbedtls.dir/open_source/mbedtls/mbedtls_v3.1.0/library/ripemd160.c.obj
[ 77%] Building C object CMakeFiles/mbedtls.dir/open_source/mbedtls/mbedtls_v3.1.0/library/poly1305.c.obj
[ 77%] Building C object CMakeFiles/wpa_supplicant.dir/open_source/wpa_supplicant/src/ap/hostapd.c.obj
[ 77%] Building C object open_source/mqtt/CMakeFiles/mqtt.dir/paho.mqtt.c/src/MQTTProperties.c.obj
[ 77%] Building C object CMakeFiles/mbedtls.dir/open_source/mbedtls/mbedtls_v3.1.0/library/rsa_alt_helpers.c.obj
[ 77%] Building C object open_source/mqtt/CMakeFiles/mqtt.dir/paho.mqtt.c/src/MQTTProtocolClient.c.obj
[ 77%] Linking C static library ../../../../../../interim_binary/ws63/libs/wifi/ws63-liteos-app/liblwip_tcm.a
[ 77%] Linking C static library ../../../../../../interim_binary/ws63/libs/wifi/ws63-liteos-app/libwifi_btcoex.a
[ 77%] Building C object CMakeFiles/mbedtls.dir/open_source/mbedtls/mbedtls_v3.1.0/library/rsa.c.obj
[ 77%] Building C object CMakeFiles/mbedtls.dir/open_source/mbedtls/mbedtls_v3.1.0/library/sha1.c.obj
[ 78%] Building C object open_source/mqtt/CMakeFiles/mqtt.dir/paho.mqtt.c/src/MQTTProtocolOut.c.obj
[ 78%] Building C object open_source/mqtt/CMakeFiles/mqtt.dir/paho.mqtt.c/src/OsWrapper.c.obj
[ 78%] Building C object open_source/mqtt/CMakeFiles/mqtt.dir/paho.mqtt.c/src/Proxy.c.obj
[ 78%] Building C object CMakeFiles/wpa_supplicant.dir/open_source/wpa_supplicant/src/ap/wpa_auth_glue.c.obj
[ 78%] Building C object open_source/mqtt/CMakeFiles/mqtt.dir/paho.mqtt.c/src/MQTTReasonCodes.c.obj
[ 79%] Building C object CMakeFiles/wpa_supplicant.dir/open_source/wpa_supplicant/src/ap/bss_load.c.obj
[ 79%] Building C object CMakeFiles/wpa_supplicant.dir/open_source/wpa_supplicant/src/ap/utils.c.obj
[ 79%] Building C object open_source/mqtt/CMakeFiles/mqtt.dir/paho.mqtt.c/src/SHA1.c.obj
Scanning dependencies of target lwip
[ 79%] Building C object open_source/mqtt/CMakeFiles/mqtt.dir/paho.mqtt.c/src/Socket.c.obj
[ 79%] Building C object CMakeFiles/mbedtls.dir/open_source/mbedtls/mbedtls_v3.1.0/library/sha512.c.obj
[ 79%] Building C object open_source/mqtt/CMakeFiles/mqtt.dir/paho.mqtt.c/src/SocketBuffer.c.obj
[ 79%] Built target wifi_btcoex
[ 79%] Building C object CMakeFiles/mbedtls.dir/open_source/mbedtls/mbedtls_v3.1.0/library/sha256.c.obj
[ 79%] Building C object CMakeFiles/wpa_supplicant.dir/open_source/wpa_supplicant/src/ap/ap_config.c.obj
[ 79%] Building C object CMakeFiles/mbedtls.dir/open_source/mbedtls/mbedtls_v3.1.0/library/ssl_cache.c.obj
[ 79%] Building C object CMakeFiles/wpa_supplicant.dir/open_source/wpa_supplicant/src/ap/sta_info.c.obj
[ 79%] Building C object CMakeFiles/wpa_supplicant.dir/open_source/wpa_supplicant/src/ap/ap_mlme.c.obj
[ 79%] Building C object open_source/mqtt/CMakeFiles/mqtt.dir/paho.mqtt.c/src/SSLSocket_mbedtls.c.obj
[ 79%] Building C object open_source/mqtt/CMakeFiles/mqtt.dir/paho.mqtt.c/src/SSLSocket.c.obj
[ 79%] Building C object CMakeFiles/mbedtls.dir/open_source/mbedtls/mbedtls_v3.1.0/library/ssl_cli.c.obj
[ 80%] Building C object CMakeFiles/mbedtls.dir/open_source/mbedtls/mbedtls_v3.1.0/library/ssl_ciphersuites.c.obj
[ 79%] Building C object CMakeFiles/wpa_supplicant.dir/open_source/wpa_supplicant/src/ap/drv_callbacks.c.obj
[ 82%] Building C object open_source/mqtt/CMakeFiles/mqtt.dir/paho.mqtt.c/src/StackTrace.c.obj
[ 82%] Building C object open_source/mqtt/CMakeFiles/mqtt.dir/paho.mqtt.c/src/Thread.c.obj
[ 82%] Building C object CMakeFiles/wpa_supplicant.dir/open_source/wpa_supplicant/src/ap/ap_drv_ops.c.obj
[ 82%] Building C object open_source/mqtt/CMakeFiles/mqtt.dir/paho.mqtt.c/src/Tree.c.obj
[ 82%] Building C object open_source/mqtt/CMakeFiles/mqtt.dir/paho.mqtt.c/src/utf-8.c.obj
[ 82%] Building C object CMakeFiles/mbedtls.dir/open_source/mbedtls/mbedtls_v3.1.0/library/ssl_cookie.c.obj
[ 82%] Building C object open_source/mqtt/CMakeFiles/mqtt.dir/paho.mqtt.c/src/WebSocket.c.obj
[ 82%] Built target lwip_tcm
[ 82%] Building C object CMakeFiles/mbedtls.dir/open_source/mbedtls/mbedtls_v3.1.0/library/ssl_debug_helpers_generated.c.obj
[ 82%] Building C object open_source/mqtt/CMakeFiles/mqtt.dir/paho.mqtt.c/src/MQTTTime.c.obj
[ 82%] Building C object open_source/lwip/CMakeFiles/lwip.dir/lwip_v2.1.3/src/core/ipv4/autoip.c.obj
[ 82%] Building C object CMakeFiles/mbedtls.dir/open_source/mbedtls/mbedtls_v3.1.0/library/ssl_msg.c.obj
[ 82%] Building C object open_source/lwip/CMakeFiles/lwip.dir/lwip_v2.1.3/src/core/tcp_out.c.obj
[ 82%] Building C object open_source/lwip/CMakeFiles/lwip.dir/lwip_v2.1.3/src/core/ipv4/dhcps.c.obj
[ 82%] Building C object CMakeFiles/wpa_supplicant.dir/open_source/wpa_supplicant/src/ap/ieee802_11_ht.c.obj
[ 82%] Building C object CMakeFiles/mbedtls.dir/open_source/mbedtls/mbedtls_v3.1.0/library/ssl_srv.c.obj
[ 83%] Building C object CMakeFiles/wpa_supplicant.dir/open_source/wpa_supplicant/src/ap/ieee802_11.c.obj
[ 83%] Building C object CMakeFiles/wpa_supplicant.dir/open_source/wpa_supplicant/src/ap/hw_features.c.obj
[ 83%] Building C object CMakeFiles/mbedtls.dir/open_source/mbedtls/mbedtls_v3.1.0/library/ssl_ticket.c.obj
[ 83%] Building C object CMakeFiles/mbedtls.dir/open_source/mbedtls/mbedtls_v3.1.0/library/ssl_tls.c.obj
[ 83%] Building C object open_source/lwip/CMakeFiles/lwip.dir/lwip_v2.1.3/src/core/ipv4/icmp.c.obj
[ 83%] Building C object open_source/lwip/CMakeFiles/lwip.dir/lwip_v2.1.3/src/core/ipv4/igmp.c.obj
[ 83%] Building C object open_source/lwip/CMakeFiles/lwip.dir/lwip_v2.1.3/src/core/ipv4/dhcp.c.obj
[ 83%] Building C object CMakeFiles/wpa_supplicant.dir/open_source/wpa_supplicant/src/ap/ieee802_1x.c.obj
[ 83%] Building C object CMakeFiles/wpa_supplicant.dir/open_source/wpa_supplicant/src/ap/wpa_auth_ie.c.obj
[ 83%] Building C object CMakeFiles/wpa_supplicant.dir/open_source/wpa_supplicant/src/ap/wpa_auth.c.obj
[ 83%] Building C object open_source/lwip/CMakeFiles/lwip.dir/lwip_v2.1.3/src/core/lowpower.c.obj
[ 83%] Building C object CMakeFiles/mbedtls.dir/open_source/mbedtls/mbedtls_v3.1.0/library/ssl_tls13_client.c.obj
[ 84%] Building C object open_source/lwip/CMakeFiles/lwip.dir/lwip_v2.1.3/src/core/timeouts.c.obj
[ 84%] Building C object open_source/lwip/CMakeFiles/lwip.dir/lwip_v2.1.3/src/core/ip6in4.c.obj
[ 85%] Building C object CMakeFiles/mbedtls.dir/open_source/mbedtls/mbedtls_v3.1.0/library/ssl_tls13_generic.c.obj
[ 85%] Building C object CMakeFiles/wpa_supplicant.dir/open_source/wpa_supplicant/src/ap/ieee802_11_he.c.obj
[ 85%] Building C object CMakeFiles/mbedtls.dir/open_source/mbedtls/mbedtls_v3.1.0/library/ssl_tls13_server.c.obj
[ 85%] Building C object open_source/lwip/CMakeFiles/lwip.dir/lwip_v2.1.3/src/core/debug.c.obj
[ 85%] Building C object CMakeFiles/wpa_supplicant.dir/open_source/wpa_supplicant/src/ap/eap_user_db.c.obj
[ 85%] Building C object CMakeFiles/mbedtls.dir/open_source/mbedtls/mbedtls_v3.1.0/library/ssl_tls13_keys.c.obj
[ 85%] Building C object CMakeFiles/mbedtls.dir/open_source/mbedtls/mbedtls_v3.1.0/library/threading.c.obj
[ 85%] Building C object open_source/lwip/CMakeFiles/lwip.dir/lwip_v2.1.3/src/core/mdns.c.obj
[ 85%] Building C object open_source/lwip/CMakeFiles/lwip.dir/lwip_v2.1.3/src/core/tcp_sack.c.obj
[ 85%] Building C object CMakeFiles/mbedtls.dir/open_source/mbedtls/mbedtls_v3.1.0/library/version.c.obj
[ 85%] Building C object open_source/lwip/CMakeFiles/lwip.dir/lwip_v2.1.3/src/core/tcp_in.c.obj
[ 85%] Building C object CMakeFiles/mbedtls.dir/open_source/mbedtls/mbedtls_v3.1.0/library/x509_create.c.obj
[ 85%] Building C object CMakeFiles/mbedtls.dir/open_source/mbedtls/mbedtls_v3.1.0/library/x509.c.obj
[ 85%] Building C object CMakeFiles/mbedtls.dir/open_source/mbedtls/mbedtls_v3.1.0/library/version_features.c.obj
[ 85%] Building C object open_source/lwip/CMakeFiles/lwip.dir/lwip_v2.1.3/src/core/altcp.c.obj
[ 85%] Building C object CMakeFiles/wpa_supplicant.dir/open_source/wpa_supplicant/src/ap/beacon.c.obj
[ 85%] Linking C static library libmqtt.a
[ 85%] Building C object open_source/lwip/CMakeFiles/lwip.dir/lwip_v2.1.3/src/core/tftpc.c.obj
[ 85%] Building C object CMakeFiles/wpa_supplicant.dir/open_source/wpa_supplicant/src/ap/acs.c.obj
[ 85%] Building C object CMakeFiles/mbedtls.dir/open_source/mbedtls/mbedtls_v3.1.0/library/x509_crl.c.obj
[ 85%] Building C object CMakeFiles/mbedtls.dir/open_source/mbedtls/mbedtls_v3.1.0/library/x509_csr.c.obj
[ 86%] Building C object CMakeFiles/mbedtls.dir/open_source/mbedtls/mbedtls_v3.1.0/library/x509_crt.c.obj
[ 86%] Building C object open_source/lwip/CMakeFiles/lwip.dir/lwip_v2.1.3/src/core/filter.c.obj
[ 87%] Building C object CMakeFiles/wpa_supplicant.dir/open_source/wpa_supplicant/src/ap/pmksa_cache_auth.c.obj
[ 87%] Building C object CMakeFiles/mbedtls.dir/open_source/mbedtls/mbedtls_v3.1.0/library/x509write_crt.c.obj
[ 88%] Building C object open_source/lwip/CMakeFiles/lwip.dir/lwip_v2.1.3/src/core/sntp.c.obj
[ 88%] Building C object CMakeFiles/wpa_supplicant.dir/open_source/wpa_supplicant/wpa_supplicant/sme.c.obj
[ 88%] Building C object open_source/lwip/CMakeFiles/lwip.dir/lwip_v2.1.3/src/core/altcp_tcp.c.obj
[ 88%] Building C object CMakeFiles/mbedtls.dir/open_source/mbedtls/mbedtls_v3.1.0/library/net_sockets.c.obj
[ 88%] Building C object CMakeFiles/wpa_supplicant.dir/open_source/wpa_supplicant/src/common/dragonfly.c.obj
[ 88%] Building C object CMakeFiles/wpa_supplicant.dir/open_source/wpa_supplicant/src/rsn_supp/pmksa_cache.c.obj
[ 88%] Building C object CMakeFiles/mbedtls.dir/open_source/mbedtls/mbedtls_v3.1.0/library/x509write_csr.c.obj
[ 88%] Building C object CMakeFiles/wpa_supplicant.dir/open_source/wpa_supplicant/src/common/sae.c.obj
[ 88%] Building C object open_source/lwip/CMakeFiles/lwip.dir/lwip_v2.1.3/src/core/def.c.obj
[ 88%] Building C object CMakeFiles/wpa_supplicant.dir/middleware/services/wifi_service/wpa/ltos_src/eloop_ltos.c.obj
[ 88%] Building C object open_source/lwip/CMakeFiles/lwip.dir/lwip_v2.1.3/src/core/dns.c.obj
[ 88%] Building C object open_source/lwip/CMakeFiles/lwip.dir/lwip_v2.1.3/src/core/stats.c.obj
[ 88%] Building C object open_source/lwip/CMakeFiles/lwip.dir/lwip_v2.1.3/src/core/ipv6/mld6.c.obj
[ 88%] Building C object open_source/lwip/CMakeFiles/lwip.dir/lwip_v2.1.3/src/core/ipv6/inet6.c.obj
[ 88%] Built target mqtt
[ 88%] Building C object CMakeFiles/mbedtls.dir/open_source/mbedtls/mbedtls_v3.1.0/harden/src/cipher_adapt.c.obj
[ 88%] Building C object CMakeFiles/mbedtls.dir/open_source/mbedtls/mbedtls_v3.1.0/harden/src/cipher_common.c.obj
[ 88%] Building C object CMakeFiles/wpa_supplicant.dir/middleware/services/wifi_service/wpa/osdep/osdep_osal.c.obj
[ 88%] Building C object CMakeFiles/wpa_supplicant.dir/middleware/services/wifi_service/wpa/driver_soc/driver_soc.c.obj
[ 88%] Building C object open_source/lwip/CMakeFiles/lwip.dir/lwip_v2.1.3/src/core/ipv6/icmp6.c.obj
[ 88%] Building C object CMakeFiles/mbedtls.dir/open_source/mbedtls/mbedtls_v3.1.0/harden/src/cmac_harden.c.obj
[ 88%] Building C object CMakeFiles/wpa_supplicant.dir/middleware/services/wifi_service/wpa/driver_soc/driver_soc_ioctl.c.obj
[ 88%] Building C object open_source/lwip/CMakeFiles/lwip.dir/lwip_v2.1.3/src/core/ipv6/dhcp6.c.obj
[ 88%] Building C object CMakeFiles/wpa_supplicant.dir/open_source/wpa_supplicant/src/crypto/sha256-kdf.c.obj
[ 89%] Building C object CMakeFiles/wpa_supplicant.dir/open_source/wpa_supplicant/src/ap/ieee802_11_shared.c.obj
[ 89%] Building C object open_source/lwip/CMakeFiles/lwip.dir/lwip_v2.1.3/src/core/ipv6/ip6_addr.c.obj
[ 91%] Building C object open_source/lwip/CMakeFiles/lwip.dir/lwip_v2.1.3/src/core/ipv6/ip6_frag.c.obj
[ 91%] Building C object CMakeFiles/mbedtls.dir/open_source/mbedtls/mbedtls_v3.1.0/harden/src/ecc_harden_common.c.obj
[ 91%] Building C object open_source/lwip/CMakeFiles/lwip.dir/lwip_v2.1.3/src/core/ipv6/ethip6.c.obj
[ 91%] Building C object CMakeFiles/wpa_supplicant.dir/open_source/wpa_supplicant/src/utils/crc32.c.obj
[ 92%] Building C object CMakeFiles/mbedtls.dir/open_source/mbedtls/mbedtls_v3.1.0/harden/src/ecc_harden.c.obj
[ 92%] Building C object CMakeFiles/mbedtls.dir/open_source/mbedtls/mbedtls_v3.1.0/harden/src/hkdf_harden.c.obj
[ 92%] Building C object CMakeFiles/mbedtls.dir/open_source/mbedtls/mbedtls_v3.1.0/harden/src/pbkdf2_hmac_harden.c.obj
[ 92%] Building C object open_source/lwip/CMakeFiles/lwip.dir/lwip_v2.1.3/src/core/ipv6/nd6.c.obj
[ 92%] Building C object open_source/lwip/CMakeFiles/lwip.dir/lwip_v2.1.3/src/core/ipv6/ip6.c.obj
[ 92%] Building C object CMakeFiles/mbedtls.dir/open_source/mbedtls/mbedtls_v3.1.0/harden/src/bignum_harden.c.obj
[ 92%] Building C object open_source/lwip/CMakeFiles/lwip.dir/lwip_v2.1.3/src/core/init.c.obj
[ 92%] Building C object CMakeFiles/wpa_supplicant.dir/open_source/wpa_supplicant/src/crypto/sha384-prf.c.obj
[ 92%] Building C object CMakeFiles/mbedtls.dir/open_source/mbedtls/mbedtls_v3.1.0/harden/src/dfx.c.obj
[ 92%] Building C object open_source/lwip/CMakeFiles/lwip.dir/lwip_v2.1.3/src/core/sys.c.obj
[ 92%] Building C object CMakeFiles/wpa_supplicant.dir/open_source/wpa_supplicant/src/crypto/sha512-kdf.c.obj
[ 92%] Building C object CMakeFiles/wpa_supplicant.dir/open_source/wpa_supplicant/src/crypto/sha384-kdf.c.obj
[ 92%] Building C object CMakeFiles/mbedtls.dir/open_source/mbedtls/mbedtls_v3.1.0/harden/src/entropy_harden.c.obj
[ 92%] Building C object open_source/lwip/CMakeFiles/lwip.dir/lwip_v2.1.3/src/core/nat64/nat64_addr.c.obj
[ 92%] Building C object open_source/lwip/CMakeFiles/lwip.dir/lwip_v2.1.3/src/core/nat64/nat64_dns64.c.obj
[ 92%] Building C object CMakeFiles/wpa_supplicant.dir/open_source/wpa_supplicant/src/crypto/sha512-prf.c.obj
[ 93%] Building C object open_source/lwip/CMakeFiles/lwip.dir/lwip_v2.1.3/src/core/nat64/nat64_v4_dhcpc.c.obj
[ 93%] Building C object CMakeFiles/wpa_supplicant.dir/middleware/services/wifi_service/wpa/scan_list_adapt/scan_list_adapt.c.obj
[ 93%] Building C object CMakeFiles/wpa_supplicant.dir/open_source/wpa_supplicant/wpa_supplicant/notify.c.obj
[ 93%] Building C object CMakeFiles/mbedtls.dir/open_source/mbedtls/mbedtls_v3.1.0/harden/src/gcm_harden.c.obj
[ 93%] Building C object CMakeFiles/mbedtls.dir/open_source/mbedtls/mbedtls_v3.1.0/harden/src/ccm_harden.c.obj
/home/sueiny/fbb_ws63/src/open_source/mbedtls/mbedtls_v3.1.0/harden/src/ecc_harden.c:55:12: warning: ‘ecdsa_sig_alloc’ defined but not used [-Wunused-function]
 static int ecdsa_sig_alloc( const unsigned int klen, drv_pke_ecc_sig *sig )
            ^~~~~~~~~~~~~~~
[ 94%] Building C object CMakeFiles/mbedtls.dir/open_source/mbedtls/mbedtls_v3.1.0/harden/src/connect_src/hash_harden_adapt.c.obj
[ 94%] Building C object CMakeFiles/mbedtls.dir/open_source/mbedtls/mbedtls_v3.1.0/harden/src/hash_harden_common.c.obj
[ 94%] Building C object open_source/lwip/CMakeFiles/lwip.dir/lwip_v2.1.3/src/core/nat64/nat64.c.obj
[ 94%] Building C object open_source/lwip/CMakeFiles/lwip.dir/lwip_v2.1.3/src/core/altcp_alloc.c.obj
[ 94%] Building C object open_source/lwip/CMakeFiles/lwip.dir/lwip_v2.1.3/src/netif/ifaddrs.c.obj
[ 94%] Building C object CMakeFiles/mbedtls.dir/open_source/mbedtls/mbedtls_v3.1.0/harden/src/connect_src/sha1.c.obj
[ 94%] Building C object CMakeFiles/mbedtls.dir/open_source/mbedtls/mbedtls_v3.1.0/harden/src/connect_src/sha256.c.obj
[ 94%] Building C object open_source/lwip/CMakeFiles/lwip.dir/lwip_v2.1.3/src/netif/lowpan6_common.c.obj
[ 94%] Building C object open_source/lwip/CMakeFiles/lwip.dir/lwip_v2.1.3/src/api/netifapi.c.obj
[ 94%] Building C object CMakeFiles/mbedtls.dir/open_source/mbedtls/mbedtls_v3.1.0/harden/src/connect_src/sha512.c.obj
[ 94%] Building C object open_source/lwip/CMakeFiles/lwip.dir/lwip_v2.1.3/src/netif/lowpan6.c.obj
[ 94%] Building C object open_source/lwip/CMakeFiles/lwip.dir/lwip_v2.1.3/src/api/if_api.c.obj
[ 94%] Building C object CMakeFiles/mbedtls.dir/open_source/mbedtls/mbedtls_v3.1.0/harden/src/connect_src/aes_harden_adapt.c.obj
[ 94%] Building C object CMakeFiles/mbedtls.dir/open_source/mbedtls/mbedtls_v3.1.0/harden/src/connect_src/aes.c.obj
[ 94%] Building C object open_source/lwip/CMakeFiles/lwip.dir/lwip_v2.1.3/src/api/l3event.c.obj
[ 94%] Building C object CMakeFiles/mbedtls.dir/open_source/mbedtls/mbedtls_v3.1.0/harden/src/connect_src/rsa_harden_adapt.c.obj
[ 94%] Building C object CMakeFiles/mbedtls.dir/open_source/mbedtls/mbedtls_v3.1.0/harden/src/connect_src/rsa.c.obj
[ 94%] Building C object open_source/lwip/CMakeFiles/lwip.dir/lwip_v2.1.3/src/api/nat64_api.c.obj
[ 95%] Building C object open_source/lwip/CMakeFiles/lwip.dir/lwip_v2.1.3/src/api/err.c.obj
[ 95%] Building C object open_source/lwip/CMakeFiles/lwip.dir/lwip_v2.1.3/src/api/ethtool.c.obj
[ 95%] Building C object CMakeFiles/mbedtls.dir/open_source/mbedtls/mbedtls_v3.1.0/harden/src/connect_src/ecp.c.obj
[ 95%] Building C object open_source/lwip/CMakeFiles/lwip.dir/lwip_v2.1.3/src/api/netdb.c.obj
[ 96%] Building C object CMakeFiles/mbedtls.dir/open_source/mbedtls/mbedtls_v3.1.0/harden/src/connect_src/ecp_harden_adapt.c.obj
[ 96%] Building C object open_source/lwip/CMakeFiles/lwip.dir/lwip_v2.1.3/src/api/nettool/ping.c.obj
[ 96%] Building C object open_source/lwip/CMakeFiles/lwip.dir/lwip_v2.1.3/src/api/nettool/misc.c.obj
[ 96%] Building C object open_source/lwip/CMakeFiles/lwip.dir/lwip_v2.1.3/src/api/nettool/utility.c.obj
[ 96%] Building C object open_source/lwip/CMakeFiles/lwip.dir/lwip_v2.1.3/src/api/nettool/netstat.c.obj
[ 96%] Building C object open_source/lwip/CMakeFiles/lwip.dir/lwip_v2.1.3/src/api/nettool/ifconfig.c.obj
/home/sueiny/fbb_ws63/src/open_source/mbedtls/mbedtls_v3.1.0/harden/src/connect_src/rsa_harden_adapt.c: In function ‘inner_alloc_pub_key’:
/home/sueiny/fbb_ws63/src/open_source/mbedtls/mbedtls_v3.1.0/harden/src/connect_src/rsa_harden_adapt.c:59:31: warning: unused variable ‘e_len’ [-Wunused-variable]
     size_t size_align, n_len, e_len = 0;
                               ^~~~~
/home/sueiny/fbb_ws63/src/open_source/mbedtls/mbedtls_v3.1.0/harden/src/connect_src/rsa_harden_adapt.c:59:24: warning: unused variable ‘n_len’ [-Wunused-variable]
     size_t size_align, n_len, e_len = 0;
                        ^~~~~
/home/sueiny/fbb_ws63/src/open_source/mbedtls/mbedtls_v3.1.0/harden/src/connect_src/rsa_harden_adapt.c: In function ‘inner_alloc_priv_key_and_out_buf’:
/home/sueiny/fbb_ws63/src/open_source/mbedtls/mbedtls_v3.1.0/harden/src/connect_src/rsa_harden_adapt.c:106:31: warning: unused variable ‘d_len’ [-Wunused-variable]
     size_t size_align, n_len, d_len = 0;
                               ^~~~~
/home/sueiny/fbb_ws63/src/open_source/mbedtls/mbedtls_v3.1.0/harden/src/connect_src/rsa_harden_adapt.c:106:24: warning: unused variable ‘n_len’ [-Wunused-variable]
     size_t size_align, n_len, d_len = 0;
                        ^~~~~
[ 97%] Linking C static library ../../../../interim_binary/ws63/libs/wifi/ws63-liteos-app/libwpa_supplicant.a
/home/sueiny/fbb_ws63/src/open_source/mbedtls/mbedtls_v3.1.0/harden/src/connect_src/rsa.c: In function ‘mbedtls_rsa_rsaes_oaep_encrypt’:
/home/sueiny/fbb_ws63/src/open_source/mbedtls/mbedtls_v3.1.0/harden/src/connect_src/rsa.c:733:35: warning: unused parameter ‘f_rng’ [-Wunused-parameter]
                             int (*f_rng)(void *, unsigned char *, size_t),
                                   ^~~~~
/home/sueiny/fbb_ws63/src/open_source/mbedtls/mbedtls_v3.1.0/harden/src/connect_src/rsa.c:734:35: warning: unused parameter ‘p_rng’ [-Wunused-parameter]
                             void *p_rng,
                                   ^~~~~
/home/sueiny/fbb_ws63/src/open_source/mbedtls/mbedtls_v3.1.0/harden/src/connect_src/rsa.c: In function ‘mbedtls_rsa_rsaes_pkcs1_v15_encrypt’:
/home/sueiny/fbb_ws63/src/open_source/mbedtls/mbedtls_v3.1.0/harden/src/connect_src/rsa.c:785:20: warning: unused variable ‘p’ [-Wunused-variable]
     unsigned char *p = output;
                    ^
/home/sueiny/fbb_ws63/src/open_source/mbedtls/mbedtls_v3.1.0/harden/src/connect_src/rsa.c:784:9: warning: unused variable ‘ret’ [-Wunused-variable]
     int ret = MBEDTLS_ERR_ERROR_CORRUPTION_DETECTED;
         ^~~
/home/sueiny/fbb_ws63/src/open_source/mbedtls/mbedtls_v3.1.0/harden/src/connect_src/rsa.c:783:12: warning: unused variable ‘nb_pad’ [-Wunused-variable]
     size_t nb_pad, olen;
            ^~~~~~
/home/sueiny/fbb_ws63/src/open_source/mbedtls/mbedtls_v3.1.0/harden/src/connect_src/rsa.c:778:40: warning: unused parameter ‘f_rng’ [-Wunused-parameter]
                                  int (*f_rng)(void *, unsigned char *, size_t),
                                        ^~~~~
/home/sueiny/fbb_ws63/src/open_source/mbedtls/mbedtls_v3.1.0/harden/src/connect_src/rsa.c:779:40: warning: unused parameter ‘p_rng’ [-Wunused-parameter]
                                  void *p_rng, size_t ilen,
                                        ^~~~~
/home/sueiny/fbb_ws63/src/open_source/mbedtls/mbedtls_v3.1.0/harden/src/connect_src/rsa.c: In function ‘mbedtls_rsa_rsaes_oaep_decrypt’:
/home/sueiny/fbb_ws63/src/open_source/mbedtls/mbedtls_v3.1.0/harden/src/connect_src/rsa.c:848:35: warning: unused parameter ‘f_rng’ [-Wunused-parameter]
                             int (*f_rng)(void *, unsigned char *, size_t),
                                   ^~~~~
/home/sueiny/fbb_ws63/src/open_source/mbedtls/mbedtls_v3.1.0/harden/src/connect_src/rsa.c:849:35: warning: unused parameter ‘p_rng’ [-Wunused-parameter]
                             void *p_rng,
                                   ^~~~~
/home/sueiny/fbb_ws63/src/open_source/mbedtls/mbedtls_v3.1.0/harden/src/connect_src/rsa.c: In function ‘mbedtls_rsa_rsaes_pkcs1_v15_decrypt’:
/home/sueiny/fbb_ws63/src/open_source/mbedtls/mbedtls_v3.1.0/harden/src/connect_src/rsa.c:899:40: warning: unused parameter ‘f_rng’ [-Wunused-parameter]
                                  int (*f_rng)(void *, unsigned char *, size_t),
                                        ^~~~~
/home/sueiny/fbb_ws63/src/open_source/mbedtls/mbedtls_v3.1.0/harden/src/connect_src/rsa.c:900:40: warning: unused parameter ‘p_rng’ [-Wunused-parameter]
                                  void *p_rng,
                                        ^~~~~
/home/sueiny/fbb_ws63/src/open_source/mbedtls/mbedtls_v3.1.0/harden/src/connect_src/rsa.c: In function ‘rsa_rsassa_pss_sign’:
/home/sueiny/fbb_ws63/src/open_source/mbedtls/mbedtls_v3.1.0/harden/src/connect_src/rsa.c:967:32: warning: unused parameter ‘f_rng’ [-Wunused-parameter]
                          int (*f_rng)(void *, unsigned char *, size_t),
                                ^~~~~
/home/sueiny/fbb_ws63/src/open_source/mbedtls/mbedtls_v3.1.0/harden/src/connect_src/rsa.c:968:32: warning: unused parameter ‘p_rng’ [-Wunused-parameter]
                          void *p_rng,
                                ^~~~~
/home/sueiny/fbb_ws63/src/open_source/mbedtls/mbedtls_v3.1.0/harden/src/connect_src/rsa.c:972:30: warning: unused parameter ‘saltlen’ [-Wunused-parameter]
                          int saltlen,
                              ^~~~~~~
/home/sueiny/fbb_ws63/src/open_source/mbedtls/mbedtls_v3.1.0/harden/src/connect_src/rsa.c: In function ‘mbedtls_rsa_rsassa_pss_sign_ext’:
/home/sueiny/fbb_ws63/src/open_source/mbedtls/mbedtls_v3.1.0/harden/src/connect_src/rsa.c:1004:59: warning: unused parameter ‘ctx’ [-Wunused-parameter]
 int mbedtls_rsa_rsassa_pss_sign_ext( mbedtls_rsa_context *ctx,
                                                           ^~~
/home/sueiny/fbb_ws63/src/open_source/mbedtls/mbedtls_v3.1.0/harden/src/connect_src/rsa.c:1005:32: warning: unused parameter ‘f_rng’ [-Wunused-parameter]
                          int (*f_rng)(void *, unsigned char *, size_t),
                                ^~~~~
/home/sueiny/fbb_ws63/src/open_source/mbedtls/mbedtls_v3.1.0/harden/src/connect_src/rsa.c:1006:32: warning: unused parameter ‘p_rng’ [-Wunused-parameter]
                          void *p_rng,
                                ^~~~~
/home/sueiny/fbb_ws63/src/open_source/mbedtls/mbedtls_v3.1.0/harden/src/connect_src/rsa.c:1007:44: warning: unused parameter ‘md_alg’ [-Wunused-parameter]
                          mbedtls_md_type_t md_alg,
                                            ^~~~~~
/home/sueiny/fbb_ws63/src/open_source/mbedtls/mbedtls_v3.1.0/harden/src/connect_src/rsa.c:1008:39: warning: unused parameter ‘hashlen’ [-Wunused-parameter]
                          unsigned int hashlen,
                                       ^~~~~~~
/home/sueiny/fbb_ws63/src/open_source/mbedtls/mbedtls_v3.1.0/harden/src/connect_src/rsa.c:1009:47: warning: unused parameter ‘hash’ [-Wunused-parameter]
                          const unsigned char *hash,
                                               ^~~~
/home/sueiny/fbb_ws63/src/open_source/mbedtls/mbedtls_v3.1.0/harden/src/connect_src/rsa.c:1010:30: warning: unused parameter ‘saltlen’ [-Wunused-parameter]
                          int saltlen,
                              ^~~~~~~
/home/sueiny/fbb_ws63/src/open_source/mbedtls/mbedtls_v3.1.0/harden/src/connect_src/rsa.c:1011:41: warning: unused parameter ‘sig’ [-Wunused-parameter]
                          unsigned char *sig )
                                         ^~~
/home/sueiny/fbb_ws63/src/open_source/mbedtls/mbedtls_v3.1.0/harden/src/connect_src/rsa.c: In function ‘mbedtls_rsa_rsassa_pkcs1_v15_sign’:
/home/sueiny/fbb_ws63/src/open_source/mbedtls/mbedtls_v3.1.0/harden/src/connect_src/rsa.c:1043:38: warning: unused parameter ‘f_rng’ [-Wunused-parameter]
                                int (*f_rng)(void *, unsigned char *, size_t),
                                      ^~~~~
/home/sueiny/fbb_ws63/src/open_source/mbedtls/mbedtls_v3.1.0/harden/src/connect_src/rsa.c:1044:38: warning: unused parameter ‘p_rng’ [-Wunused-parameter]
                                void *p_rng,
                                      ^~~~~
/home/sueiny/fbb_ws63/src/open_source/mbedtls/mbedtls_v3.1.0/harden/src/connect_src/rsa.c: In function ‘mbedtls_rsa_rsassa_pss_verify_ext’:
/home/sueiny/fbb_ws63/src/open_source/mbedtls/mbedtls_v3.1.0/harden/src/connect_src/rsa.c:1122:36: warning: unused parameter ‘expected_salt_len’ [-Wunused-parameter]
                                int expected_salt_len,
                                    ^~~~~~~~~~~~~~~~~
/home/sueiny/fbb_ws63/src/open_source/mbedtls/mbedtls_v3.1.0/harden/src/connect_src/ecp.c: In function ‘mbedtls_ecp_mul_restartable’:
/home/sueiny/fbb_ws63/src/open_source/mbedtls/mbedtls_v3.1.0/harden/src/connect_src/ecp.c:139:58: warning: unused parameter ‘p_rng’ [-Wunused-parameter]
     int (*f_rng)(void *, unsigned char *, size_t), void *p_rng,
                                                          ^~~~~
/home/sueiny/fbb_ws63/src/open_source/mbedtls/mbedtls_v3.1.0/harden/src/connect_src/ecp.c:140:30: warning: unused parameter ‘rs_ctx’ [-Wunused-parameter]
     mbedtls_ecp_restart_ctx *rs_ctx)
                              ^~~~~~
[ 97%] Linking C static library libmbedtls.a
[ 98%] Linking C static library ../../../../../../interim_binary/ws63/libs/wifi/ws63-liteos-app/liblwip.a
[ 98%] Built target wpa_supplicant
[ 98%] Built target mbedtls
[ 98%] Built target lwip
Scanning dependencies of target ws63-liteos-app
[ 98%] Building C object CMakeFiles/ws63-liteos-app.dir/temp/__null___.c.obj
[ 98%] Linking C executable ws63-liteos-app.elf
Generating /home/sueiny/fbb_ws63/src/drivers/boards/ws63/evb/linker/ws63_liteos_app_linker/linker.prelds -> /home/sueiny/fbb_ws63/src/output/ws63/acore/ws63-liteos-app/linker.lds
Memory region         Used Size  Region Size  %age Used
             ROM:          0 GB       268 KB      0.00%
            ITCM:       12984 B        16 KB     79.25%
            DTCM:       14924 B        16 KB     91.09%
            SRAM:      188480 B     548608 B     34.36%
PRESERVE_SHARE_MEM:         252 B        256 B     98.44%
 PROGRAM_STARTUP:         476 B         1 KB     46.48%
         PROGRAM:     1301204 B    2357504 B     55.19%
[ 98%] Built target ws63-liteos-app
Scanning dependencies of target GENERAT_LST
Scanning dependencies of target GENERAT_NM
Scanning dependencies of target GENERAT_BIN
Scanning dependencies of target GENERAT_ASM
Scanning dependencies of target GENERAT_CODESIZE_STATISTIC
[ 98%] post_build:gen rom and ram bin file
[ 98%] Built target GENERAT_NM
[ 98%] Built target GENERAT_BIN
Scanning dependencies of target GENERAT_ROM_HEX
Scanning dependencies of target GENERAT_NVBIN
Scanning dependencies of target GENERAT_STD_HEX
Scanning dependencies of target GENERAT_ROM_PATCH
Scanning dependencies of target GENERAT_HEX
[ 98%] update nv bin
[ 98%] Built target GENERAT_ROM_HEX
codesize statistics done
[ 98%] Built target GENERAT_STD_HEX
[ 98%] Built target GENERAT_CODESIZE_STATISTIC
build nv bin success!!
[ 98%] Built target GENERAT_NVBIN
[ 98%] Built target GENERAT_HEX
Generating ws63-liteos-app.bin...
[ 98%] Built target GENERAT_ROM_PATCH
Scanning dependencies of target WS63_GENERAT_SIGNBIN
[100%] ws63 image sign
generate params.bin...
Build params success!
params.bin size:  1024
params.bin generate successfully!!!
params_sign.bin generate successfully!!!
generate fill root_pubk.bin
merge out path:  /home/sueiny/fbb_ws63/src/build/config/target_config/ws63/sign_config
root_params_sign.bin generate successfully!!!
sign name:  ../../../../../output/ws63/acore/ws63-ssb/ssb.bin
../../../../../output/ws63/acore/ws63-ssb/ssb.bin size:  20928
../../../../../output/ws63/acore/ws63-ssb/ssb.bin  generated successfully!!!
ssb_sign.bin generated successfully!!!
../../../../../output/ws63/acore/ws63-flashboot/flashboot.bin size:  48704
flash_sign.bin generated successfully!!!
../../../../../output/ws63/acore/ws63-loaderboot/loaderboot.bin size:  30912
loaderboot_sign.bin generated successfully!!!
merge out path:  /home/sueiny/fbb_ws63/src/output/ws63/acore/ws63-loaderboot
root_loaderboot_sign.bin generated successfully!!!
sign name:  ../../../../../output/ws63/acore/ws63-liteos-app/ws63-liteos-app.bin
../../../../../output/ws63/acore/ws63-liteos-app/ws63-liteos-app.bin size:  1302228
../../../../../output/ws63/acore/ws63-liteos-app/ws63-liteos-app.bin  generated successfully!!!
sign name:  ../../../../../output/ws63/acore/boot_bin/ws63-liteos-mfg.bin
../../../../../output/ws63/acore/boot_bin/ws63-liteos-mfg.bin size:  1262848
../../../../../output/ws63/acore/boot_bin/ws63-liteos-mfg.bin  generated successfully!!!
[100%] Built target WS63_GENERAT_SIGNBIN
[100%] Built target GENERAT_ASM
[100%] Built target GENERAT_LST
Scanning dependencies of target GENERAT_MEM
Scanning dependencies of target GENERAT_MEM_LIMIT
[100%] MEM_LIMIT
[100%] Built target GENERAT_MEM_LIMIT
[100%] Built target GENERAT_MEM
Scanning dependencies of target HSO_DB_MKDIR
Scanning dependencies of target HSO_DB_BT_STATUS
[  0%] HSO_DB Makedir
[  0%] Built target HSO_DB_MKDIR
Scanning dependencies of target HSO_DB_pmp_cfg_ws63
Scanning dependencies of target HSO_DB_diag_dfx_cmd
Scanning dependencies of target HSO_DB_soc_log
Scanning dependencies of target HSO_DB_hal_security_unified
Scanning dependencies of target HSO_DB_dfx_diag
Scanning dependencies of target HSO_DB_drv_security_unified
Scanning dependencies of target HSO_DB_pm_port_ws63
Scanning dependencies of target HSO_DB_dfx_log_reader
Scanning dependencies of target HSO_DB_dfx_panic
Scanning dependencies of target HSO_DB_coap
[  0%] Building HSO_DB_diag_dfx_cmd
Scanning dependencies of target HSO_DB_dfx_log
Scanning dependencies of target HSO_DB_tiot_driver
Scanning dependencies of target HSO_DB_dfx_printer
Scanning dependencies of target HSO_DB_update_storage
Scanning dependencies of target HSO_DB_update_ab_ws63
Scanning dependencies of target HSO_DB_update_common
Scanning dependencies of target HSO_DB_i2s
Scanning dependencies of target HSO_DB_factory_ws63
[  0%] Building HSO_DB_pmp_cfg_ws63
[  0%] Building HSO_DB_soc_log
Scanning dependencies of target HSO_DB_wifi_btcoex
Scanning dependencies of target HSO_DB_sio_port
Scanning dependencies of target HSO_DB_nv_ws63
Scanning dependencies of target HSO_DB_wifi_radar_sensor
[  0%] Building HSO_DB_drv_security_unified
[  0%] Building HSO_DB_hal_security_unified
Scanning dependencies of target HSO_DB_wifi_csa
Scanning dependencies of target HSO_DB_wifi_tx_amsdu
Scanning dependencies of target HSO_DB_wifi_uapsd_ap
[  0%] Building HSO_DB_dfx_diag
[  0%] Building HSO_DB_dfx_log
[  0%] Building HSO_DB_pm_port_ws63
[  9%] Building HSO_DB_dfx_panic
[  9%] Building HSO_DB_dfx_log_reader
[  9%] Building HSO_DB_tiot_driver
[  9%] Building HSO_DB_factory_ws63
[  9%] Building HSO_DB_coap
[ 18%] Building HSO_DB_update_common
[ 18%] Building HSO_DB_update_storage
[ 18%] Building HSO_DB_nv_ws63
[ 18%] Building HSO_DB_update_ab_ws63
[ 18%] Building HSO_DB_dfx_printer
[ 18%] Building HSO_DB_sio_port
[ 18%] Building HSO_DB_i2s
[ 18%] Built target HSO_DB_BT_STATUS
[ 18%] Building HSO_DB_wifi_radar_sensor
[ 18%] Building HSO_DB_wifi_tx_amsdu
[ 18%] Building HSO_DB_wifi_csa
[ 18%] Building HSO_DB_wifi_uapsd_ap
[ 18%] Building HSO_DB_wifi_btcoex
Scanning dependencies of target HSO_DB_wpa_supplicant
Scanning dependencies of target HSO_DB_soc_port
Scanning dependencies of target HSO_DB_plt_at
Scanning dependencies of target HSO_DB_wifi_at
Scanning dependencies of target HSO_DB_mbedtls
Scanning dependencies of target HSO_DB_lwip
Scanning dependencies of target HSO_DB_algorithm
[ 27%] Building HSO_DB_soc_port
[ 27%] Building HSO_DB_wpa_supplicant
[ 27%] Built target HSO_DB_diag_dfx_cmd
[ 27%] Building HSO_DB_plt_at
[ 27%] Built target HSO_DB_pmp_cfg_ws63
[ 27%] Building HSO_DB_mbedtls
[ 27%] Building HSO_DB_wifi_at
[ 27%] Building HSO_DB_lwip
[ 27%] Built target HSO_DB_soc_log
[ 27%] Built target HSO_DB_pm_port_ws63
[ 27%] Building HSO_DB_algorithm
[ 27%] Built target HSO_DB_dfx_printer
Scanning dependencies of target HSO_DB_gpio_port
[ 27%] Built target HSO_DB_factory_ws63
Scanning dependencies of target HSO_DB_hal_gpio_v150
[ 27%] Built target HSO_DB_update_storage
Scanning dependencies of target HSO_DB_gpio
[ 27%] Built target HSO_DB_nv_ws63
Scanning dependencies of target HSO_DB_uart_port
[ 27%] Built target HSO_DB_dfx_panic
[ 27%] Building HSO_DB_gpio_port
[ 27%] Built target HSO_DB_dfx_log_reader
[ 27%] Built target HSO_DB_update_ab_ws63
Scanning dependencies of target HSO_DB_hal_cpu_core
[ 36%] Building HSO_DB_hal_gpio_v150
[ 36%] Built target HSO_DB_i2s
Scanning dependencies of target HSO_DB_cpu_utils
[ 36%] Building HSO_DB_gpio
Scanning dependencies of target HSO_DB_nv
[ 36%] Building HSO_DB_uart_port
Scanning dependencies of target HSO_DB_reboot_port
[ 36%] Built target HSO_DB_sio_port
Scanning dependencies of target HSO_DB_hal_reboot
[ 36%] Built target HSO_DB_dfx_diag
[ 36%] Built target HSO_DB_tiot_driver
[ 36%] Built target HSO_DB_soc_port
[ 36%] Built target HSO_DB_hal_security_unified
[ 36%] Building HSO_DB_hal_cpu_core
Scanning dependencies of target HSO_DB_tsensor
Scanning dependencies of target HSO_DB_reboot
[ 36%] Building HSO_DB_cpu_utils
[ 36%] Built target HSO_DB_plt_at
[ 36%] Building HSO_DB_reboot_port
[ 36%] Building HSO_DB_nv
[ 36%] Built target HSO_DB_wifi_tx_amsdu
Scanning dependencies of target HSO_DB_dfx_port_ws63
Scanning dependencies of target HSO_DB_hal_efuse_v151
Scanning dependencies of target HSO_DB_hal_mips
[ 36%] Building HSO_DB_hal_reboot
[ 36%] Building HSO_DB_tsensor
[ 36%] Building HSO_DB_reboot
Scanning dependencies of target HSO_DB_osal
[ 36%] Built target HSO_DB_wifi_radar_sensor
Scanning dependencies of target HSO_DB_log_file
Scanning dependencies of target HSO_DB_dyn_mem
[ 36%] Building HSO_DB_hal_efuse_v151
[ 36%] Built target HSO_DB_wifi_uapsd_ap
Scanning dependencies of target HSO_DB_i2c_porting
[ 36%] Built target HSO_DB_algorithm
[ 45%] Building HSO_DB_osal
[ 45%] Built target HSO_DB_wifi_at
Scanning dependencies of target HSO_DB_osal_adapt
[ 45%] Building HSO_DB_hal_mips
[ 45%] Building HSO_DB_dfx_port_ws63
[ 45%] Building HSO_DB_log_file
[ 45%] Building HSO_DB_dyn_mem
[ 45%] Built target HSO_DB_drv_security_unified
[ 45%] Building HSO_DB_i2c_porting
[ 45%] Built target HSO_DB_update_common
[ 45%] Building HSO_DB_osal_adapt
Scanning dependencies of target HSO_DB_at
Scanning dependencies of target HSO_DB_spi
Scanning dependencies of target HSO_DB_wifi_service
Scanning dependencies of target HSO_DB_wifi_frag
[ 45%] Built target HSO_DB_hal_gpio_v150
[ 45%] Built target HSO_DB_gpio
[ 45%] Built target HSO_DB_gpio_port
Scanning dependencies of target HSO_DB_sfc_port_ws63
Scanning dependencies of target HSO_DB_i2c
[ 54%] Building HSO_DB_at
[ 54%] Built target HSO_DB_uart_port
[ 54%] Built target HSO_DB_reboot_port
[ 54%] Building HSO_DB_spi
[ 54%] Building HSO_DB_wifi_service
[ 63%] Building HSO_DB_wifi_frag
[ 63%] Built target HSO_DB_tsensor
[ 63%] Built target HSO_DB_hal_cpu_core
Scanning dependencies of target HSO_DB_app_init
[ 63%] Building HSO_DB_i2c
Scanning dependencies of target HSO_DB_nv_zdiag_ws63
[ 63%] Built target HSO_DB_cpu_utils
Scanning dependencies of target HSO_DB_hal_uart
[ 63%] Building HSO_DB_sfc_port_ws63
Scanning dependencies of target HSO_DB_efuse
Scanning dependencies of target HSO_DB_update_common_ws63
[ 63%] Built target HSO_DB_hal_reboot
[ 63%] Building HSO_DB_app_init
Scanning dependencies of target HSO_DB_dfx_exception
Scanning dependencies of target HSO_DB_partition_ws63
[ 63%] Built target HSO_DB_reboot
[ 63%] Built target HSO_DB_wifi_csa
Scanning dependencies of target HSO_DB_lwip_tcm
[ 63%] Built target HSO_DB_dfx_log
[ 63%] Building HSO_DB_nv_zdiag_ws63
[ 63%] Built target HSO_DB_i2c_porting
[ 72%] Building HSO_DB_efuse
[ 72%] Built target HSO_DB_hal_efuse_v151
[ 72%] Building HSO_DB_dfx_exception
[ 72%] Built target HSO_DB_hal_mips
[ 72%] Built target HSO_DB_nv
[ 72%] Built target HSO_DB_coap
[ 72%] Building HSO_DB_hal_uart
[ 72%] Built target HSO_DB_osal_adapt
[ 72%] Built target HSO_DB_dyn_mem
[ 72%] Building HSO_DB_update_common_ws63
[ 81%] Building HSO_DB_lwip_tcm
[ 81%] Building HSO_DB_partition_ws63
Scanning dependencies of target HSO_DB_wifi_auto_adjust_freq
Scanning dependencies of target HSO_DB_hal_dma_v151
Scanning dependencies of target HSO_DB_pwm
Scanning dependencies of target HSO_DB_mqtt
Scanning dependencies of target HSO_DB_lpm
[ 81%] Built target HSO_DB_osal
[ 81%] Built target HSO_DB_dfx_port_ws63
[ 81%] Built target HSO_DB_log_file
Scanning dependencies of target HSO_DB_cjson
Scanning dependencies of target HSO_DB_tsensor_port
Scanning dependencies of target HSO_DB_samples
Scanning dependencies of target HSO_DB_hal_pwm
Scanning dependencies of target HSO_DB_dma
[ 81%] Built target HSO_DB_spi
[ 90%] Building HSO_DB_pwm
[ 90%] Building HSO_DB_hal_dma_v151
[ 90%] Building HSO_DB_wifi_auto_adjust_freq
Scanning dependencies of target HSO_DB_pwm_port
[ 90%] Building HSO_DB_mqtt
[ 90%] Building HSO_DB_tsensor_port
[ 90%] Building HSO_DB_lpm
[ 90%] Built target HSO_DB_i2c
Scanning dependencies of target HSO_DB_chip_ws63
[ 90%] Building HSO_DB_cjson
[ 90%] Built target HSO_DB_at
[ 90%] Built target HSO_DB_app_init
[ 90%] Building HSO_DB_hal_pwm
Scanning dependencies of target HSO_DB_pmp_port
[ 90%] Building HSO_DB_samples
[ 90%] Built target HSO_DB_sfc_port_ws63
[ 90%] Built target HSO_DB_wifi_service
[ 90%] Building HSO_DB_dma
[ 90%] Built target HSO_DB_nv_zdiag_ws63
[ 90%] Building HSO_DB_pwm_port
[ 90%] Building HSO_DB_chip_ws63
Scanning dependencies of target HSO_DB_adc
Scanning dependencies of target HSO_DB_hal_adc
Scanning dependencies of target HSO_DB_hal_spi
Scanning dependencies of target HSO_DB_mips
[ 90%] Built target HSO_DB_dfx_exception
[ 90%] Building HSO_DB_pmp_port
Scanning dependencies of target HSO_DB_adc_port
[ 90%] Built target HSO_DB_partition_ws63
[ 90%] Built target HSO_DB_wifi_frag
[ 90%] Built target HSO_DB_efuse
[ 90%] Built target HSO_DB_hal_uart
Scanning dependencies of target HSO_DB_dma_port
Scanning dependencies of target HSO_DB_hal_i2c
Scanning dependencies of target HSO_DB_sfc_flash_config_ws63
[ 90%] Building HSO_DB_hal_adc
[ 90%] Building HSO_DB_mips
[ 90%] Building HSO_DB_adc
Scanning dependencies of target HSO_DB_mac_addr_ws63
[ 90%] Building HSO_DB_adc_port
[ 90%] Building HSO_DB_dma_port
[ 90%] Building HSO_DB_hal_spi
[ 90%] Building HSO_DB_hal_i2c
Scanning dependencies of target HSO_DB_uart
Scanning dependencies of target HSO_DB_update_storage_ws63
Scanning dependencies of target HSO_DB_efuse_port
[ 90%] Built target HSO_DB_lpm
[ 90%] Built target HSO_DB_pwm
[ 90%] Building HSO_DB_sfc_flash_config_ws63
Scanning dependencies of target HSO_DB_spi_porting
[ 90%] Built target HSO_DB_hal_dma_v151
[ 90%] Built target HSO_DB_tsensor_port
[ 90%] Building HSO_DB_mac_addr_ws63
[ 90%] Building HSO_DB_uart
[ 90%] Building HSO_DB_efuse_port
Scanning dependencies of target HSO_DB_pmp
Scanning dependencies of target HSO_DB_hal_pmp
[ 90%] Built target HSO_DB_update_common_ws63
[ 90%] Built target HSO_DB_hal_pwm
[ 90%] Building HSO_DB_update_storage_ws63
[ 90%] Built target HSO_DB_pwm_port
[ 90%] Built target HSO_DB_wifi_btcoex
Scanning dependencies of target HSO_DB_version_port
Scanning dependencies of target HSO_DB_dfx_preserve
[ 90%] Building HSO_DB_spi_porting
[ 90%] Built target HSO_DB_wifi_auto_adjust_freq
[ 90%] Building HSO_DB_hal_pmp
[ 90%] Building HSO_DB_pmp
[ 90%] Built target HSO_DB_chip_ws63
[ 90%] Built target HSO_DB_pmp_port
Scanning dependencies of target HSO_DB_partition
Scanning dependencies of target HSO_DB_ws63_liteos_app
[ 90%] Built target HSO_DB_dma
[ 90%] Built target HSO_DB_cjson
Scanning dependencies of target HSO_DB_xo_trim_port
[ 90%] Building HSO_DB_dfx_preserve
[ 90%] Built target HSO_DB_mips
Scanning dependencies of target HSO_DB_hal_tsensor
[ 90%] Building HSO_DB_version_port
[ 90%] Built target HSO_DB_samples
Scanning dependencies of target HSO_DB_liteos_port
[ 90%] Building HSO_DB_partition
Scanning dependencies of target HSO_DB_hal_sio
[ 90%] Building HSO_DB_ws63_liteos_app
[ 90%] Built target HSO_DB_adc_port
[ 90%] Built target HSO_DB_adc
Scanning dependencies of target HSO_DB_non_os
[ 90%] Built target HSO_DB_hal_spi
[ 90%] Built target HSO_DB_hal_adc
[ 90%] Building HSO_DB_xo_trim_port
[100%] Building HSO_DB_hal_tsensor
[100%] Building HSO_DB_liteos_port
[100%] Built target HSO_DB_hal_i2c
[100%] Built target HSO_DB_dma_port
[100%] Building HSO_DB_hal_sio
[100%] Building HSO_DB_non_os
[100%] Built target HSO_DB_efuse_port
[100%] Built target HSO_DB_sfc_flash_config_ws63
[100%] Built target HSO_DB_mac_addr_ws63
[100%] Built target HSO_DB_uart
[100%] Built target HSO_DB_hal_pmp
[100%] Built target HSO_DB_update_storage_ws63
[100%] Built target HSO_DB_spi_porting
[100%] Built target HSO_DB_pmp
[100%] Built target HSO_DB_version_port
[100%] Built target HSO_DB_partition
[100%] Built target HSO_DB_hal_tsensor
[100%] Built target HSO_DB_mqtt
[100%] Built target HSO_DB_non_os
[100%] Built target HSO_DB_xo_trim_port
[100%] Built target HSO_DB_liteos_port
[100%] Built target HSO_DB_hal_sio
[100%] Built target HSO_DB_ws63_liteos_app
[100%] Built target HSO_DB_lwip
[100%] Built target HSO_DB_dfx_preserve
[100%] Built target HSO_DB_lwip_tcm
[100%] Built target HSO_DB_mbedtls
[100%] Built target HSO_DB_wpa_supplicant
Scanning dependencies of target HSO_DB
Merge HSO_XML & Create HSO_DB
[DEBUG] Parsing XML file: /home/sueiny/fbb_ws63/src/output/ws63/build_hso_cfg/hso_database/xml/base/acore/preserve.c.xml
[DEBUG] Parsing XML file: /home/sueiny/fbb_ws63/src/output/ws63/build_hso_cfg/hso_database/xml/base/acore/upg_storage.c.xml
[DEBUG] Parsing XML file: /home/sueiny/fbb_ws63/src/output/ws63/build_hso_cfg/hso_database/xml/base/acore/log_uart.c.xml
[DEBUG] Parsing XML file: /home/sueiny/fbb_ws63/src/output/ws63/build_hso_cfg/hso_database/xml/base/acore/hmac_radar_sensor.c.xml
[DEBUG] Parsing XML file: /home/sueiny/fbb_ws63/src/output/ws63/build_hso_cfg/hso_database/xml/base/acore/hmac_btcoex_btsta.c.xml
[DEBUG] Parsing XML file: /home/sueiny/fbb_ws63/src/output/ws63/build_hso_cfg/hso_database/xml/base/acore/log_oam_msg.c.xml
[DEBUG] Parsing XML file: /home/sueiny/fbb_ws63/src/output/ws63/build_hso_cfg/hso_database/xml/base/acore/hmac_btcoex_ba.c.xml
[DEBUG] Parsing XML file: /home/sueiny/fbb_ws63/src/output/ws63/build_hso_cfg/hso_database/xml/base/acore/hmac_csa_sta.c.xml
[DEBUG] Parsing XML file: /home/sueiny/fbb_ws63/src/output/ws63/build_hso_cfg/hso_database/xml/base/acore/hmac_btcoex_notify.c.xml
[DEBUG] Parsing XML file: /home/sueiny/fbb_ws63/src/output/ws63/build_hso_cfg/hso_database/xml/base/acore/upg_verify.c.xml
[DEBUG] Parsing XML file: /home/sueiny/fbb_ws63/src/output/ws63/build_hso_cfg/hso_database/xml/base/acore/upg_common_porting.c.xml
[DEBUG] Parsing XML file: /home/sueiny/fbb_ws63/src/output/ws63/build_hso_cfg/hso_database/xml/base/acore/hmac_btcoex_ps.c.xml
[DEBUG] Parsing XML file: /home/sueiny/fbb_ws63/src/output/ws63/build_hso_cfg/hso_database/xml/base/acore/log_oml_exception.c.xml
[DEBUG] Parsing XML file: /home/sueiny/fbb_ws63/src/output/ws63/build_hso_cfg/hso_database/xml/base/acore/upg_ab.c.xml
[DEBUG] Parsing XML file: /home/sueiny/fbb_ws63/src/output/ws63/build_hso_cfg/hso_database/xml/base/acore/hmac_frag.c.xml
[DEBUG] Parsing XML file: /home/sueiny/fbb_ws63/src/output/ws63/build_hso_cfg/hso_database/xml/base/acore/log_buffer_reader.c.xml
[DEBUG] Parsing XML file: /home/sueiny/fbb_ws63/src/output/ws63/build_hso_cfg/hso_database/xml/base/acore/hmac_tx_amsdu.c.xml
[DEBUG] Parsing XML file: /home/sueiny/fbb_ws63/src/output/ws63/build_hso_cfg/hso_database/xml/base/acore/hmac_auto_adjust_freq.c.xml
[DEBUG] Parsing XML file: /home/sueiny/fbb_ws63/src/output/ws63/build_hso_cfg/hso_database/xml/base/acore/log.c.xml
[DEBUG] Parsing XML file: /home/sueiny/fbb_ws63/src/output/ws63/build_hso_cfg/hso_database/xml/base/acore/hmac_csa_ap.c.xml
[DEBUG] Parsing XML file: /home/sueiny/fbb_ws63/src/output/ws63/build_hso_cfg/hso_database/xml/base/acore/upg_common.c.xml
[DEBUG] Parsing XML file: /home/sueiny/fbb_ws63/src/output/ws63/build_hso_cfg/hso_database/xml/base/acore/hmac_btcoex.c.xml
[DEBUG] Parsing XML file: /home/sueiny/fbb_ws63/src/output/ws63/build_hso_cfg/hso_database/xml/base/acore/panic.c.xml
[DEBUG] Parsing XML file: /home/sueiny/fbb_ws63/src/output/ws63/build_hso_cfg/hso_database/xml/base/acore/hmac_btcoex_m2s.c.xml
[DEBUG] Parsing XML file: /home/sueiny/fbb_ws63/src/output/ws63/build_hso_cfg/hso_database/xml/base/acore/hmac_uapsd.c.xml
[DEBUG] Parsing XML file: /home/sueiny/fbb_ws63/src/output/ws63/build_hso_cfg/hso_database/xml/base/bt_status/bt_status.xml
[DEBUG] Parsing XML file: /home/sueiny/fbb_ws63/src/output/ws63/build_hso_cfg/hso_database/xml/base/ota_msg/ota_msg.xml
[DEBUG] Parsing XML file: /home/sueiny/fbb_ws63/src/output/ws63/build_hso_cfg/hso_database/xml/base/closed_comp/hal_coex_reg_rom.c.xml
[DEBUG] Parsing XML file: /home/sueiny/fbb_ws63/src/output/ws63/build_hso_cfg/hso_database/xml/base/closed_comp/lm_ble_test_mode_act.c.xml
[DEBUG] Parsing XML file: /home/sueiny/fbb_ws63/src/output/ws63/build_hso_cfg/hso_database/xml/base/closed_comp/cali_online.c.xml
[DEBUG] Parsing XML file: /home/sueiny/fbb_ws63/src/output/ws63/build_hso_cfg/hso_database/xml/base/closed_comp/radar_ppl_data_cube_mgr.c.xml
[DEBUG] Parsing XML file: /home/sueiny/fbb_ws63/src/output/ws63/build_hso_cfg/hso_database/xml/base/closed_comp/connection_manager_ble.c.xml
[DEBUG] Parsing XML file: /home/sueiny/fbb_ws63/src/output/ws63/build_hso_cfg/hso_database/xml/base/closed_comp/evt_task_gle_test_mode_isr.c.xml
[DEBUG] Parsing XML file: /home/sueiny/fbb_ws63/src/output/ws63/build_hso_cfg/hso_database/xml/base/closed_comp/gle_dm_link_ui.c.xml
[DEBUG] Parsing XML file: /home/sueiny/fbb_ws63/src/output/ws63/build_hso_cfg/hso_database/xml/base/closed_comp/fe_tpc_rate_pow.c.xml
[DEBUG] Parsing XML file: /home/sueiny/fbb_ws63/src/output/ws63/build_hso_cfg/hso_database/xml/base/closed_comp/evt_task_ble_initiate_isr.c.xml
[DEBUG] Parsing XML file: /home/sueiny/fbb_ws63/src/output/ws63/build_hso_cfg/hso_database/xml/base/closed_comp/gle_ssap_client.c.xml
[DEBUG] Parsing XML file: /home/sueiny/fbb_ws63/src/output/ws63/build_hso_cfg/hso_database/xml/base/closed_comp/dmac_smooth_phase_rom.c.xml
[DEBUG] Parsing XML file: /home/sueiny/fbb_ws63/src/output/ws63/build_hso_cfg/hso_database/xml/base/closed_comp/mpc_dispatch.c.xml
[DEBUG] Parsing XML file: /home/sueiny/fbb_ws63/src/output/ws63/build_hso_cfg/hso_database/xml/base/closed_comp/smp_fsm.c.xml
[DEBUG] Parsing XML file: /home/sueiny/fbb_ws63/src/output/ws63/build_hso_cfg/hso_database/xml/base/closed_comp/lm_ble_initiate_fsm.c.xml
[DEBUG] Parsing XML file: /home/sueiny/fbb_ws63/src/output/ws63/build_hso_cfg/hso_database/xml/base/closed_comp/evt_task_ble_acl_ram.c.xml
[DEBUG] Parsing XML file: /home/sueiny/fbb_ws63/src/output/ws63/build_hso_cfg/hso_database/xml/base/closed_comp/alg_schedule_rom.c.xml
[DEBUG] Parsing XML file: /home/sueiny/fbb_ws63/src/output/ws63/build_hso_cfg/hso_database/xml/base/closed_comp/gle_isr.c.xml
[DEBUG] Parsing XML file: /home/sueiny/fbb_ws63/src/output/ws63/build_hso_cfg/hso_database/xml/base/closed_comp/mpc_send.c.xml
[DEBUG] Parsing XML file: /home/sueiny/fbb_ws63/src/output/ws63/build_hso_cfg/hso_database/xml/base/closed_comp/sle_chba_netdev.c.xml
[DEBUG] Parsing XML file: /home/sueiny/fbb_ws63/src/output/ws63/build_hso_cfg/hso_database/xml/base/closed_comp/att_table.c.xml
[DEBUG] Parsing XML file: /home/sueiny/fbb_ws63/src/output/ws63/build_hso_cfg/hso_database/xml/base/closed_comp/evt_task_gle_adv_scan_comm.c.xml
[DEBUG] Parsing XML file: /home/sueiny/fbb_ws63/src/output/ws63/build_hso_cfg/hso_database/xml/base/closed_comp/lm_gle_scan_fsm.c.xml
[DEBUG] Parsing XML file: /home/sueiny/fbb_ws63/src/output/ws63/build_hso_cfg/hso_database/xml/base/closed_comp/lm_ble_adv_ext_act.c.xml
[DEBUG] Parsing XML file: /home/sueiny/fbb_ws63/src/output/ws63/build_hso_cfg/hso_database/xml/base/closed_comp/btsrv_gatt_server.c.xml
[DEBUG] Parsing XML file: /home/sueiny/fbb_ws63/src/output/ws63/build_hso_cfg/hso_database/xml/base/closed_comp/cs_ui.c.xml
[DEBUG] Parsing XML file: /home/sueiny/fbb_ws63/src/output/ws63/build_hso_cfg/hso_database/xml/base/closed_comp/lm_ble_scan.c.xml
[DEBUG] Parsing XML file: /home/sueiny/fbb_ws63/src/output/ws63/build_hso_cfg/hso_database/xml/base/closed_comp/dmac_config.c.xml
[DEBUG] Parsing XML file: /home/sueiny/fbb_ws63/src/output/ws63/build_hso_cfg/hso_database/xml/base/closed_comp/evt_task_fsm.c.xml
[DEBUG] Parsing XML file: /home/sueiny/fbb_ws63/src/output/ws63/build_hso_cfg/hso_database/xml/base/closed_comp/dmac_twt_sta_rom.c.xml
[DEBUG] Parsing XML file: /home/sueiny/fbb_ws63/src/output/ws63/build_hso_cfg/hso_database/xml/base/closed_comp/btsrv_low_latency.c.xml
[DEBUG] Parsing XML file: /home/sueiny/fbb_ws63/src/output/ws63/build_hso_cfg/hso_database/xml/base/closed_comp/cali_rc_comp.c.xml
[DEBUG] Parsing XML file: /home/sueiny/fbb_ws63/src/output/ws63/build_hso_cfg/hso_database/xml/base/closed_comp/gle_service_database.c.xml
[DEBUG] Parsing XML file: /home/sueiny/fbb_ws63/src/output/ws63/build_hso_cfg/hso_database/xml/base/closed_comp/gle_data_config.c.xml
[DEBUG] Parsing XML file: /home/sueiny/fbb_ws63/src/output/ws63/build_hso_cfg/hso_database/xml/base/closed_comp/ble_ahib_gap.c.xml
[DEBUG] Parsing XML file: /home/sueiny/fbb_ws63/src/output/ws63/build_hso_cfg/hso_database/xml/base/closed_comp/lm_ble_acl_srv_enc_central.c.xml
[DEBUG] Parsing XML file: /home/sueiny/fbb_ws63/src/output/ws63/build_hso_cfg/hso_database/xml/base/closed_comp/alg_autorate_intrf_mode_rom.c.xml
[DEBUG] Parsing XML file: /home/sueiny/fbb_ws63/src/output/ws63/build_hso_cfg/hso_database/xml/base/closed_comp/evt_task_chnl_scan.c.xml
[DEBUG] Parsing XML file: /home/sueiny/fbb_ws63/src/output/ws63/build_hso_cfg/hso_database/xml/base/closed_comp/dts_mem.c.xml
[DEBUG] Parsing XML file: /home/sueiny/fbb_ws63/src/output/ws63/build_hso_cfg/hso_database/xml/base/closed_comp/hal_chan_mgmt.c.xml
[DEBUG] Parsing XML file: /home/sueiny/fbb_ws63/src/output/ws63/build_hso_cfg/hso_database/xml/base/closed_comp/gap_ui.c.xml
[DEBUG] Parsing XML file: /home/sueiny/fbb_ws63/src/output/ws63/build_hso_cfg/hso_database/xml/base/closed_comp/sdk_gatt_hlp.c.xml
[DEBUG] Parsing XML file: /home/sueiny/fbb_ws63/src/output/ws63/build_hso_cfg/hso_database/xml/base/closed_comp/radar_mips.c.xml
[DEBUG] Parsing XML file: /home/sueiny/fbb_ws63/src/output/ws63/build_hso_cfg/hso_database/xml/base/closed_comp/fsm.c.xml
[DEBUG] Parsing XML file: /home/sueiny/fbb_ws63/src/output/ws63/build_hso_cfg/hso_database/xml/base/closed_comp/gle_tm_signal.c.xml
[DEBUG] Parsing XML file: /home/sueiny/fbb_ws63/src/output/ws63/build_hso_cfg/hso_database/xml/base/closed_comp/sapi_ble_gatt.c.xml
[DEBUG] Parsing XML file: /home/sueiny/fbb_ws63/src/output/ws63/build_hso_cfg/hso_database/xml/base/closed_comp/radar_target_fsm.c.xml
[DEBUG] Parsing XML file: /home/sueiny/fbb_ws63/src/output/ws63/build_hso_cfg/hso_database/xml/base/closed_comp/bt_dev_init.c.xml
[DEBUG] Parsing XML file: /home/sueiny/fbb_ws63/src/output/ws63/build_hso_cfg/hso_database/xml/base/closed_comp/btc_timer.c.xml
[DEBUG] Parsing XML file: /home/sueiny/fbb_ws63/src/output/ws63/build_hso_cfg/hso_database/xml/base/closed_comp/alg_anti_interference_rom.c.xml
[DEBUG] Parsing XML file: /home/sueiny/fbb_ws63/src/output/ws63/build_hso_cfg/hso_database/xml/base/closed_comp/common_conf.c.xml
[DEBUG] Parsing XML file: /home/sueiny/fbb_ws63/src/output/ws63/build_hso_cfg/hso_database/xml/base/closed_comp/ble_at_cmd_factory.c.xml
[DEBUG] Parsing XML file: /home/sueiny/fbb_ws63/src/output/ws63/build_hso_cfg/hso_database/xml/base/closed_comp/hci_core_reserv.c.xml
[DEBUG] Parsing XML file: /home/sueiny/fbb_ws63/src/output/ws63/build_hso_cfg/hso_database/xml/base/closed_comp/device_manager.c.xml
[DEBUG] Parsing XML file: /home/sueiny/fbb_ws63/src/output/ws63/build_hso_cfg/hso_database/xml/base/closed_comp/btsrv_hci_factory.c.xml
[DEBUG] Parsing XML file: /home/sueiny/fbb_ws63/src/output/ws63/build_hso_cfg/hso_database/xml/base/closed_comp/ble_ahia_hid.c.xml
[DEBUG] Parsing XML file: /home/sueiny/fbb_ws63/src/output/ws63/build_hso_cfg/hso_database/xml/base/closed_comp/evt_task_gle_adv.c.xml
[DEBUG] Parsing XML file: /home/sueiny/fbb_ws63/src/output/ws63/build_hso_cfg/hso_database/xml/base/closed_comp/cali_entrance.c.xml
[DEBUG] Parsing XML file: /home/sueiny/fbb_ws63/src/output/ws63/build_hso_cfg/hso_database/xml/base/closed_comp/sapi_gle_manager.c.xml
[DEBUG] Parsing XML file: /home/sueiny/fbb_ws63/src/output/ws63/build_hso_cfg/hso_database/xml/base/closed_comp/radar_kalman_tracker.c.xml
[DEBUG] Parsing XML file: /home/sueiny/fbb_ws63/src/output/ws63/build_hso_cfg/hso_database/xml/base/closed_comp/uuid.c.xml
[DEBUG] Parsing XML file: /home/sueiny/fbb_ws63/src/output/ws63/build_hso_cfg/hso_database/xml/base/closed_comp/lm_gle_scan.c.xml
[DEBUG] Parsing XML file: /home/sueiny/fbb_ws63/src/output/ws63/build_hso_cfg/hso_database/xml/base/closed_comp/sapi_ble_gap.c.xml
[DEBUG] Parsing XML file: /home/sueiny/fbb_ws63/src/output/ws63/build_hso_cfg/hso_database/xml/base/closed_comp/dmac_device_rom.c.xml
[DEBUG] Parsing XML file: /home/sueiny/fbb_ws63/src/output/ws63/build_hso_cfg/hso_database/xml/base/closed_comp/uapi_gle_secu_manager.c.xml
[DEBUG] Parsing XML file: /home/sueiny/fbb_ws63/src/output/ws63/build_hso_cfg/hso_database/xml/base/closed_comp/l2cap_conn.c.xml
[DEBUG] Parsing XML file: /home/sueiny/fbb_ws63/src/output/ws63/build_hso_cfg/hso_database/xml/base/closed_comp/lm_gle_acb_srv_data_length.c.xml
[DEBUG] Parsing XML file: /home/sueiny/fbb_ws63/src/output/ws63/build_hso_cfg/hso_database/xml/base/closed_comp/dmac_sdp_rom.c.xml
[DEBUG] Parsing XML file: /home/sueiny/fbb_ws63/src/output/ws63/build_hso_cfg/hso_database/xml/base/closed_comp/ble_at_cmd_gatt_test.c.xml
[DEBUG] Parsing XML file: /home/sueiny/fbb_ws63/src/output/ws63/build_hso_cfg/hso_database/xml/base/closed_comp/cali_tx.c.xml
[DEBUG] Parsing XML file: /home/sueiny/fbb_ws63/src/output/ws63/build_hso_cfg/hso_database/xml/base/closed_comp/gle_tm_data.c.xml
[DEBUG] Parsing XML file: /home/sueiny/fbb_ws63/src/output/ws63/build_hso_cfg/hso_database/xml/base/closed_comp/gle_sm_timer.c.xml
[DEBUG] Parsing XML file: /home/sueiny/fbb_ws63/src/output/ws63/build_hso_cfg/hso_database/xml/base/closed_comp/bt_main.c.xml
[DEBUG] Parsing XML file: /home/sueiny/fbb_ws63/src/output/ws63/build_hso_cfg/hso_database/xml/base/closed_comp/dmac_alrx_rom.c.xml
[DEBUG] Parsing XML file: /home/sueiny/fbb_ws63/src/output/ws63/build_hso_cfg/hso_database/xml/base/closed_comp/sapi_ble_l2cap.c.xml
[DEBUG] Parsing XML file: /home/sueiny/fbb_ws63/src/output/ws63/build_hso_cfg/hso_database/xml/base/closed_comp/alg_main_rom.c.xml
[DEBUG] Parsing XML file: /home/sueiny/fbb_ws63/src/output/ws63/build_hso_cfg/hso_database/xml/base/closed_comp/lm_gle_acb_srv_enc.c.xml
[DEBUG] Parsing XML file: /home/sueiny/fbb_ws63/src/output/ws63/build_hso_cfg/hso_database/xml/base/closed_comp/gle_aa_trans_ui.c.xml
[DEBUG] Parsing XML file: /home/sueiny/fbb_ws63/src/output/ws63/build_hso_cfg/hso_database/xml/base/closed_comp/uapi_ble_hci.c.xml
[DEBUG] Parsing XML file: /home/sueiny/fbb_ws63/src/output/ws63/build_hso_cfg/hso_database/xml/base/closed_comp/hal_device.c.xml
[DEBUG] Parsing XML file: /home/sueiny/fbb_ws63/src/output/ws63/build_hso_cfg/hso_database/xml/base/closed_comp/hal_ampdu_rom.c.xml
[DEBUG] Parsing XML file: /home/sueiny/fbb_ws63/src/output/ws63/build_hso_cfg/hso_database/xml/base/closed_comp/dm_ble_fal.c.xml
[DEBUG] Parsing XML file: /home/sueiny/fbb_ws63/src/output/ws63/build_hso_cfg/hso_database/xml/base/closed_comp/l2cap_core_ble.c.xml
[DEBUG] Parsing XML file: /home/sueiny/fbb_ws63/src/output/ws63/build_hso_cfg/hso_database/xml/base/closed_comp/sle_at_dd.c.xml
[DEBUG] Parsing XML file: /home/sueiny/fbb_ws63/src/output/ws63/build_hso_cfg/hso_database/xml/base/closed_comp/fe_hal_phy_daq.c.xml
[DEBUG] Parsing XML file: /home/sueiny/fbb_ws63/src/output/ws63/build_hso_cfg/hso_database/xml/base/closed_comp/evt_sched_util_ram.c.xml
[DEBUG] Parsing XML file: /home/sueiny/fbb_ws63/src/output/ws63/build_hso_cfg/hso_database/xml/base/closed_comp/radar_driver_mgr.c.xml
[DEBUG] Parsing XML file: /home/sueiny/fbb_ws63/src/output/ws63/build_hso_cfg/hso_database/xml/base/closed_comp/tladapter.c.xml
[DEBUG] Parsing XML file: /home/sueiny/fbb_ws63/src/output/ws63/build_hso_cfg/hso_database/xml/base/closed_comp/hci_gle.c.xml
[DEBUG] Parsing XML file: /home/sueiny/fbb_ws63/src/output/ws63/build_hso_cfg/hso_database/xml/base/closed_comp/bt_queue.c.xml
[DEBUG] Parsing XML file: /home/sueiny/fbb_ws63/src/output/ws63/build_hso_cfg/hso_database/xml/base/closed_comp/smp_aes_comm.c.xml
[DEBUG] Parsing XML file: /home/sueiny/fbb_ws63/src/output/ws63/build_hso_cfg/hso_database/xml/base/closed_comp/evt_sched_util.c.xml
[DEBUG] Parsing XML file: /home/sueiny/fbb_ws63/src/output/ws63/build_hso_cfg/hso_database/xml/base/closed_comp/lm_ble_comm.c.xml
[DEBUG] Parsing XML file: /home/sueiny/fbb_ws63/src/output/ws63/build_hso_cfg/hso_database/xml/base/closed_comp/em_mgr_ram.c.xml
[DEBUG] Parsing XML file: /home/sueiny/fbb_ws63/src/output/ws63/build_hso_cfg/hso_database/xml/base/closed_comp/hal_radar_sensor_one_rx_ant.c.xml
[DEBUG] Parsing XML file: /home/sueiny/fbb_ws63/src/output/ws63/build_hso_cfg/hso_database/xml/base/closed_comp/bt_database.c.xml
[DEBUG] Parsing XML file: /home/sueiny/fbb_ws63/src/output/ws63/build_hso_cfg/hso_database/xml/base/closed_comp/btdfx_fn.c.xml
[DEBUG] Parsing XML file: /home/sueiny/fbb_ws63/src/output/ws63/build_hso_cfg/hso_database/xml/base/closed_comp/osdep.c.xml
[DEBUG] Parsing XML file: /home/sueiny/fbb_ws63/src/output/ws63/build_hso_cfg/hso_database/xml/base/closed_comp/hal_tb_rom.c.xml
[DEBUG] Parsing XML file: /home/sueiny/fbb_ws63/src/output/ws63/build_hso_cfg/hso_database/xml/base/closed_comp/pwr_ctrl_cfg_ram.c.xml
[DEBUG] Parsing XML file: /home/sueiny/fbb_ws63/src/output/ws63/build_hso_cfg/hso_database/xml/base/closed_comp/gap_hlp_le.c.xml
[DEBUG] Parsing XML file: /home/sueiny/fbb_ws63/src/output/ws63/build_hso_cfg/hso_database/xml/base/closed_comp/sle_srv_glp.c.xml
[DEBUG] Parsing XML file: /home/sueiny/fbb_ws63/src/output/ws63/build_hso_cfg/hso_database/xml/base/closed_comp/dmac_wifi_patch.c.xml
[DEBUG] Parsing XML file: /home/sueiny/fbb_ws63/src/output/ws63/build_hso_cfg/hso_database/xml/base/closed_comp/evt_sched.c.xml
[DEBUG] Parsing XML file: /home/sueiny/fbb_ws63/src/output/ws63/build_hso_cfg/hso_database/xml/base/closed_comp/gle_ssap_server.c.xml
[DEBUG] Parsing XML file: /home/sueiny/fbb_ws63/src/output/ws63/build_hso_cfg/hso_database/xml/base/closed_comp/gle_aa_hadm_ui.c.xml
[DEBUG] Parsing XML file: /home/sueiny/fbb_ws63/src/output/ws63/build_hso_cfg/hso_database/xml/base/closed_comp/buff.c.xml
[DEBUG] Parsing XML file: /home/sueiny/fbb_ws63/src/output/ws63/build_hso_cfg/hso_database/xml/base/closed_comp/dmac_psd_rom.c.xml
[DEBUG] Parsing XML file: /home/sueiny/fbb_ws63/src/output/ws63/build_hso_cfg/hso_database/xml/base/closed_comp/mpw_poweron.c.xml
[DEBUG] Parsing XML file: /home/sueiny/fbb_ws63/src/output/ws63/build_hso_cfg/hso_database/xml/base/closed_comp/hal_rf.c.xml
[DEBUG] Parsing XML file: /home/sueiny/fbb_ws63/src/output/ws63/build_hso_cfg/hso_database/xml/base/closed_comp/evt_task_ble_acl.c.xml
[DEBUG] Parsing XML file: /home/sueiny/fbb_ws63/src/output/ws63/build_hso_cfg/hso_database/xml/base/closed_comp/hci_hlp_ram.c.xml
[DEBUG] Parsing XML file: /home/sueiny/fbb_ws63/src/output/ws63/build_hso_cfg/hso_database/xml/base/closed_comp/alg_aggr_rom.c.xml
[DEBUG] Parsing XML file: /home/sueiny/fbb_ws63/src/output/ws63/build_hso_cfg/hso_database/xml/base/closed_comp/lm_ble_per_sync_fsm.c.xml
[DEBUG] Parsing XML file: /home/sueiny/fbb_ws63/src/output/ws63/build_hso_cfg/hso_database/xml/base/closed_comp/cali_rx.c.xml
[DEBUG] Parsing XML file: /home/sueiny/fbb_ws63/src/output/ws63/build_hso_cfg/hso_database/xml/base/closed_comp/frw_timer_rom.c.xml
[DEBUG] Parsing XML file: /home/sueiny/fbb_ws63/src/output/ws63/build_hso_cfg/hso_database/xml/base/closed_comp/enc_kd_sm3_ram.c.xml
[DEBUG] Parsing XML file: /home/sueiny/fbb_ws63/src/output/ws63/build_hso_cfg/hso_database/xml/base/closed_comp/hal_bt_cali.c.xml
[DEBUG] Parsing XML file: /home/sueiny/fbb_ws63/src/output/ws63/build_hso_cfg/hso_database/xml/base/closed_comp/gle_dm_trans_ui.c.xml
[DEBUG] Parsing XML file: /home/sueiny/fbb_ws63/src/output/ws63/build_hso_cfg/hso_database/xml/base/closed_comp/gle_tm_ui.c.xml
[DEBUG] Parsing XML file: /home/sueiny/fbb_ws63/src/output/ws63/build_hso_cfg/hso_database/xml/base/closed_comp/hal_dscr_rom.c.xml
[DEBUG] Parsing XML file: /home/sueiny/fbb_ws63/src/output/ws63/build_hso_cfg/hso_database/xml/base/closed_comp/uapi_gle_dev_discovery.c.xml
[DEBUG] Parsing XML file: /home/sueiny/fbb_ws63/src/output/ws63/build_hso_cfg/hso_database/xml/base/closed_comp/gle_sample_low_latency_mouse.c.xml
[DEBUG] Parsing XML file: /home/sueiny/fbb_ws63/src/output/ws63/build_hso_cfg/hso_database/xml/base/closed_comp/cs_pdu.c.xml
[DEBUG] Parsing XML file: /home/sueiny/fbb_ws63/src/output/ws63/build_hso_cfg/hso_database/xml/base/closed_comp/lm_ble_acl_srv_pwr_ctrl.c.xml
[DEBUG] Parsing XML file: /home/sueiny/fbb_ws63/src/output/ws63/build_hso_cfg/hso_database/xml/base/closed_comp/sle_srv_ssap_server_cb.c.xml
[DEBUG] Parsing XML file: /home/sueiny/fbb_ws63/src/output/ws63/build_hso_cfg/hso_database/xml/base/closed_comp/evt_task_ble_initiate.c.xml
[DEBUG] Parsing XML file: /home/sueiny/fbb_ws63/src/output/ws63/build_hso_cfg/hso_database/xml/base/closed_comp/dmac_sta_pm_rom.c.xml
[DEBUG] Parsing XML file: /home/sueiny/fbb_ws63/src/output/ws63/build_hso_cfg/hso_database/xml/base/closed_comp/radar_interpolation.c.xml
[DEBUG] Parsing XML file: /home/sueiny/fbb_ws63/src/output/ws63/build_hso_cfg/hso_database/xml/base/closed_comp/stream2stru.c.xml
[DEBUG] Parsing XML file: /home/sueiny/fbb_ws63/src/output/ws63/build_hso_cfg/hso_database/xml/base/closed_comp/gle_sm_cmd.c.xml
[DEBUG] Parsing XML file: /home/sueiny/fbb_ws63/src/output/ws63/build_hso_cfg/hso_database/xml/base/closed_comp/sle_srv_ssap_server.c.xml
[DEBUG] Parsing XML file: /home/sueiny/fbb_ws63/src/output/ws63/build_hso_cfg/hso_database/xml/base/closed_comp/hal_device_rom.c.xml
[DEBUG] Parsing XML file: /home/sueiny/fbb_ws63/src/output/ws63/build_hso_cfg/hso_database/xml/base/closed_comp/hci_le.c.xml
[DEBUG] Parsing XML file: /home/sueiny/fbb_ws63/src/output/ws63/build_hso_cfg/hso_database/xml/base/closed_comp/evt_task_ble_test_mode_isr.c.xml
[DEBUG] Parsing XML file: /home/sueiny/fbb_ws63/src/output/ws63/build_hso_cfg/hso_database/xml/base/closed_comp/hal_device_fsm.c.xml
[DEBUG] Parsing XML file: /home/sueiny/fbb_ws63/src/output/ws63/build_hso_cfg/hso_database/xml/base/closed_comp/alg_ar.c.xml
[DEBUG] Parsing XML file: /home/sueiny/fbb_ws63/src/output/ws63/build_hso_cfg/hso_database/xml/base/closed_comp/sdk_gap_device_discovery.c.xml
[DEBUG] Parsing XML file: /home/sueiny/fbb_ws63/src/output/ws63/build_hso_cfg/hso_database/xml/base/closed_comp/evt_task_gle_acb_isr.c.xml
[DEBUG] Parsing XML file: /home/sueiny/fbb_ws63/src/output/ws63/build_hso_cfg/hso_database/xml/base/closed_comp/alg_gla_rom.c.xml
[DEBUG] Parsing XML file: /home/sueiny/fbb_ws63/src/output/ws63/build_hso_cfg/hso_database/xml/base/closed_comp/lm_gle_acb.c.xml
[DEBUG] Parsing XML file: /home/sueiny/fbb_ws63/src/output/ws63/build_hso_cfg/hso_database/xml/base/closed_comp/gle_manager.c.xml
[DEBUG] Parsing XML file: /home/sueiny/fbb_ws63/src/output/ws63/build_hso_cfg/hso_database/xml/base/closed_comp/sapi_gle_ssap_server.c.xml
[DEBUG] Parsing XML file: /home/sueiny/fbb_ws63/src/output/ws63/build_hso_cfg/hso_database/xml/base/closed_comp/evt_sched_mgr_ram.c.xml
[DEBUG] Parsing XML file: /home/sueiny/fbb_ws63/src/output/ws63/build_hso_cfg/hso_database/xml/base/closed_comp/hal_bcn_rom.c.xml
[DEBUG] Parsing XML file: /home/sueiny/fbb_ws63/src/output/ws63/build_hso_cfg/hso_database/xml/base/closed_comp/dmac_tx_data_rom.c.xml
[DEBUG] Parsing XML file: /home/sueiny/fbb_ws63/src/output/ws63/build_hso_cfg/hso_database/xml/base/closed_comp/gle_ssap_low_latency.c.xml
[DEBUG] Parsing XML file: /home/sueiny/fbb_ws63/src/output/ws63/build_hso_cfg/hso_database/xml/base/closed_comp/sle_srv_cm.c.xml
[DEBUG] Parsing XML file: /home/sueiny/fbb_ws63/src/output/ws63/build_hso_cfg/hso_database/xml/base/closed_comp/hci_bt.c.xml
[DEBUG] Parsing XML file: /home/sueiny/fbb_ws63/src/output/ws63/build_hso_cfg/hso_database/xml/base/closed_comp/bt_hal_control.c.xml
[DEBUG] Parsing XML file: /home/sueiny/fbb_ws63/src/output/ws63/build_hso_cfg/hso_database/xml/base/closed_comp/lm_ble_per_adv_act.c.xml
[DEBUG] Parsing XML file: /home/sueiny/fbb_ws63/src/output/ws63/build_hso_cfg/hso_database/xml/base/closed_comp/gle_sample_secu_manager.c.xml
[DEBUG] Parsing XML file: /home/sueiny/fbb_ws63/src/output/ws63/build_hso_cfg/hso_database/xml/base/closed_comp/sle_srv_ssap_client.c.xml
[DEBUG] Parsing XML file: /home/sueiny/fbb_ws63/src/output/ws63/build_hso_cfg/hso_database/xml/base/closed_comp/evt_task_gle_acb_retry.c.xml
[DEBUG] Parsing XML file: /home/sueiny/fbb_ws63/src/output/ws63/build_hso_cfg/hso_database/xml/base/closed_comp/ble_general.c.xml
[DEBUG] Parsing XML file: /home/sueiny/fbb_ws63/src/output/ws63/build_hso_cfg/hso_database/xml/base/closed_comp/cali_list.c.xml
[DEBUG] Parsing XML file: /home/sueiny/fbb_ws63/src/output/ws63/build_hso_cfg/hso_database/xml/base/closed_comp/radar_fft.c.xml
[DEBUG] Parsing XML file: /home/sueiny/fbb_ws63/src/output/ws63/build_hso_cfg/hso_database/xml/base/closed_comp/uapi_gle_ssap_server.c.xml
[DEBUG] Parsing XML file: /home/sueiny/fbb_ws63/src/output/ws63/build_hso_cfg/hso_database/xml/base/closed_comp/hal_irq_rom.c.xml
[DEBUG] Parsing XML file: /home/sueiny/fbb_ws63/src/output/ws63/build_hso_cfg/hso_database/xml/base/closed_comp/sle_at_service_low_latency.c.xml
[DEBUG] Parsing XML file: /home/sueiny/fbb_ws63/src/output/ws63/build_hso_cfg/hso_database/xml/base/closed_comp/alg_tx_tb_rom.c.xml
[DEBUG] Parsing XML file: /home/sueiny/fbb_ws63/src/output/ws63/build_hso_cfg/hso_database/xml/base/closed_comp/bt_saia_utils.c.xml
[DEBUG] Parsing XML file: /home/sueiny/fbb_ws63/src/output/ws63/build_hso_cfg/hso_database/xml/base/closed_comp/sdk_gap_local_settings.c.xml
[DEBUG] Parsing XML file: /home/sueiny/fbb_ws63/src/output/ws63/build_hso_cfg/hso_database/xml/base/closed_comp/bt_dfx.c.xml
[DEBUG] Parsing XML file: /home/sueiny/fbb_ws63/src/output/ws63/build_hso_cfg/hso_database/xml/base/closed_comp/evt_prog.c.xml
[DEBUG] Parsing XML file: /home/sueiny/fbb_ws63/src/output/ws63/build_hso_cfg/hso_database/xml/base/closed_comp/hal_wifi_patch.c.xml
[DEBUG] Parsing XML file: /home/sueiny/fbb_ws63/src/output/ws63/build_hso_cfg/hso_database/xml/base/closed_comp/dmac_tx_complete_rom.c.xml
[DEBUG] Parsing XML file: /home/sueiny/fbb_ws63/src/output/ws63/build_hso_cfg/hso_database/xml/base/closed_comp/dmac_keep_alive_rom.c.xml
[DEBUG] Parsing XML file: /home/sueiny/fbb_ws63/src/output/ws63/build_hso_cfg/hso_database/xml/base/closed_comp/ble_connect.c.xml
[DEBUG] Parsing XML file: /home/sueiny/fbb_ws63/src/output/ws63/build_hso_cfg/hso_database/xml/base/closed_comp/l2cap_sec.c.xml
[DEBUG] Parsing XML file: /home/sueiny/fbb_ws63/src/output/ws63/build_hso_cfg/hso_database/xml/base/closed_comp/lm_gle_adv_act.c.xml
[DEBUG] Parsing XML file: /home/sueiny/fbb_ws63/src/output/ws63/build_hso_cfg/hso_database/xml/base/closed_comp/dmac_tx_queue_rom.c.xml
[DEBUG] Parsing XML file: /home/sueiny/fbb_ws63/src/output/ws63/build_hso_cfg/hso_database/xml/base/closed_comp/dmac_independent_tx_rom.c.xml
[DEBUG] Parsing XML file: /home/sueiny/fbb_ws63/src/output/ws63/build_hso_cfg/hso_database/xml/base/closed_comp/ble_ahib_l2cap.c.xml
[DEBUG] Parsing XML file: /home/sueiny/fbb_ws63/src/output/ws63/build_hso_cfg/hso_database/xml/base/closed_comp/gle_factory_ui.c.xml
[DEBUG] Parsing XML file: /home/sueiny/fbb_ws63/src/output/ws63/build_hso_cfg/hso_database/xml/base/closed_comp/alg_aggr_probe_rom.c.xml
[DEBUG] Parsing XML file: /home/sueiny/fbb_ws63/src/output/ws63/build_hso_cfg/hso_database/xml/base/closed_comp/dmac_alrx.c.xml
[DEBUG] Parsing XML file: /home/sueiny/fbb_ws63/src/output/ws63/build_hso_cfg/hso_database/xml/base/closed_comp/hal_tx_rom.c.xml
[DEBUG] Parsing XML file: /home/sueiny/fbb_ws63/src/output/ws63/build_hso_cfg/hso_database/xml/base/closed_comp/sle_at_ssaps.c.xml
[DEBUG] Parsing XML file: /home/sueiny/fbb_ws63/src/output/ws63/build_hso_cfg/hso_database/xml/base/closed_comp/em_gle_rx_desc.c.xml
[DEBUG] Parsing XML file: /home/sueiny/fbb_ws63/src/output/ws63/build_hso_cfg/hso_database/xml/base/closed_comp/gle_sm_key.c.xml
[DEBUG] Parsing XML file: /home/sueiny/fbb_ws63/src/output/ws63/build_hso_cfg/hso_database/xml/base/closed_comp/lm_ble_per_sync_act.c.xml
[DEBUG] Parsing XML file: /home/sueiny/fbb_ws63/src/output/ws63/build_hso_cfg/hso_database/xml/base/closed_comp/cali_proc_dmac_msg.c.xml
[DEBUG] Parsing XML file: /home/sueiny/fbb_ws63/src/output/ws63/build_hso_cfg/hso_database/xml/base/closed_comp/evt_task_ble_initiate_ram.c.xml
[DEBUG] Parsing XML file: /home/sueiny/fbb_ws63/src/output/ws63/build_hso_cfg/hso_database/xml/base/closed_comp/dts_btc_task.c.xml
[DEBUG] Parsing XML file: /home/sueiny/fbb_ws63/src/output/ws63/build_hso_cfg/hso_database/xml/base/closed_comp/radar_frame_based_fsm_evt_handler.c.xml
[DEBUG] Parsing XML file: /home/sueiny/fbb_ws63/src/output/ws63/build_hso_cfg/hso_database/xml/base/closed_comp/att_pdu.c.xml
[DEBUG] Parsing XML file: /home/sueiny/fbb_ws63/src/output/ws63/build_hso_cfg/hso_database/xml/base/closed_comp/alg_main.c.xml
[DEBUG] Parsing XML file: /home/sueiny/fbb_ws63/src/output/ws63/build_hso_cfg/hso_database/xml/base/closed_comp/lm_gle_test_mode_act.c.xml
[DEBUG] Parsing XML file: /home/sueiny/fbb_ws63/src/output/ws63/build_hso_cfg/hso_database/xml/base/closed_comp/hal_mac_rom.c.xml
[DEBUG] Parsing XML file: /home/sueiny/fbb_ws63/src/output/ws63/build_hso_cfg/hso_database/xml/base/closed_comp/bt_kfifo.c.xml
[DEBUG] Parsing XML file: /home/sueiny/fbb_ws63/src/output/ws63/build_hso_cfg/hso_database/xml/base/closed_comp/ble_isr.c.xml
[DEBUG] Parsing XML file: /home/sueiny/fbb_ws63/src/output/ws63/build_hso_cfg/hso_database/xml/base/closed_comp/sle_srv_ota.c.xml
[DEBUG] Parsing XML file: /home/sueiny/fbb_ws63/src/output/ws63/build_hso_cfg/hso_database/xml/base/closed_comp/lm_ble_legacy_scan_act.c.xml
[DEBUG] Parsing XML file: /home/sueiny/fbb_ws63/src/output/ws63/build_hso_cfg/hso_database/xml/base/closed_comp/hci_secu_ram.c.xml
[DEBUG] Parsing XML file: /home/sueiny/fbb_ws63/src/output/ws63/build_hso_cfg/hso_database/xml/base/closed_comp/lm_gle_acb_fsm.c.xml
[DEBUG] Parsing XML file: /home/sueiny/fbb_ws63/src/output/ws63/build_hso_cfg/hso_database/xml/base/closed_comp/rf_accumulation.c.xml
[DEBUG] Parsing XML file: /home/sueiny/fbb_ws63/src/output/ws63/build_hso_cfg/hso_database/xml/base/closed_comp/lm_ble_acl_srv_phy_upd.c.xml
[DEBUG] Parsing XML file: /home/sueiny/fbb_ws63/src/output/ws63/build_hso_cfg/hso_database/xml/base/closed_comp/ble_ahia_gatt.c.xml
[DEBUG] Parsing XML file: /home/sueiny/fbb_ws63/src/output/ws63/build_hso_cfg/hso_database/xml/base/closed_comp/smp_reserv.c.xml
[DEBUG] Parsing XML file: /home/sueiny/fbb_ws63/src/output/ws63/build_hso_cfg/hso_database/xml/base/closed_comp/evt_task_gle_initiate.c.xml
[DEBUG] Parsing XML file: /home/sueiny/fbb_ws63/src/output/ws63/build_hso_cfg/hso_database/xml/base/closed_comp/patch_evt_task_ble_acl.c.xml
[DEBUG] Parsing XML file: /home/sueiny/fbb_ws63/src/output/ws63/build_hso_cfg/hso_database/xml/base/closed_comp/gle_sample_con_manager.c.xml
[DEBUG] Parsing XML file: /home/sueiny/fbb_ws63/src/output/ws63/build_hso_cfg/hso_database/xml/base/closed_comp/frw_dmac_adapt_rom.c.xml
[DEBUG] Parsing XML file: /home/sueiny/fbb_ws63/src/output/ws63/build_hso_cfg/hso_database/xml/base/closed_comp/hal_radar_sensor_rom.c.xml
[DEBUG] Parsing XML file: /home/sueiny/fbb_ws63/src/output/ws63/build_hso_cfg/hso_database/xml/base/closed_comp/evt_task_gle_initiate_isr.c.xml
[DEBUG] Parsing XML file: /home/sueiny/fbb_ws63/src/output/ws63/build_hso_cfg/hso_database/xml/base/closed_comp/gle_aa_secu_ui.c.xml
[DEBUG] Parsing XML file: /home/sueiny/fbb_ws63/src/output/ws63/build_hso_cfg/hso_database/xml/base/closed_comp/sdk_gatt.c.xml
[DEBUG] Parsing XML file: /home/sueiny/fbb_ws63/src/output/ws63/build_hso_cfg/hso_database/xml/base/closed_comp/alg_traffic_ctl_rom.c.xml
[DEBUG] Parsing XML file: /home/sueiny/fbb_ws63/src/output/ws63/build_hso_cfg/hso_database/xml/base/closed_comp/uapi_gle_con_manager.c.xml
[DEBUG] Parsing XML file: /home/sueiny/fbb_ws63/src/output/ws63/build_hso_cfg/hso_database/xml/base/closed_comp/mpc_trans.c.xml
[DEBUG] Parsing XML file: /home/sueiny/fbb_ws63/src/output/ws63/build_hso_cfg/hso_database/xml/base/closed_comp/cali_dll.c.xml
[DEBUG] Parsing XML file: /home/sueiny/fbb_ws63/src/output/ws63/build_hso_cfg/hso_database/xml/base/closed_comp/evt_task_ble_scan_isr.c.xml
[DEBUG] Parsing XML file: /home/sueiny/fbb_ws63/src/output/ws63/build_hso_cfg/hso_database/xml/base/closed_comp/evt_task_gle_comm.c.xml
[DEBUG] Parsing XML file: /home/sueiny/fbb_ws63/src/output/ws63/build_hso_cfg/hso_database/xml/base/closed_comp/lm_ble_test_mode_fsm.c.xml
[DEBUG] Parsing XML file: /home/sueiny/fbb_ws63/src/output/ws63/build_hso_cfg/hso_database/xml/base/closed_comp/dmac_fcs_rom.c.xml
[DEBUG] Parsing XML file: /home/sueiny/fbb_ws63/src/output/ws63/build_hso_cfg/hso_database/xml/base/closed_comp/hal_psd_rom.c.xml
[DEBUG] Parsing XML file: /home/sueiny/fbb_ws63/src/output/ws63/build_hso_cfg/hso_database/xml/base/closed_comp/frw_hcc_adapt_rom.c.xml
[DEBUG] Parsing XML file: /home/sueiny/fbb_ws63/src/output/ws63/build_hso_cfg/hso_database/xml/base/closed_comp/hci_data_proc.c.xml
[DEBUG] Parsing XML file: /home/sueiny/fbb_ws63/src/output/ws63/build_hso_cfg/hso_database/xml/base/closed_comp/sle_srv_tm.c.xml
[DEBUG] Parsing XML file: /home/sueiny/fbb_ws63/src/output/ws63/build_hso_cfg/hso_database/xml/base/closed_comp/l2cap_data_proc.c.xml
[DEBUG] Parsing XML file: /home/sueiny/fbb_ws63/src/output/ws63/build_hso_cfg/hso_database/xml/base/closed_comp/sapi_gle_secu_manager.c.xml
[DEBUG] Parsing XML file: /home/sueiny/fbb_ws63/src/output/ws63/build_hso_cfg/hso_database/xml/base/closed_comp/hal_dscr.c.xml
[DEBUG] Parsing XML file: /home/sueiny/fbb_ws63/src/output/ws63/build_hso_cfg/hso_database/xml/base/closed_comp/oal_pkt_netbuf_rom.c.xml
[DEBUG] Parsing XML file: /home/sueiny/fbb_ws63/src/output/ws63/build_hso_cfg/hso_database/xml/base/closed_comp/hal_pm_rom.c.xml
[DEBUG] Parsing XML file: /home/sueiny/fbb_ws63/src/output/ws63/build_hso_cfg/hso_database/xml/base/closed_comp/evt_task_gle_test_mode.c.xml
[DEBUG] Parsing XML file: /home/sueiny/fbb_ws63/src/output/ws63/build_hso_cfg/hso_database/xml/base/closed_comp/uapi_ble_gatt.c.xml
[DEBUG] Parsing XML file: /home/sueiny/fbb_ws63/src/output/ws63/build_hso_cfg/hso_database/xml/base/closed_comp/coex_adapter.c.xml
[DEBUG] Parsing XML file: /home/sueiny/fbb_ws63/src/output/ws63/build_hso_cfg/hso_database/xml/base/closed_comp/gdk_msg.c.xml
[DEBUG] Parsing XML file: /home/sueiny/fbb_ws63/src/output/ws63/build_hso_cfg/hso_database/xml/base/closed_comp/sle_srv_rf.c.xml
[DEBUG] Parsing XML file: /home/sueiny/fbb_ws63/src/output/ws63/build_hso_cfg/hso_database/xml/base/closed_comp/gle_sm_proc.c.xml
[DEBUG] Parsing XML file: /home/sueiny/fbb_ws63/src/output/ws63/build_hso_cfg/hso_database/xml/base/closed_comp/lm_ble_scan_filter.c.xml
[DEBUG] Parsing XML file: /home/sueiny/fbb_ws63/src/output/ws63/build_hso_cfg/hso_database/xml/base/closed_comp/hal_csi.c.xml
[DEBUG] Parsing XML file: /home/sueiny/fbb_ws63/src/output/ws63/build_hso_cfg/hso_database/xml/base/closed_comp/gle_aa_connect_ui.c.xml
[DEBUG] Parsing XML file: /home/sueiny/fbb_ws63/src/output/ws63/build_hso_cfg/hso_database/xml/base/closed_comp/ecc_p256.c.xml
[DEBUG] Parsing XML file: /home/sueiny/fbb_ws63/src/output/ws63/build_hso_cfg/hso_database/xml/base/closed_comp/fe_equipment.c.xml
[DEBUG] Parsing XML file: /home/sueiny/fbb_ws63/src/output/ws63/build_hso_cfg/hso_database/xml/base/closed_comp/gle_dm_secu_ui.c.xml
[DEBUG] Parsing XML file: /home/sueiny/fbb_ws63/src/output/ws63/build_hso_cfg/hso_database/xml/base/closed_comp/dmac_p2p_rom.c.xml
[DEBUG] Parsing XML file: /home/sueiny/fbb_ws63/src/output/ws63/build_hso_cfg/hso_database/xml/base/closed_comp/rf_calibration_alg.c.xml
[DEBUG] Parsing XML file: /home/sueiny/fbb_ws63/src/output/ws63/build_hso_cfg/hso_database/xml/base/closed_comp/hci_if.c.xml
[DEBUG] Parsing XML file: /home/sueiny/fbb_ws63/src/output/ws63/build_hso_cfg/hso_database/xml/base/closed_comp/gap_hlp_comm.c.xml
[DEBUG] Parsing XML file: /home/sueiny/fbb_ws63/src/output/ws63/build_hso_cfg/hso_database/xml/base/closed_comp/radar_event.c.xml
[DEBUG] Parsing XML file: /home/sueiny/fbb_ws63/src/output/ws63/build_hso_cfg/hso_database/xml/base/closed_comp/evt_task_ble_scan.c.xml
[DEBUG] Parsing XML file: /home/sueiny/fbb_ws63/src/output/ws63/build_hso_cfg/hso_database/xml/base/closed_comp/evt_sched_calc.c.xml
[DEBUG] Parsing XML file: /home/sueiny/fbb_ws63/src/output/ws63/build_hso_cfg/hso_database/xml/base/closed_comp/gle_hci_data.c.xml
[DEBUG] Parsing XML file: /home/sueiny/fbb_ws63/src/output/ws63/build_hso_cfg/hso_database/xml/base/closed_comp/dmac_vap_rom.c.xml
[DEBUG] Parsing XML file: /home/sueiny/fbb_ws63/src/output/ws63/build_hso_cfg/hso_database/xml/base/closed_comp/hci_core_ram.c.xml
[DEBUG] Parsing XML file: /home/sueiny/fbb_ws63/src/output/ws63/build_hso_cfg/hso_database/xml/base/closed_comp/gle_tm_hlp.c.xml
[DEBUG] Parsing XML file: /home/sueiny/fbb_ws63/src/output/ws63/build_hso_cfg/hso_database/xml/base/closed_comp/dmac_psm_sta.c.xml
[DEBUG] Parsing XML file: /home/sueiny/fbb_ws63/src/output/ws63/build_hso_cfg/hso_database/xml/base/closed_comp/dmac_uapsd_sta_rom.c.xml
[DEBUG] Parsing XML file: /home/sueiny/fbb_ws63/src/output/ws63/build_hso_cfg/hso_database/xml/base/closed_comp/dmac_btcoex_rom.c.xml
[DEBUG] Parsing XML file: /home/sueiny/fbb_ws63/src/output/ws63/build_hso_cfg/hso_database/xml/base/closed_comp/sle_srv_dd.c.xml
[DEBUG] Parsing XML file: /home/sueiny/fbb_ws63/src/output/ws63/build_hso_cfg/hso_database/xml/base/closed_comp/gle_cm_core.c.xml
[DEBUG] Parsing XML file: /home/sueiny/fbb_ws63/src/output/ws63/build_hso_cfg/hso_database/xml/base/closed_comp/lm_chnl_scan.c.xml
[DEBUG] Parsing XML file: /home/sueiny/fbb_ws63/src/output/ws63/build_hso_cfg/hso_database/xml/base/closed_comp/dmac_btcoex.c.xml
[DEBUG] Parsing XML file: /home/sueiny/fbb_ws63/src/output/ws63/build_hso_cfg/hso_database/xml/base/closed_comp/frw_dmac_rom.c.xml
[DEBUG] Parsing XML file: /home/sueiny/fbb_ws63/src/output/ws63/build_hso_cfg/hso_database/xml/base/closed_comp/em_sed.c.xml
[DEBUG] Parsing XML file: /home/sueiny/fbb_ws63/src/output/ws63/build_hso_cfg/hso_database/xml/base/closed_comp/lm_gle_scan_act.c.xml
[DEBUG] Parsing XML file: /home/sueiny/fbb_ws63/src/output/ws63/build_hso_cfg/hso_database/xml/base/closed_comp/gle_ssap_server_ui.c.xml
[DEBUG] Parsing XML file: /home/sueiny/fbb_ws63/src/output/ws63/build_hso_cfg/hso_database/xml/base/closed_comp/gle_manager_ui.c.xml
[DEBUG] Parsing XML file: /home/sueiny/fbb_ws63/src/output/ws63/build_hso_cfg/hso_database/xml/base/closed_comp/gle_hci_send_data.c.xml
[DEBUG] Parsing XML file: /home/sueiny/fbb_ws63/src/output/ws63/build_hso_cfg/hso_database/xml/base/closed_comp/gle_isr_ram.c.xml
[DEBUG] Parsing XML file: /home/sueiny/fbb_ws63/src/output/ws63/build_hso_cfg/hso_database/xml/base/closed_comp/btsrv_gatt_client.c.xml
[DEBUG] Parsing XML file: /home/sueiny/fbb_ws63/src/output/ws63/build_hso_cfg/hso_database/xml/base/closed_comp/ble_conf.c.xml
[DEBUG] Parsing XML file: /home/sueiny/fbb_ws63/src/output/ws63/build_hso_cfg/hso_database/xml/base/closed_comp/sapi_ble_hci.c.xml
[DEBUG] Parsing XML file: /home/sueiny/fbb_ws63/src/output/ws63/build_hso_cfg/hso_database/xml/base/closed_comp/cali_tx_pwr.c.xml
[DEBUG] Parsing XML file: /home/sueiny/fbb_ws63/src/output/ws63/build_hso_cfg/hso_database/xml/base/closed_comp/sle_srv_dfx.c.xml
[DEBUG] Parsing XML file: /home/sueiny/fbb_ws63/src/output/ws63/build_hso_cfg/hso_database/xml/base/closed_comp/ble_at_gatts.c.xml
[DEBUG] Parsing XML file: /home/sueiny/fbb_ws63/src/output/ws63/build_hso_cfg/hso_database/xml/base/closed_comp/lm_ble_per_adv_fsm.c.xml
[DEBUG] Parsing XML file: /home/sueiny/fbb_ws63/src/output/ws63/build_hso_cfg/hso_database/xml/base/closed_comp/hci_link.c.xml
[DEBUG] Parsing XML file: /home/sueiny/fbb_ws63/src/output/ws63/build_hso_cfg/hso_database/xml/base/closed_comp/nv_common.c.xml
[DEBUG] Parsing XML file: /home/sueiny/fbb_ws63/src/output/ws63/build_hso_cfg/hso_database/xml/base/closed_comp/hal_rx_rom.c.xml
[DEBUG] Parsing XML file: /home/sueiny/fbb_ws63/src/output/ws63/build_hso_cfg/hso_database/xml/base/closed_comp/sle_chba_netdev_achba_msg.c.xml
[DEBUG] Parsing XML file: /home/sueiny/fbb_ws63/src/output/ws63/build_hso_cfg/hso_database/xml/base/closed_comp/lm_gle_acb_disc.c.xml
[DEBUG] Parsing XML file: /home/sueiny/fbb_ws63/src/output/ws63/build_hso_cfg/hso_database/xml/base/closed_comp/hal_mac.c.xml
[DEBUG] Parsing XML file: /home/sueiny/fbb_ws63/src/output/ws63/build_hso_cfg/hso_database/xml/base/closed_comp/lm_ble_acl_srv_data_length.c.xml
[DEBUG] Parsing XML file: /home/sueiny/fbb_ws63/src/output/ws63/build_hso_cfg/hso_database/xml/base/closed_comp/gle_dev_discovery.c.xml
[DEBUG] Parsing XML file: /home/sueiny/fbb_ws63/src/output/ws63/build_hso_cfg/hso_database/xml/base/closed_comp/alg_tpc_config_rom.c.xml
[DEBUG] Parsing XML file: /home/sueiny/fbb_ws63/src/output/ws63/build_hso_cfg/hso_database/xml/base/closed_comp/lm_ble_legacy_initiate_act.c.xml
[DEBUG] Parsing XML file: /home/sueiny/fbb_ws63/src/output/ws63/build_hso_cfg/hso_database/xml/base/closed_comp/bg_debug.c.xml
[DEBUG] Parsing XML file: /home/sueiny/fbb_ws63/src/output/ws63/build_hso_cfg/hso_database/xml/base/closed_comp/hal_mac_err_rom.c.xml
[DEBUG] Parsing XML file: /home/sueiny/fbb_ws63/src/output/ws63/build_hso_cfg/hso_database/xml/base/closed_comp/bt_thread.c.xml
[DEBUG] Parsing XML file: /home/sueiny/fbb_ws63/src/output/ws63/build_hso_cfg/hso_database/xml/base/closed_comp/btsrv_gatt_server_default_service.c.xml
[DEBUG] Parsing XML file: /home/sueiny/fbb_ws63/src/output/ws63/build_hso_cfg/hso_database/xml/base/closed_comp/ble_ahib_gatt.c.xml
[DEBUG] Parsing XML file: /home/sueiny/fbb_ws63/src/output/ws63/build_hso_cfg/hso_database/xml/base/closed_comp/sapi_gle_dfx.c.xml
[DEBUG] Parsing XML file: /home/sueiny/fbb_ws63/src/output/ws63/build_hso_cfg/hso_database/xml/base/closed_comp/hal_device_fsm_rom.c.xml
[DEBUG] Parsing XML file: /home/sueiny/fbb_ws63/src/output/ws63/build_hso_cfg/hso_database/xml/base/closed_comp/ble_at_gap.c.xml
[DEBUG] Parsing XML file: /home/sueiny/fbb_ws63/src/output/ws63/build_hso_cfg/hso_database/xml/base/closed_comp/gdk_cmsis.c.xml
[DEBUG] Parsing XML file: /home/sueiny/fbb_ws63/src/output/ws63/build_hso_cfg/hso_database/xml/base/closed_comp/bt_pll.c.xml
[DEBUG] Parsing XML file: /home/sueiny/fbb_ws63/src/output/ws63/build_hso_cfg/hso_database/xml/base/closed_comp/em_mgr.c.xml
[DEBUG] Parsing XML file: /home/sueiny/fbb_ws63/src/output/ws63/build_hso_cfg/hso_database/xml/base/closed_comp/gle_hci_ev.c.xml
[DEBUG] Parsing XML file: /home/sueiny/fbb_ws63/src/output/ws63/build_hso_cfg/hso_database/xml/base/closed_comp/btsrv_uuid.c.xml
[DEBUG] Parsing XML file: /home/sueiny/fbb_ws63/src/output/ws63/build_hso_cfg/hso_database/xml/base/closed_comp/hal_one_pkt_rom.c.xml
[DEBUG] Parsing XML file: /home/sueiny/fbb_ws63/src/output/ws63/build_hso_cfg/hso_database/xml/base/closed_comp/hal_irq.c.xml
[DEBUG] Parsing XML file: /home/sueiny/fbb_ws63/src/output/ws63/build_hso_cfg/hso_database/xml/base/closed_comp/alg_temp_protect_rom.c.xml
[DEBUG] Parsing XML file: /home/sueiny/fbb_ws63/src/output/ws63/build_hso_cfg/hso_database/xml/base/closed_comp/uapi_ble_l2cap.c.xml
[DEBUG] Parsing XML file: /home/sueiny/fbb_ws63/src/output/ws63/build_hso_cfg/hso_database/xml/base/closed_comp/evt_task_ble_adv.c.xml
[DEBUG] Parsing XML file: /home/sueiny/fbb_ws63/src/output/ws63/build_hso_cfg/hso_database/xml/base/closed_comp/dmac_tx_complete_retry_rom.c.xml
[DEBUG] Parsing XML file: /home/sueiny/fbb_ws63/src/output/ws63/build_hso_cfg/hso_database/xml/base/closed_comp/hal_phy.c.xml
[DEBUG] Parsing XML file: /home/sueiny/fbb_ws63/src/output/ws63/build_hso_cfg/hso_database/xml/base/closed_comp/ble_at_cmd_gap_test.c.xml
[DEBUG] Parsing XML file: /home/sueiny/fbb_ws63/src/output/ws63/build_hso_cfg/hso_database/xml/base/closed_comp/patch_lm_ble_ext_scan_act.c.xml
[DEBUG] Parsing XML file: /home/sueiny/fbb_ws63/src/output/ws63/build_hso_cfg/hso_database/xml/base/closed_comp/local_device_manager_ble.c.xml
[DEBUG] Parsing XML file: /home/sueiny/fbb_ws63/src/output/ws63/build_hso_cfg/hso_database/xml/base/closed_comp/remote_device_manager_ble.c.xml
[DEBUG] Parsing XML file: /home/sueiny/fbb_ws63/src/output/ws63/build_hso_cfg/hso_database/xml/base/closed_comp/evt_task_ble_ext_adv_ram.c.xml
[DEBUG] Parsing XML file: /home/sueiny/fbb_ws63/src/output/ws63/build_hso_cfg/hso_database/xml/base/closed_comp/alg_edca_opt_rom.c.xml
[DEBUG] Parsing XML file: /home/sueiny/fbb_ws63/src/output/ws63/build_hso_cfg/hso_database/xml/base/closed_comp/ahib_mpc.c.xml
[DEBUG] Parsing XML file: /home/sueiny/fbb_ws63/src/output/ws63/build_hso_cfg/hso_database/xml/base/closed_comp/gle_aa_dev_discovery_ui.c.xml
[DEBUG] Parsing XML file: /home/sueiny/fbb_ws63/src/output/ws63/build_hso_cfg/hso_database/xml/base/closed_comp/encrypt.c.xml
[DEBUG] Parsing XML file: /home/sueiny/fbb_ws63/src/output/ws63/build_hso_cfg/hso_database/xml/base/closed_comp/btsrv_task.c.xml
[DEBUG] Parsing XML file: /home/sueiny/fbb_ws63/src/output/ws63/build_hso_cfg/hso_database/xml/base/closed_comp/gle_ssap_manager.c.xml
[DEBUG] Parsing XML file: /home/sueiny/fbb_ws63/src/output/ws63/build_hso_cfg/hso_database/xml/base/closed_comp/hal_phy_event.c.xml
[DEBUG] Parsing XML file: /home/sueiny/fbb_ws63/src/output/ws63/build_hso_cfg/hso_database/xml/base/closed_comp/fe_rf_dev_attach.c.xml
[DEBUG] Parsing XML file: /home/sueiny/fbb_ws63/src/output/ws63/build_hso_cfg/hso_database/xml/base/closed_comp/gle_factory_core.c.xml
[DEBUG] Parsing XML file: /home/sueiny/fbb_ws63/src/output/ws63/build_hso_cfg/hso_database/xml/base/closed_comp/ble_ahib_manager.c.xml
[DEBUG] Parsing XML file: /home/sueiny/fbb_ws63/src/output/ws63/build_hso_cfg/hso_database/xml/base/closed_comp/gle_dev_discovery_cfm.c.xml
[DEBUG] Parsing XML file: /home/sueiny/fbb_ws63/src/output/ws63/build_hso_cfg/hso_database/xml/base/closed_comp/dmac_tx_bss_comm_rom.c.xml
[DEBUG] Parsing XML file: /home/sueiny/fbb_ws63/src/output/ws63/build_hso_cfg/hso_database/xml/base/closed_comp/hal_p2p_rom.c.xml
[DEBUG] Parsing XML file: /home/sueiny/fbb_ws63/src/output/ws63/build_hso_cfg/hso_database/xml/base/closed_comp/lm_gle_iob.c.xml
[DEBUG] Parsing XML file: /home/sueiny/fbb_ws63/src/output/ws63/build_hso_cfg/hso_database/xml/base/closed_comp/dmac_dfx_rom.c.xml
[DEBUG] Parsing XML file: /home/sueiny/fbb_ws63/src/output/ws63/build_hso_cfg/hso_database/xml/base/closed_comp/gle_sample_dev_discovery.c.xml
[DEBUG] Parsing XML file: /home/sueiny/fbb_ws63/src/output/ws63/build_hso_cfg/hso_database/xml/base/closed_comp/evt_task_ble_adv_isr.c.xml
[DEBUG] Parsing XML file: /home/sueiny/fbb_ws63/src/output/ws63/build_hso_cfg/hso_database/xml/base/closed_comp/fe_rf_customize_power.c.xml
[DEBUG] Parsing XML file: /home/sueiny/fbb_ws63/src/output/ws63/build_hso_cfg/hso_database/xml/base/closed_comp/l2cap_core.c.xml
[DEBUG] Parsing XML file: /home/sueiny/fbb_ws63/src/output/ws63/build_hso_cfg/hso_database/xml/base/closed_comp/att_gatt.c.xml
[DEBUG] Parsing XML file: /home/sueiny/fbb_ws63/src/output/ws63/build_hso_cfg/hso_database/xml/base/closed_comp/cali_online_tx_pwr.c.xml
[DEBUG] Parsing XML file: /home/sueiny/fbb_ws63/src/output/ws63/build_hso_cfg/hso_database/xml/base/closed_comp/l2cap_signal.c.xml
[DEBUG] Parsing XML file: /home/sueiny/fbb_ws63/src/output/ws63/build_hso_cfg/hso_database/xml/base/closed_comp/lm_ble_adv_legacy_act.c.xml
[DEBUG] Parsing XML file: /home/sueiny/fbb_ws63/src/output/ws63/build_hso_cfg/hso_database/xml/base/closed_comp/hal_alg_tpc.c.xml
[DEBUG] Parsing XML file: /home/sueiny/fbb_ws63/src/output/ws63/build_hso_cfg/hso_database/xml/base/closed_comp/sapi_gle_con_manager.c.xml
[DEBUG] Parsing XML file: /home/sueiny/fbb_ws63/src/output/ws63/build_hso_cfg/hso_database/xml/base/closed_comp/dmac_blockack_rom.c.xml
[DEBUG] Parsing XML file: /home/sueiny/fbb_ws63/src/output/ws63/build_hso_cfg/hso_database/xml/base/closed_comp/lm_ble_acl_ram.c.xml
[DEBUG] Parsing XML file: /home/sueiny/fbb_ws63/src/output/ws63/build_hso_cfg/hso_database/xml/base/closed_comp/lm_gle_iob_fsm.c.xml
[DEBUG] Parsing XML file: /home/sueiny/fbb_ws63/src/output/ws63/build_hso_cfg/hso_database/xml/base/closed_comp/evt_task_gle_scan.c.xml
[DEBUG] Parsing XML file: /home/sueiny/fbb_ws63/src/output/ws63/build_hso_cfg/hso_database/xml/base/closed_comp/lm_ble_acl_srv_map.c.xml
[DEBUG] Parsing XML file: /home/sueiny/fbb_ws63/src/output/ws63/build_hso_cfg/hso_database/xml/base/closed_comp/alg_tpc_rom.c.xml
[DEBUG] Parsing XML file: /home/sueiny/fbb_ws63/src/output/ws63/build_hso_cfg/hso_database/xml/base/closed_comp/ble_core.c.xml
[DEBUG] Parsing XML file: /home/sueiny/fbb_ws63/src/output/ws63/build_hso_cfg/hso_database/xml/base/closed_comp/gle_aa_factory_ui.c.xml
[DEBUG] Parsing XML file: /home/sueiny/fbb_ws63/src/output/ws63/build_hso_cfg/hso_database/xml/base/closed_comp/lm_ble_acl_fsm.c.xml
[DEBUG] Parsing XML file: /home/sueiny/fbb_ws63/src/output/ws63/build_hso_cfg/hso_database/xml/base/closed_comp/gle_glp_core.c.xml
[DEBUG] Parsing XML file: /home/sueiny/fbb_ws63/src/output/ws63/build_hso_cfg/hso_database/xml/base/closed_comp/lm_ble_acl_disc.c.xml
[DEBUG] Parsing XML file: /home/sueiny/fbb_ws63/src/output/ws63/build_hso_cfg/hso_database/xml/base/closed_comp/bt_manager.c.xml
[DEBUG] Parsing XML file: /home/sueiny/fbb_ws63/src/output/ws63/build_hso_cfg/hso_database/xml/base/closed_comp/em_rx_desc.c.xml
[DEBUG] Parsing XML file: /home/sueiny/fbb_ws63/src/output/ws63/build_hso_cfg/hso_database/xml/base/closed_comp/lm_gle_acb_srv_map.c.xml
[DEBUG] Parsing XML file: /home/sueiny/fbb_ws63/src/output/ws63/build_hso_cfg/hso_database/xml/base/closed_comp/bt_mpc.c.xml
[DEBUG] Parsing XML file: /home/sueiny/fbb_ws63/src/output/ws63/build_hso_cfg/hso_database/xml/base/closed_comp/ble_ahia_gap.c.xml
[DEBUG] Parsing XML file: /home/sueiny/fbb_ws63/src/output/ws63/build_hso_cfg/hso_database/xml/base/closed_comp/alg_probe_common_rom.c.xml
[DEBUG] Parsing XML file: /home/sueiny/fbb_ws63/src/output/ws63/build_hso_cfg/hso_database/xml/base/closed_comp/bt_vendor.c.xml
[DEBUG] Parsing XML file: /home/sueiny/fbb_ws63/src/output/ws63/build_hso_cfg/hso_database/xml/base/closed_comp/dmac_phy_event.c.xml
[DEBUG] Parsing XML file: /home/sueiny/fbb_ws63/src/output/ws63/build_hso_cfg/hso_database/xml/base/closed_comp/bgtp_sleep_sw_ram.c.xml
[DEBUG] Parsing XML file: /home/sueiny/fbb_ws63/src/output/ws63/build_hso_cfg/hso_database/xml/base/closed_comp/coex_if.c.xml
[DEBUG] Parsing XML file: /home/sueiny/fbb_ws63/src/output/ws63/build_hso_cfg/hso_database/xml/base/closed_comp/att_common.c.xml
[DEBUG] Parsing XML file: /home/sueiny/fbb_ws63/src/output/ws63/build_hso_cfg/hso_database/xml/base/closed_comp/bt_transparent_bypass.c.xml
[DEBUG] Parsing XML file: /home/sueiny/fbb_ws63/src/output/ws63/build_hso_cfg/hso_database/xml/base/closed_comp/gle_tm_manager.c.xml
[DEBUG] Parsing XML file: /home/sueiny/fbb_ws63/src/output/ws63/build_hso_cfg/hso_database/xml/base/closed_comp/gle_sample_ssap_client.c.xml
[DEBUG] Parsing XML file: /home/sueiny/fbb_ws63/src/output/ws63/build_hso_cfg/hso_database/xml/base/closed_comp/common_dft_rom.c.xml
[DEBUG] Parsing XML file: /home/sueiny/fbb_ws63/src/output/ws63/build_hso_cfg/hso_database/xml/base/closed_comp/hal_omi_rom.c.xml
[DEBUG] Parsing XML file: /home/sueiny/fbb_ws63/src/output/ws63/build_hso_cfg/hso_database/xml/base/closed_comp/evt_task_gle_adv_isr.c.xml
[DEBUG] Parsing XML file: /home/sueiny/fbb_ws63/src/output/ws63/build_hso_cfg/hso_database/xml/base/closed_comp/lm_ble_ext_scan_act.c.xml
[DEBUG] Parsing XML file: /home/sueiny/fbb_ws63/src/output/ws63/build_hso_cfg/hso_database/xml/base/closed_comp/lm_ble_acl_srv_enc_peripheral.c.xml
[DEBUG] Parsing XML file: /home/sueiny/fbb_ws63/src/output/ws63/build_hso_cfg/hso_database/xml/base/closed_comp/sle_chba_netdev_link_mng.c.xml
[DEBUG] Parsing XML file: /home/sueiny/fbb_ws63/src/output/ws63/build_hso_cfg/hso_database/xml/base/closed_comp/dm_ble_ram.c.xml
[DEBUG] Parsing XML file: /home/sueiny/fbb_ws63/src/output/ws63/build_hso_cfg/hso_database/xml/base/closed_comp/gle_aa_glp_ui.c.xml
[DEBUG] Parsing XML file: /home/sueiny/fbb_ws63/src/output/ws63/build_hso_cfg/hso_database/xml/base/closed_comp/evt_task_gle_acb.c.xml
[DEBUG] Parsing XML file: /home/sueiny/fbb_ws63/src/output/ws63/build_hso_cfg/hso_database/xml/base/closed_comp/evt_task_ble_ext_adv.c.xml
[DEBUG] Parsing XML file: /home/sueiny/fbb_ws63/src/output/ws63/build_hso_cfg/hso_database/xml/base/closed_comp/uapi_gle_ssap_client.c.xml
[DEBUG] Parsing XML file: /home/sueiny/fbb_ws63/src/output/ws63/build_hso_cfg/hso_database/xml/base/closed_comp/mac_resource_rom.c.xml
[DEBUG] Parsing XML file: /home/sueiny/fbb_ws63/src/output/ws63/build_hso_cfg/hso_database/xml/base/closed_comp/dm_ble_rpa.c.xml
[DEBUG] Parsing XML file: /home/sueiny/fbb_ws63/src/output/ws63/build_hso_cfg/hso_database/xml/base/closed_comp/hci_secu.c.xml
[DEBUG] Parsing XML file: /home/sueiny/fbb_ws63/src/output/ws63/build_hso_cfg/hso_database/xml/base/closed_comp/dmac_feature_dft_rom.c.xml
[DEBUG] Parsing XML file: /home/sueiny/fbb_ws63/src/output/ws63/build_hso_cfg/hso_database/xml/base/closed_comp/uapi_ble_gap.c.xml
[DEBUG] Parsing XML file: /home/sueiny/fbb_ws63/src/output/ws63/build_hso_cfg/hso_database/xml/base/closed_comp/alg_autorate_if_rom.c.xml
[DEBUG] Parsing XML file: /home/sueiny/fbb_ws63/src/output/ws63/build_hso_cfg/hso_database/xml/base/closed_comp/ble_ahib_hci.c.xml
[DEBUG] Parsing XML file: /home/sueiny/fbb_ws63/src/output/ws63/build_hso_cfg/hso_database/xml/base/closed_comp/ble_at_gattc.c.xml
[DEBUG] Parsing XML file: /home/sueiny/fbb_ws63/src/output/ws63/build_hso_cfg/hso_database/xml/base/closed_comp/lm_ble_initiate.c.xml
[DEBUG] Parsing XML file: /home/sueiny/fbb_ws63/src/output/ws63/build_hso_cfg/hso_database/xml/base/closed_comp/hal_radar_cali.c.xml
[DEBUG] Parsing XML file: /home/sueiny/fbb_ws63/src/output/ws63/build_hso_cfg/hso_database/xml/base/closed_comp/sle_at_ssapc.c.xml
[DEBUG] Parsing XML file: /home/sueiny/fbb_ws63/src/output/ws63/build_hso_cfg/hso_database/xml/base/closed_comp/sdk_hlp.c.xml
[DEBUG] Parsing XML file: /home/sueiny/fbb_ws63/src/output/ws63/build_hso_cfg/hso_database/xml/base/closed_comp/evt_task_ble_per_adv.c.xml
[DEBUG] Parsing XML file: /home/sueiny/fbb_ws63/src/output/ws63/build_hso_cfg/hso_database/xml/base/closed_comp/ble_isr_ram.c.xml
[DEBUG] Parsing XML file: /home/sueiny/fbb_ws63/src/output/ws63/build_hso_cfg/hso_database/xml/base/closed_comp/att_ui.c.xml
[DEBUG] Parsing XML file: /home/sueiny/fbb_ws63/src/output/ws63/build_hso_cfg/hso_database/xml/base/closed_comp/gap_period_adv.c.xml
[DEBUG] Parsing XML file: /home/sueiny/fbb_ws63/src/output/ws63/build_hso_cfg/hso_database/xml/base/closed_comp/bg_conf.c.xml
[DEBUG] Parsing XML file: /home/sueiny/fbb_ws63/src/output/ws63/build_hso_cfg/hso_database/xml/base/closed_comp/hal_chan_mgmt_rom.c.xml
[DEBUG] Parsing XML file: /home/sueiny/fbb_ws63/src/output/ws63/build_hso_cfg/hso_database/xml/base/closed_comp/gle_hci_cmd.c.xml
[DEBUG] Parsing XML file: /home/sueiny/fbb_ws63/src/output/ws63/build_hso_cfg/hso_database/xml/base/closed_comp/ble_at_common.c.xml
[DEBUG] Parsing XML file: /home/sueiny/fbb_ws63/src/output/ws63/build_hso_cfg/hso_database/xml/base/closed_comp/bgtp_sleep_sw.c.xml
[DEBUG] Parsing XML file: /home/sueiny/fbb_ws63/src/output/ws63/build_hso_cfg/hso_database/xml/base/closed_comp/bt_data_config.c.xml
[DEBUG] Parsing XML file: /home/sueiny/fbb_ws63/src/output/ws63/build_hso_cfg/hso_database/xml/base/closed_comp/bt_desktop.c.xml
[DEBUG] Parsing XML file: /home/sueiny/fbb_ws63/src/output/ws63/build_hso_cfg/hso_database/xml/base/closed_comp/evt_task_comm.c.xml
[DEBUG] Parsing XML file: /home/sueiny/fbb_ws63/src/output/ws63/build_hso_cfg/hso_database/xml/base/closed_comp/ble_ahia_hci.c.xml
[DEBUG] Parsing XML file: /home/sueiny/fbb_ws63/src/output/ws63/build_hso_cfg/hso_database/xml/base/closed_comp/hal_alg_txbf_rom.c.xml
[DEBUG] Parsing XML file: /home/sueiny/fbb_ws63/src/output/ws63/build_hso_cfg/hso_database/xml/base/closed_comp/fe_rf_dev.c.xml
[DEBUG] Parsing XML file: /home/sueiny/fbb_ws63/src/output/ws63/build_hso_cfg/hso_database/xml/base/closed_comp/lm_gle_acb_srv_set_evt_param.c.xml
[DEBUG] Parsing XML file: /home/sueiny/fbb_ws63/src/output/ws63/build_hso_cfg/hso_database/xml/base/closed_comp/evt_task_gle_imb.c.xml
[DEBUG] Parsing XML file: /home/sueiny/fbb_ws63/src/output/ws63/build_hso_cfg/hso_database/xml/base/closed_comp/dmac_user_rom.c.xml
[DEBUG] Parsing XML file: /home/sueiny/fbb_ws63/src/output/ws63/build_hso_cfg/hso_database/xml/base/closed_comp/hci_ev_le.c.xml
[DEBUG] Parsing XML file: /home/sueiny/fbb_ws63/src/output/ws63/build_hso_cfg/hso_database/xml/base/closed_comp/dmac_apf_rom.c.xml
[DEBUG] Parsing XML file: /home/sueiny/fbb_ws63/src/output/ws63/build_hso_cfg/hso_database/xml/base/closed_comp/dmac_latency_stat_rom.c.xml
[DEBUG] Parsing XML file: /home/sueiny/fbb_ws63/src/output/ws63/build_hso_cfg/hso_database/xml/base/closed_comp/dmac_psm_sta_rom.c.xml
[DEBUG] Parsing XML file: /home/sueiny/fbb_ws63/src/output/ws63/build_hso_cfg/hso_database/xml/base/closed_comp/stack_mpc.c.xml
[DEBUG] Parsing XML file: /home/sueiny/fbb_ws63/src/output/ws63/build_hso_cfg/hso_database/xml/base/closed_comp/sapi_ble_adv.c.xml
[DEBUG] Parsing XML file: /home/sueiny/fbb_ws63/src/output/ws63/build_hso_cfg/hso_database/xml/base/closed_comp/hdlmgnt.c.xml
[DEBUG] Parsing XML file: /home/sueiny/fbb_ws63/src/output/ws63/build_hso_cfg/hso_database/xml/base/closed_comp/sdk_bta_if.c.xml
[DEBUG] Parsing XML file: /home/sueiny/fbb_ws63/src/output/ws63/build_hso_cfg/hso_database/xml/base/closed_comp/evt_task_ble_scan_ram.c.xml
[DEBUG] Parsing XML file: /home/sueiny/fbb_ws63/src/output/ws63/build_hso_cfg/hso_database/xml/base/closed_comp/alg_rts_rom.c.xml
[DEBUG] Parsing XML file: /home/sueiny/fbb_ws63/src/output/ws63/build_hso_cfg/hso_database/xml/base/closed_comp/gle_aa_manager_ui.c.xml
[DEBUG] Parsing XML file: /home/sueiny/fbb_ws63/src/output/ws63/build_hso_cfg/hso_database/xml/base/closed_comp/gle_ssap_client_ui.c.xml
[DEBUG] Parsing XML file: /home/sueiny/fbb_ws63/src/output/ws63/build_hso_cfg/hso_database/xml/base/closed_comp/hal_tbtt_rom.c.xml
[DEBUG] Parsing XML file: /home/sueiny/fbb_ws63/src/output/ws63/build_hso_cfg/hso_database/xml/base/closed_comp/dm_co_ram.c.xml
[DEBUG] Parsing XML file: /home/sueiny/fbb_ws63/src/output/ws63/build_hso_cfg/hso_database/xml/base/closed_comp/lm_ble_ext_initiate_act.c.xml
[DEBUG] Parsing XML file: /home/sueiny/fbb_ws63/src/output/ws63/build_hso_cfg/hso_database/xml/base/closed_comp/dmac_alg_rom.c.xml
[DEBUG] Parsing XML file: /home/sueiny/fbb_ws63/src/output/ws63/build_hso_cfg/hso_database/xml/base/closed_comp/evt_task_ble_adv_ram.c.xml
[DEBUG] Parsing XML file: /home/sueiny/fbb_ws63/src/output/ws63/build_hso_cfg/hso_database/xml/base/closed_comp/hal_phy_rom.c.xml
[DEBUG] Parsing XML file: /home/sueiny/fbb_ws63/src/output/ws63/build_hso_cfg/hso_database/xml/base/closed_comp/dmac_forward_main.c.xml
[DEBUG] Parsing XML file: /home/sueiny/fbb_ws63/src/output/ws63/build_hso_cfg/hso_database/xml/base/closed_comp/dts_hci.c.xml
[DEBUG] Parsing XML file: /home/sueiny/fbb_ws63/src/output/ws63/build_hso_cfg/hso_database/xml/base/closed_comp/alg_compatibility_rom.c.xml
[DEBUG] Parsing XML file: /home/sueiny/fbb_ws63/src/output/ws63/build_hso_cfg/hso_database/xml/base/closed_comp/em_map_ram.c.xml
[DEBUG] Parsing XML file: /home/sueiny/fbb_ws63/src/output/ws63/build_hso_cfg/hso_database/xml/base/closed_comp/dmac_slp.c.xml
[DEBUG] Parsing XML file: /home/sueiny/fbb_ws63/src/output/ws63/build_hso_cfg/hso_database/xml/base/closed_comp/lm_gle_test_mode_fsm.c.xml
[DEBUG] Parsing XML file: /home/sueiny/fbb_ws63/src/output/ws63/build_hso_cfg/hso_database/xml/base/closed_comp/evt_task_gle_iob.c.xml
[DEBUG] Parsing XML file: /home/sueiny/fbb_ws63/src/output/ws63/build_hso_cfg/hso_database/xml/base/closed_comp/sle_chba_netdev_thread.c.xml
[DEBUG] Parsing XML file: /home/sueiny/fbb_ws63/src/output/ws63/build_hso_cfg/hso_database/xml/base/closed_comp/evt_task_ble_per_sync.c.xml
[DEBUG] Parsing XML file: /home/sueiny/fbb_ws63/src/output/ws63/build_hso_cfg/hso_database/xml/base/closed_comp/dmac_data_sample_rom.c.xml
[DEBUG] Parsing XML file: /home/sueiny/fbb_ws63/src/output/ws63/build_hso_cfg/hso_database/xml/base/closed_comp/btsv_l2cap_chan.c.xml
[DEBUG] Parsing XML file: /home/sueiny/fbb_ws63/src/output/ws63/build_hso_cfg/hso_database/xml/base/closed_comp/gle_cm_ui.c.xml
[DEBUG] Parsing XML file: /home/sueiny/fbb_ws63/src/output/ws63/build_hso_cfg/hso_database/xml/base/closed_comp/hal_vap_rom.c.xml
[DEBUG] Parsing XML file: /home/sueiny/fbb_ws63/src/output/ws63/build_hso_cfg/hso_database/xml/base/closed_comp/radar_adl_track_fsm.c.xml
[DEBUG] Parsing XML file: /home/sueiny/fbb_ws63/src/output/ws63/build_hso_cfg/hso_database/xml/base/closed_comp/lm_ble_acl_srv_cs.c.xml
[DEBUG] Parsing XML file: /home/sueiny/fbb_ws63/src/output/ws63/build_hso_cfg/hso_database/xml/base/closed_comp/gle_hci_ui.c.xml
[DEBUG] Parsing XML file: /home/sueiny/fbb_ws63/src/output/ws63/build_hso_cfg/hso_database/xml/base/closed_comp/dmac_csi_rom.c.xml
[DEBUG] Parsing XML file: /home/sueiny/fbb_ws63/src/output/ws63/build_hso_cfg/hso_database/xml/base/closed_comp/lm_gle_initiate_fsm.c.xml
[DEBUG] Parsing XML file: /home/sueiny/fbb_ws63/src/output/ws63/build_hso_cfg/hso_database/xml/base/closed_comp/frw_main.c.xml
[DEBUG] Parsing XML file: /home/sueiny/fbb_ws63/src/output/ws63/build_hso_cfg/hso_database/xml/base/closed_comp/lm_gle_initiate_act.c.xml
[DEBUG] Parsing XML file: /home/sueiny/fbb_ws63/src/output/ws63/build_hso_cfg/hso_database/xml/base/closed_comp/evt_task_gle_scan_isr.c.xml
[DEBUG] Parsing XML file: /home/sueiny/fbb_ws63/src/output/ws63/build_hso_cfg/hso_database/xml/base/closed_comp/evt_task_ble_cs.c.xml
[DEBUG] Parsing XML file: /home/sueiny/fbb_ws63/src/output/ws63/build_hso_cfg/hso_database/xml/base/closed_comp/em_tx_buff.c.xml
[DEBUG] Parsing XML file: /home/sueiny/fbb_ws63/src/output/ws63/build_hso_cfg/hso_database/xml/base/closed_comp/em_tx_desc.c.xml
[DEBUG] Parsing XML file: /home/sueiny/fbb_ws63/src/output/ws63/build_hso_cfg/hso_database/xml/base/closed_comp/uapi_ble_hid.c.xml
[DEBUG] Parsing XML file: /home/sueiny/fbb_ws63/src/output/ws63/build_hso_cfg/hso_database/xml/base/closed_comp/alg_autorate_basic_rom.c.xml
[DEBUG] Parsing XML file: /home/sueiny/fbb_ws63/src/output/ws63/build_hso_cfg/hso_database/xml/base/closed_comp/enc_ke_ecc.c.xml
[DEBUG] Parsing XML file: /home/sueiny/fbb_ws63/src/output/ws63/build_hso_cfg/hso_database/xml/base/closed_comp/gle_glp_ui.c.xml
[DEBUG] Parsing XML file: /home/sueiny/fbb_ws63/src/output/ws63/build_hso_cfg/hso_database/xml/base/closed_comp/gle_sample_ssap_server.c.xml
[DEBUG] Parsing XML file: /home/sueiny/fbb_ws63/src/output/ws63/build_hso_cfg/hso_database/xml/base/closed_comp/alg_autorate_rom.c.xml
[DEBUG] Parsing XML file: /home/sueiny/fbb_ws63/src/output/ws63/build_hso_cfg/hso_database/xml/base/closed_comp/dmac_rx_data_rom.c.xml
[DEBUG] Parsing XML file: /home/sueiny/fbb_ws63/src/output/ws63/build_hso_cfg/hso_database/xml/base/closed_comp/lm_ble_acl_srv_uhd_upd.c.xml
[DEBUG] Parsing XML file: /home/sueiny/fbb_ws63/src/output/ws63/build_hso_cfg/hso_database/xml/base/closed_comp/evt_task_ble_test_mode.c.xml
[DEBUG] Parsing XML file: /home/sueiny/fbb_ws63/src/output/ws63/build_hso_cfg/hso_database/xml/base/closed_comp/lm_ble_per_adv.c.xml
[DEBUG] Parsing XML file: /home/sueiny/fbb_ws63/src/output/ws63/build_hso_cfg/hso_database/xml/base/closed_comp/sle_at_cm.c.xml
[DEBUG] Parsing XML file: /home/sueiny/fbb_ws63/src/output/ws63/build_hso_cfg/hso_database/xml/base/closed_comp/fe_rf_customize_rssi_comp.c.xml
[DEBUG] Parsing XML file: /home/sueiny/fbb_ws63/src/output/ws63/build_hso_cfg/hso_database/xml/base/closed_comp/lm_ble_per_sync.c.xml
[DEBUG] Parsing XML file: /home/sueiny/fbb_ws63/src/output/ws63/build_hso_cfg/hso_database/xml/base/closed_comp/dmac_param.c.xml
[DEBUG] Parsing XML file: /home/sueiny/fbb_ws63/src/output/ws63/build_hso_cfg/hso_database/xml/base/closed_comp/sapi_gle_trans_manager.c.xml
[DEBUG] Parsing XML file: /home/sueiny/fbb_ws63/src/output/ws63/build_hso_cfg/hso_database/xml/base/closed_comp/hal_power.c.xml
[DEBUG] Parsing XML file: /home/sueiny/fbb_ws63/src/output/ws63/build_hso_cfg/hso_database/xml/base/closed_comp/bt_rf_config.c.xml
[DEBUG] Parsing XML file: /home/sueiny/fbb_ws63/src/output/ws63/build_hso_cfg/hso_database/xml/base/closed_comp/oal_mem_rom.c.xml
[DEBUG] Parsing XML file: /home/sueiny/fbb_ws63/src/output/ws63/build_hso_cfg/hso_database/xml/base/closed_comp/alg_tpc_probe_rom.c.xml
[DEBUG] Parsing XML file: /home/sueiny/fbb_ws63/src/output/ws63/build_hso_cfg/hso_database/xml/base/closed_comp/evt_sched_ram.c.xml
[DEBUG] Parsing XML file: /home/sueiny/fbb_ws63/src/output/ws63/build_hso_cfg/hso_database/xml/base/closed_comp/gle_hci_qos.c.xml
[DEBUG] Parsing XML file: /home/sueiny/fbb_ws63/src/output/ws63/build_hso_cfg/hso_database/xml/base/closed_comp/hal_chip.c.xml
[DEBUG] Parsing XML file: /home/sueiny/fbb_ws63/src/output/ws63/build_hso_cfg/hso_database/xml/base/closed_comp/bt_tran_task.c.xml
[DEBUG] Parsing XML file: /home/sueiny/fbb_ws63/src/output/ws63/build_hso_cfg/hso_database/xml/base/closed_comp/hal_power_rom.c.xml
[DEBUG] Parsing XML file: /home/sueiny/fbb_ws63/src/output/ws63/build_hso_cfg/hso_database/xml/base/closed_comp/gle_dev_discovery_ui.c.xml
[DEBUG] Parsing XML file: /home/sueiny/fbb_ws63/src/output/ws63/build_hso_cfg/hso_database/xml/base/closed_comp/gle_ssap_manager_ui.c.xml
[DEBUG] Parsing XML file: /home/sueiny/fbb_ws63/src/output/ws63/build_hso_cfg/hso_database/xml/base/closed_comp/fe_rf_customize_power_cali.c.xml
[DEBUG] Parsing XML file: /home/sueiny/fbb_ws63/src/output/ws63/build_hso_cfg/hso_database/xml/base/closed_comp/evt_prog_ram.c.xml
[DEBUG] Parsing XML file: /home/sueiny/fbb_ws63/src/output/ws63/build_hso_cfg/hso_database/xml/base/closed_comp/hal_coex_reg.c.xml
[DEBUG] Parsing XML file: /home/sueiny/fbb_ws63/src/output/ws63/build_hso_cfg/hso_database/xml/base/closed_comp/gle_sm_ui.c.xml
[DEBUG] Parsing XML file: /home/sueiny/fbb_ws63/src/output/ws63/build_hso_cfg/hso_database/xml/base/closed_comp/lm_gle_acb_srv_pwr_ctrl.c.xml
[DEBUG] Parsing XML file: /home/sueiny/fbb_ws63/src/output/ws63/build_hso_cfg/hso_database/xml/base/closed_comp/bgtp_pmu_fsm.c.xml
[DEBUG] Parsing XML file: /home/sueiny/fbb_ws63/src/output/ws63/build_hso_cfg/hso_database/xml/base/closed_comp/uapi_gle_trans_manager.c.xml
[DEBUG] Parsing XML file: /home/sueiny/fbb_ws63/src/output/ws63/build_hso_cfg/hso_database/xml/base/closed_comp/lm_ble_acl.c.xml
[DEBUG] Parsing XML file: /home/sueiny/fbb_ws63/src/output/ws63/build_hso_cfg/hso_database/xml/base/closed_comp/sapi_ble_dev_manager.c.xml
[DEBUG] Parsing XML file: /home/sueiny/fbb_ws63/src/output/ws63/build_hso_cfg/hso_database/xml/base/closed_comp/uapi_gle_manager.c.xml
[DEBUG] Parsing XML file: /home/sueiny/fbb_ws63/src/output/ws63/build_hso_cfg/hso_database/xml/base/closed_comp/dmac_psm_ap_rom.c.xml
[100%] Built target HSO_DB
data size:  16
finally size:  64
[!][copy_files_to_interim] File `/home/sueiny/fbb_ws63/src/output/ws63/acore/ws63-ssb/ssb.bin` not found, will skip it !
[!][copy_files_to_interim] File `/home/sueiny/fbb_ws63/src/output/ws63/acore/ws63-ssb/ssb_sign.bin` not found, will skip it !
[!][copy_files_to_interim] File `/home/sueiny/fbb_ws63/src/output/ws63/acore/ws63-liteos-hilink/ws63-liteos-hilink.bin` not found, will skip it !
[!][copy_files_to_interim] File `/home/sueiny/fbb_ws63/src/output/ws63/acore/ws63-liteos-hilink/ws63-liteos-hilink-sign.bin` not found, will skip it !
[*] romboot not found, codepoint files will not be one!
current work direction:  /home/sueiny/fbb_ws63/src
NV file reading:  ./output/ws63/acore/nv_bin/temp/cfg/acore_nv.json
nv xml writing in:  ./output/ws63/database/cco/system/hdbcfg/mss_nvi_db.xml
struct file reading:  ./output/ws63/acore/nv_bin/temp/acore.etypes
struct writing in: ./output/ws63/database/cco/system/nv/nv_struct_def.txt
packet app
['/home/sueiny/fbb_ws63/src/output/ws63/acore/boot_bin/root_loaderboot_sign.bin', '/home/sueiny/fbb_ws63/src/output/ws63/acore/param_bin/root_params_sign.bin', '/home/sueiny/fbb_ws63/src/output/ws63/acore/boot_bin/ssb_sign.bin', '/home/sueiny/fbb_ws63/src/output/ws63/acore/boot_bin/flashboot_sign.bin', '/home/sueiny/fbb_ws63/src/output/ws63/acore/boot_bin/flashboot_backup_sign.bin', '/home/sueiny/fbb_ws63/src/output/ws63/acore/nv_bin/ws63_all_nv.bin', '/home/sueiny/fbb_ws63/src/output/ws63/acore/ws63-liteos-app/ws63-liteos-app-sign.bin']
[0, 2097152, 2105344, 2228224, 2162688, 6275072, 2293760]
[2097152, 1920, 21696, 49472, 49472, 16384, 1303040]
[31808, 1920, 21696, 49472, 49472, 8192, 1303040]
[0, 1, 1, 1, 1, 1, 1]
['/home/sueiny/fbb_ws63/src/output/ws63/acore/boot_bin/root_loaderboot_sign.bin', '/home/sueiny/fbb_ws63/src/output/ws63/acore/ws63-liteos-app/ws63-liteos-app-sign.bin']
[0, 2293760]
[2097152, 1303040]
[31808, 1303040]
[0, 1]
not windows.
python path:  /usr/bin/python3
flashboot start build .....
['/usr/bin/python3', 'build.py', '-c', 'ws63-flashboot']
loaderboot start build .....
['/usr/bin/python3', 'build.py', '-c', 'ws63-loaderboot']
[ws63][acore] run custom cmd success!
/home/sueiny/fbb_ws63/src/build/script/./../../config.in
/home/sueiny/fbb_ws63/src
Kconfig header saved to '/home/sueiny/fbb_ws63/src/output/ws63/acore/ws63-liteos-app/mconfig.h'
######### Build target:ws63_liteos_app success
ws63-liteos-app takes 22.376965 s
python path:  /usr/bin/python3
generate_efuse_bin ing...
['/usr/bin/python3', '/home/sueiny/fbb_ws63/src/build/config/target_config/ws63/script/efuse_cfg_gen.py']
generate_efuse_bin done!
copy_files_to_interim ing...
['/usr/bin/python3', '/home/sueiny/fbb_ws63/src/build/config/target_config/ws63/script/copy_files_to_interim.py', '/home/sueiny/fbb_ws63/src']
copy_files_to_interim done!
generate rom_in_one ing...
['sh', '/home/sueiny/fbb_ws63/src/build/config/target_config/ws63/script/rom_in_one.sh', '/home/sueiny/fbb_ws63/src', 'ws63-liteos-app']
generate rom_in_one done!
['/usr/bin/python3', '/home/sueiny/fbb_ws63/src/build/config/target_config/ws63/script/nv_handle.py']
[ws63][acore] run custom cmd success!
packet ing...
['/usr/bin/python3', '/home/sueiny/fbb_ws63/src/tools/pkg/packet.py', 'ws63', 'ws63-liteos-app', '']
packet success!
